_id,Agency,City,Vehicles Involved,Trailers Involved,Number Injured,Number Dead,Number Deer,House Number,Roadway Interchange,Roadway Ramp,Roadway Id,Intersecting Road,Interchange,Feet From,Direction,Latitude,Longitude,Roadway Class,Hit and Run?,Locality,School Zone?,Rumble Strips?,Construction?,Construction Type,Light Condition,Weather Conditions,Surface Condition,Type of Median,Roadway Junction Type,Road Character,Roadway Surface,Primary Factor,Manner of Collision,Unique Location Id,Traffic Control,DateTime,Address Number,Cyclist Involved,Pedestrian Involved
502,BLOOMINGTON PD,BLOOMINGTON,2,0.0,0.0,0,0,,,,W COUNTRY CLUB DR,,,1000.0,W,39.1361717,-86.54194713,LOCAL/CITY RD,N,URBAN,N,N,N,,DAYLIGHT,CLEAR,DRY,,NO JUNCTION INVOLVED,STRAIGHT/LEVEL,ASPHALT,FOLLOWING TOO CLOSELY,REAR END,800BLKWCOUNTRYCLUBDRSROGERSST,NONE,2021-11-05 09:08:00,,,
503,BLOOMINGTON PD,BLOOMINGTON,2,0.0,0.0,0,0,,,,E RHORER RD,S WALNUT ST,,,,39.12144,-86.526496,LOCAL/CITY RD,N,URBAN,N,N,N,,DAYLIGHT,CLEAR,DRY,,FOUR-WAY INTERSECTION,STRAIGHT/GRADE,ASPHALT,UNSAFE BACKING,BACKING CRASH,ERHORERRDSWALNUTST,TRAFFIC CONTROL SIGNAL,2021-11-05 10:26:00,,,
504,BLOOMINGTON PD,BLOOMINGTON,1,0.0,1.0,0,0,,,,S HIGHLAND AVE,ENTRANCE TO YMCA,,,,0.0,0.0,LOCAL/CITY RD,N,URBAN,N,N,N,,DAYLIGHT,CLEAR,DRY,,T-INTERSECTION,STRAIGHT/GRADE,ASPHALT,FAILURE TO YIELD RIGHT OF WAY,LEFT TURN,PRIVATEDRSHIGHLANDAVE,LN CONTROL,2021-11-05 10:55:00,,True,
505,BLOOMINGTON PD,BLOOMINGTON,2,0.0,0.0,0,0,,,,S WALNUT ST,E DAVIS ST,,20.0,N,39.15633333,-86.533752,LOCAL/CITY RD,N,URBAN,N,N,N,,DAYLIGHT,CLEAR,DRY,,INTERCHANGE,STRAIGHT/LEVEL,ASPHALT,UNSAFE LN MOVEMENT,SAME DIRECTION SIDESWIPE,EDAVISSTSWALNUTST,NONE,2021-11-05 11:23:00,,,
506,BLOOMINGTON PD,BLOOMINGTON,2,0.0,0.0,0,0,301,,,E BRAESIDE DR,,,,,39.169448,-86.495896,UNKNOWN,N,URBAN,N,N,N,,DAYLIGHT,CLEAR,DRY,,NO JUNCTION INVOLVED,NON-RDWAY CRASH,ASPHALT,UNSAFE BACKING,BACKING CRASH,NPETEELLISDR,NONE,2021-11-05 11:42:00,,,
507,BLOOMINGTON PD,BLOOMINGTON,1,0.0,1.0,0,0,,,,N COLLEGE AVE,W 6TH ST,,,,39.167648,-86.534784,LOCAL/CITY RD,N,URBAN,N,N,N,,DAYLIGHT,CLEAR,DRY,,FOUR-WAY INTERSECTION,STRAIGHT/LEVEL,ASPHALT,PEDESTRIAN ACTION,OTHER - EXPLAIN IN NARRATIVE,NCOLLEGEAVEW6THST,TRAFFIC CONTROL SIGNAL,2021-11-05 16:10:00,,,True
508,MONROE SD,BLOOMINGTON,1,0.0,0.0,0,0,,,,S WALNUT ST PK,,,1500.0,N,39.26560424,-86.531496,COUNTY RD,N,URBAN,N,N,N,,DAYLIGHT,CLEAR,DRY,,NO JUNCTION INVOLVED,STRAIGHT/GRADE,ASPHALT,RAN OFF RD RIGHT,RAN OFF RD,FAIRFAXRDWALNUTSTPK,NONE,2021-11-05 16:16:00,,,
509,ELLETTSVILLE PD,ELLETTSVILLE,2,0.0,0.0,0,0,,,,ST RD 46,,,1000.0,W,39.25235528,-86.65536348,ST RD,N,RURAL,N,N,Y,INTERMITTENT OR MOVING WORK,DAYLIGHT,CLEAR,DRY,,NO JUNCTION INVOLVED,STRAIGHT/GRADE,ASPHALT,FAILURE TO YIELD RIGHT OF WAY,LEFT TURN,FLATWOODSRDSSR8400W,LN CONTROL,2021-11-05 17:13:00,,,
510,INDIANA UNIV BLOOMINGTON PD,BLOOMINGTON,1,0.0,1.0,0,0,,,,N UNION ST,E 10TH ST,,,,39.171564,-86.509445,LOCAL/CITY RD,N,URBAN,N,N,N,,DAWN/DUSK,CLEAR,DRY,,FOUR-WAY INTERSECTION,STRAIGHT/LEVEL,ASPHALT,FAILURE TO YIELD RIGHT OF WAY,LEFT TURN,TENTHSTUNIONST,TRAFFIC CONTROL SIGNAL,2021-11-05 17:15:00,,,True
511,INDIANA UNIV BLOOMINGTON PD,BLOOMINGTON,2,0.0,0.0,0,0,,,,ST RD 46,E 7TH ST,,,,39.1671018,-86.4997353,ST RD,N,URBAN,N,Y,N,,DAYLIGHT,CLEAR,DRY,,NO JUNCTION INVOLVED,STRAIGHT/LEVEL,ASPHALT,UNSAFE LN MOVEMENT,LEFT TURN,SEVENTHSTST RD 46,NONE,2021-11-05 17:35:00,,,
512,BLOOMINGTON PD,BLOOMINGTON,2,0.0,0.0,0,0,,,,N GATES DR,W RUNKLE WAY,,25.0,S,39.16370427,-86.575982,LOCAL/CITY RD,N,URBAN,N,N,N,,DAYLIGHT,CLEAR,DRY,,T-INTERSECTION,STRAIGHT/LEVEL,ASPHALT,FAILURE TO YIELD RIGHT OF WAY,RIGHT ANGLE,NGATESDRWRUNKLEWAY,STOP SIGN,2021-11-05 17:36:00,,,
513,BLOOMINGTON PD,BLOOMINGTON,4,0.0,0.0,0,0,,,,S WALNUT ST,W GRIMES LN,,,,39.15344,-86.5336,LOCAL/CITY RD,N,URBAN,N,N,N,,DAWN/DUSK,CLEAR,DRY,,FOUR-WAY INTERSECTION,STRAIGHT/LEVEL,ASPHALT,FAILURE TO YIELD RIGHT OF WAY,HEAD ON BETWEEN TWO MOTOR VEHICLES,EASTGRIMESLNSOUTHWALNUTST,TRAFFIC CONTROL SIGNAL,2021-11-05 17:45:00,,,
514,BLOOMINGTON PD,BLOOMINGTON,2,0.0,0.0,0,0,,,,W KIRKWOOD AVE,S COLLEGE AVE,,,,39.16664,-86.5348,LOCAL/CITY RD,N,URBAN,N,N,N,,DARK (LIGHTED),CLEAR,DRY,,FOUR-WAY INTERSECTION,STRAIGHT/GRADE,ASPHALT,IMPROPER TURNING,RIGHT TURN,SCOLLEGEAVEWKIRKWOODAVE,TRAFFIC CONTROL SIGNAL,2021-11-05 21:14:00,,,
515,BLOOMINGTON PD,BLOOMINGTON,2,0.0,0.0,0,0,,,,S COLLEGE MALL RD,E BUICK CADILLAC BLVD,,,,39.15816,-86.497792,LOCAL/CITY RD,Y,URBAN,N,N,N,,DARK (LIGHTED),CLEAR,DRY,,FOUR-WAY INTERSECTION,STRAIGHT/LEVEL,ASPHALT,UNSAFE LN MOVEMENT,OTHER - EXPLAIN IN NARRATIVE,BUICKCADILLACBLVDCOLLEGEMALLRD,TRAFFIC CONTROL SIGNAL,2021-11-05 21:34:00,,,
516,BLOOMINGTON PD,BLOOMINGTON,2,0.0,0.0,0,0,,,,W 4TH ST,,,150.0,E,39.16568,-86.537296,LOCAL/CITY RD,N,URBAN,N,N,N,,DARK (NOT LIGHTED),CLEAR,DRY,,NO JUNCTION INVOLVED,STRAIGHT/LEVEL,CONCRETE,UNSAFE LN MOVEMENT,SAME DIRECTION SIDESWIPE,SOUTHMADISONSTWEST4THST,NONE,2021-11-05 22:10:00,,,
517,BLOOMINGTON PD,BLOOMINGTON,1,0.0,0.0,0,1,,,,S SARE RD,E DAVID DR,,,,39.138576,-86.496552,LOCAL/CITY RD,N,URBAN,N,N,N,,DARK (LIGHTED),CLEAR,DRY,,T-INTERSECTION,STRAIGHT/LEVEL,ASPHALT,ANIMAL/OBJECT IN RDWAY,COLLISION WITH DEER,DAVIDDRSSARERD,NONE,2021-11-04 04:50:00,,,
518,MONROE SD,BLOOMINGTON,1,0.0,0.0,0,1,,,,ST RD 46,,,1000.0,W,39.15285526,-86.39266882,ST RD,N,RURAL,N,N,N,,DARK (NOT LIGHTED),CLEAR,DRY,,NO JUNCTION INVOLVED,STRAIGHT/LEVEL,ASPHALT,ANIMAL/OBJECT IN RDWAY,COLLISION WITH ANIMAL OTHER,NBRUMMETTSCREEKRDST RD 46E,LN CONTROL,2021-11-04 06:41:00,,,
519,ELLETTSVILLE PD,ELLETTSVILLE,2,1.0,0.0,0,0,600,,,ST RD 46,N HARTSTRAIT RD,,100.0,E,39.2342267,-86.62491366,LOCAL/CITY RD,N,URBAN,N,N,N,,DAYLIGHT,CLEAR,DRY,,NO JUNCTION INVOLVED,STRAIGHT/LEVEL,ASPHALT,FAILURE TO YIELD RIGHT OF WAY,RIGHT TURN,600ETEMPERANCESTHARTSTRAITRD,LN CONTROL,2021-11-04 09:05:00,,,
520,BLOOMINGTON PD,BLOOMINGTON,2,0.0,0.0,0,0,,,,ST RD 45/46,N KINSER PK,,,,39.186544,-86.537888,ST RD,N,URBAN,N,N,N,,DAYLIGHT,CLEAR,DRY,,FOUR-WAY INTERSECTION,STRAIGHT/GRADE,ASPHALT,UNSAFE LN MOVEMENT,SAME DIRECTION SIDESWIPE,NKINSERPKST RD 4546 W,TRAFFIC CONTROL SIGNAL,2021-11-04 09:32:00,,,
521,BLOOMINGTON PD,BLOOMINGTON,2,0.0,0.0,0,0,,,,W 3RD ST,S KIMBLE DR,,,,39.164538,-86.5679847,LOCAL/CITY RD,N,URBAN,N,N,N,,DAYLIGHT,CLEAR,DRY,,FOUR-WAY INTERSECTION,STRAIGHT/LEVEL,ASPHALT,DISREGARD SIGNAL/REG SIGN,RIGHT ANGLE,SKIMBLEDRW 3RDST,TRAFFIC CONTROL SIGNAL,2021-11-04 11:18:00,,,
522,BLOOMINGTON PD,BLOOMINGTON,2,0.0,1.0,0,0,,,,S COLLEGE AVE,W 2ND ST,,,,39.161366,-86.534943,LOCAL/CITY RD,N,URBAN,N,N,N,,DAYLIGHT,CLEAR,DRY,,FOUR-WAY INTERSECTION,STRAIGHT/LEVEL,ASPHALT,UNSAFE LN MOVEMENT,SAME DIRECTION SIDESWIPE,SCOLLEGEAVEW 2NDST,LN CONTROL,2021-11-04 12:32:00,,,
523,BLOOMINGTON PD,BLOOMINGTON,2,0.0,0.0,0,0,2700,,,W 3RD ST,S FRANKLIN RD,,,,39.16448573,-86.57199747,LOCAL/CITY RD,N,URBAN,N,N,N,,DAYLIGHT,CLEAR,DRY,,FOUR-WAY INTERSECTION,STRAIGHT/LEVEL,CONCRETE,FOLLOWING TOO CLOSELY,REAR END,2700W 3RDST69RAMP,TRAFFIC CONTROL SIGNAL,2021-11-04 12:55:00,,,
524,BLOOMINGTON PD,BLOOMINGTON,2,0.0,1.0,0,0,,,,N MADISON ST,W 6TH ST,,,,39.167575,-86.53741,LOCAL/CITY RD,N,URBAN,N,N,N,,DAYLIGHT,CLEAR,DRY,,FOUR-WAY INTERSECTION,STRAIGHT/LEVEL,ASPHALT,FAILURE TO YIELD RIGHT OF WAY,HEAD ON BETWEEN TWO MOTOR VEHICLES,6THSTMADISONST,STOP SIGN,2021-11-04 13:05:00,,,
525,BLOOMINGTON PD,BLOOMINGTON,4,0.0,0.0,0,0,,,,W 3RD ST,S WALNUT ST,,,,39.16464,-86.5336,LOCAL/CITY RD,N,URBAN,N,N,N,,DAYLIGHT,CLEAR,DRY,,FOUR-WAY INTERSECTION,STRAIGHT/LEVEL,ASPHALT,FOLLOWING TOO CLOSELY,REAR END,E 3RDSTSWALNUTST,LN CONTROL,2021-11-04 13:59:00,,,
526,BLOOMINGTON PD,BLOOMINGTON,2,0.0,3.0,0,0,,,,S LEONARD SPRINGS RD,W TAPP RD,,,,39.13704,-86.582512,LOCAL/CITY RD,N,URBAN,N,N,N,,DAYLIGHT,CLEAR,DRY,,T-INTERSECTION,STRAIGHT/LEVEL,ASPHALT,FAILURE TO YIELD RIGHT OF WAY,LEFT TURN,SLEONARDSPRINGSRDWTAPPRD,STOP SIGN,2021-11-04 15:55:00,,,
527,MONROE SD,BLOOMINGTON,2,0.0,0.0,0,0,,,,S SNODDY RD,,,1100.0,N,39.121584,-86.489744,LOCAL/CITY RD,N,RURAL,N,N,N,,DAYLIGHT,CLEAR,DRY,,NO JUNCTION INVOLVED,STRAIGHT/GRADE,ASPHALT,UNSAFE SPEED,LEFT TURN,EASTRHORERRDSOUTHSNODDYRD,NONE,2021-11-04 17:06:00,,,
528,BLOOMINGTON PD,BLOOMINGTON,2,0.0,0.0,0,0,815,,,N OOLITIC DR,,,,,39.17445714,-86.55360457,LOCAL/CITY RD,Y,URBAN,N,N,N,,DARK (NOT LIGHTED),CLEAR,DRY,,T-INTERSECTION,STRAIGHT/GRADE,ASPHALT,VIEW OBSTRUCTED,LEFT TURN,NOOLITICDR,NONE,2021-11-04 19:57:00,,,
529,INDIANA UNIV BLOOMINGTON PD,BLOOMINGTON,3,0.0,1.0,0,0,,,,E 10TH ST,N UNION ST,,,,39.171564,-86.509445,LOCAL/CITY RD,N,URBAN,N,N,N,,DARK (NOT LIGHTED),CLEAR,DRY,,FOUR-WAY INTERSECTION,STRAIGHT/GRADE,ASPHALT,DRIVER DISTRACTED - EXPLAIN IN NARRATIVE,REAR END,TENTHSTUNIONST,TRAFFIC CONTROL SIGNAL,2021-11-04 20:50:00,,,
530,BLOOMINGTON PD,BLOOMINGTON,1,0.0,0.0,0,0,,,,W CLUBHOUSE DR,,,800.0,E,,,LOCAL/CITY RD,N,RURAL,N,N,N,,DARK (NOT LIGHTED),CLEAR,DRY,,NO JUNCTION INVOLVED,CURVE/LEVEL,ASPHALT,RAN OFF RD RIGHT,RAN OFF RD,NKINSERPKWCLUBHOUSEDR,NONE,2021-11-04 21:59:00,,,
531,MONROE SD,BLOOMINGTON,1,0.0,0.0,0,0,,,,E BETHEL LN,,,2000.0,W,39.2151765,-86.51162671,COUNTY RD,Y,RURAL,N,N,N,,DARK (NOT LIGHTED),CLEAR,DRY,,NO JUNCTION INVOLVED,CURVE/GRADE,ASPHALT,RAN OFF RD RIGHT,RAN OFF RD,BETHELLNHINKLERD,LN CONTROL,2021-11-03 03:16:00,,,
532,BLOOMINGTON PD,BLOOMINGTON,1,,0.0,0,0,,,,ST RD 446,S HASTINGS DR,,0.0,,39.1574603,-86.4715468,ST RD,,URBAN,N,N,N,,DARK (NOT LIGHTED),CLEAR,DRY,,NO JUNCTION INVOLVED,,ASPHALT,OVERCORRECTING/OVERSTEERING,RAN OFF RD,SST RD 446SHASTINGSDR,,2021-11-03 07:03:00,,,
533,INDIANA UNIV BLOOMINGTON PD,BLOOMINGTON,1,0.0,0.0,0,1,,,,ST RD 45/46,N HEADLEY RD,,,,0.0,0.0,ST RD,N,URBAN,N,N,N,,DAYLIGHT,CLEAR,DRY,,NO JUNCTION INVOLVED,STRAIGHT/LEVEL,ASPHALT,ANIMAL/OBJECT IN RDWAY,COLLISION WITH DEER,EBALFOURSTST RD 46,LN CONTROL,2021-11-03 09:00:00,,,
534,BLOOMINGTON PD,BLOOMINGTON,2,0.0,0.0,0,0,,,,E COVENANTER DR,S COLLEGE MALL RD,,,,39.155152,-86.497888,LOCAL/CITY RD,N,URBAN,N,N,N,,DAYLIGHT,CLEAR,DRY,,FOUR-WAY INTERSECTION,STRAIGHT/LEVEL,ASPHALT,FAILURE TO YIELD RIGHT OF WAY,RIGHT ANGLE,ECOVENANTERDRSCOLLEGEMALLRD,TRAFFIC CONTROL SIGNAL,2021-11-03 09:16:00,,,
535,MONROE SD,BLOOMINGTON,1,0.0,1.0,0,0,,,,N MAPLE GROVE RD,,,852.0,S,39.13268062,-86.569675,LOCAL/CITY RD,N,RURAL,N,N,N,,DAYLIGHT,CLEAR,DRY,,NO JUNCTION INVOLVED,CURVE/GRADE,ASPHALT,RAN OFF RD RIGHT,RAN OFF RD,NMAPLEGROVERDWLOSTMANSLN,LN CONTROL,2021-11-03 09:17:00,,,
536,BLOOMINGTON PD,BLOOMINGTON,2,0.0,0.0,0,0,,,,W BLOOMFIELD RD,S LANDMARK AVE,,,,39.159933,-86.55386,LOCAL/CITY RD,N,URBAN,N,N,N,,DAYLIGHT,CLEAR,DRY,,FOUR-WAY INTERSECTION,STRAIGHT/LEVEL,ASPHALT,FOLLOWING TOO CLOSELY,REAR END,SLANDMARKAVEWBLOOMFIELDRD,NONE,2021-11-03 11:39:00,,,
537,INDIANA UNIV BLOOMINGTON PD,BLOOMINGTON,2,0.0,0.0,0,0,,,,ST RD 45/46,,,800.0,N,0.0,0.0,ST RD,N,URBAN,N,N,N,,DAYLIGHT,CLEAR,DRY,,NO JUNCTION INVOLVED,CURVE/LEVEL,ASPHALT,UNSAFE LN MOVEMENT,SAME DIRECTION SIDESWIPE,10THSTST RD 46N,NONE,2021-11-03 11:40:00,,,
538,INDIANA UNIV BLOOMINGTON PD,BLOOMINGTON,2,0.0,0.0,0,0,,,,E 3RD ST,S EAGLESON AVE,,50.0,W,39.164263,-86.51638967,LOCAL/CITY RD,Y,URBAN,N,N,N,,DAYLIGHT,CLEAR,DRY,,NO JUNCTION INVOLVED,STRAIGHT/LEVEL,ASPHALT,FOLLOWING TOO CLOSELY,REAR END,3RDSTEAGLESON AVEAVE,NONE,2021-11-03 12:01:00,,,
539,BLOOMINGTON PD,BLOOMINGTON,3,0.0,2.0,0,0,812,,,N WOODBRIDGE DR,,,,,39.1740775,-86.4923603,UNKNOWN,N,URBAN,N,N,N,,DAYLIGHT,CLEAR,DRY,,NO JUNCTION INVOLVED,STRAIGHT/LEVEL,ASPHALT,FAILURE TO YIELD RIGHT OF WAY,RIGHT ANGLE,NWOODBRIDGEDR,NONE,2021-11-03 12:17:00,,,
540,INDIANA UNIV BLOOMINGTON PD,BLOOMINGTON,2,0.0,0.0,0,0,,,,E 10TH ST,N JEFFERSON ST,,,,39.171648,-86.507088,LOCAL/CITY RD,N,URBAN,N,N,N,,DAYLIGHT,CLEAR,DRY,,T-INTERSECTION,STRAIGHT/LEVEL,ASPHALT,VIEW OBSTRUCTED,REAR END,10THSTJEFFERSONST,NONE,2021-11-03 12:49:00,,,
541,INDIANA UNIV BLOOMINGTON PD,BLOOMINGTON,2,0.0,0.0,0,0,213,,,S UNION ST,E 3RD ST,,100.0,N,39.164352,-86.5088,LOCAL/CITY RD,Y,URBAN,N,N,N,,UNKNOWN,CLEAR,DRY,,NO JUNCTION INVOLVED,STRAIGHT/LEVEL,ASPHALT,UNSAFE LN MOVEMENT,SAME DIRECTION SIDESWIPE,3RDSTSUNIONST,NONE,2021-11-03 13:30:00,,,
542,INDIANA UNIV BLOOMINGTON PD,BLOOMINGTON,2,0.0,0.0,0,0,,,,ST RD 45,ST RD 46,,,,0.0,0.0,ST RD,N,URBAN,N,N,N,,DAYLIGHT,CLEAR,DRY,,NO JUNCTION INVOLVED,STRAIGHT/LEVEL,ASPHALT,IMPROPER LN USAGE,SAME DIRECTION SIDESWIPE,ST RD 46UNIONVILLERD,NONE,2021-11-03 15:10:00,,,
543,BLOOMINGTON PD,BLOOMINGTON,2,0.0,0.0,0,0,,,,S PATTERSON DR,W ISAACS DR,,,,39.16342,-86.551249,LOCAL/CITY RD,N,URBAN,N,N,N,,DAYLIGHT,BLOWING SAND/SOIL/SNOW,DRY,,FOUR-WAY INTERSECTION,STRAIGHT/LEVEL,ASPHALT,FAILURE TO YIELD RIGHT OF WAY,RIGHT ANGLE,SPATTERSONDRW 3RDST,STOP SIGN,2021-11-03 16:07:00,,,
544,MONROE SD,BLOOMINGTON,2,0.0,0.0,0,0,,,,ST RD 37,W DILLMAN RD,,,,39.092976,-86.545648,ST RD,N,RURAL,N,N,Y,LN CLOSURE,DAYLIGHT,CLEAR,DRY,,FOUR-WAY INTERSECTION,STRAIGHT/LEVEL,ASPHALT,FAILURE TO YIELD RIGHT OF WAY,LEFT TURN,S ST RD 37WDILLMANRD,TRAFFIC CONTROL SIGNAL,2021-11-03 16:31:00,,,
545,BLOOMINGTON PD,BLOOMINGTON,2,0.0,0.0,0,0,,,,W BLOOMFIELD RD,W ALLEN ST,,,,39.156144,-86.561296,LOCAL/CITY RD,N,URBAN,N,N,N,,DAYLIGHT,CLEAR,DRY,,T-INTERSECTION,STRAIGHT/GRADE,ASPHALT,FAILURE TO YIELD RIGHT OF WAY,LEFT TURN,WESTALLENSTWESTBLOOMFIELDRD,STOP SIGN,2021-11-03 16:45:00,,,
546,BLOOMINGTON PD,BLOOMINGTON,2,0.0,0.0,0,0,,,,S SARE RD,E RHORER RD,,,,39.121462,-86.511559,LOCAL/CITY RD,N,URBAN,Y,N,N,,DAYLIGHT,CLEAR,DRY,,T-INTERSECTION,STRAIGHT/LEVEL,ASPHALT,FOLLOWING TOO CLOSELY,REAR END,ERHORERRDSSARERD,STOP SIGN,2021-11-03 17:02:00,,,
547,BLOOMINGTON PD,BLOOMINGTON,2,0.0,2.0,0,0,,,,W ARLINGTON RD,W GOURLEY PK,,,,39.186544,-86.551168,LOCAL/CITY RD,N,URBAN,N,N,N,,DAYLIGHT,CLEAR,DRY,,FOUR-WAY INTERSECTION,STRAIGHT/GRADE,ASPHALT,FAILURE TO YIELD RIGHT OF WAY,HEAD ON BETWEEN TWO MOTOR VEHICLES,WESTARLINGTONRDWESTGOURLEYPK,LN CONTROL,2021-11-03 17:33:00,,,
548,MONROE SD,BLOOMINGTON,1,0.0,0.0,0,1,,,,N UNION VALLEY RD,W DELAP RD,,,,39.251789,-86.59287,COUNTY RD,N,URBAN,N,N,N,,DAWN/DUSK,CLEAR,DRY,,NO JUNCTION INVOLVED,STRAIGHT/GRADE,ASPHALT,ANIMAL/OBJECT IN RDWAY,RAN OFF RD,DELAPRDUNIONVALLEYRD,NONE,2021-11-03 18:37:00,,,
549,ISP BLOOMINGTON 33,BLOOMINGTON,1,,0.0,0,1,,,,ST RD 37,,,0.0,,39.02886153,-86.53414538,,,RURAL,N,N,N,,DARK (NOT LIGHTED),CLEAR,DRY,,NO JUNCTION INVOLVED,,ASPHALT,ANIMAL/OBJECT IN RDWAY,COLLISION WITH DEER,StateRd3790.8,,2021-11-03 22:00:00,,,
550,BLOOMINGTON PD,BLOOMINGTON,2,0.0,0.0,0,0,,,,E 3RD ST,S BRYAN AVE,,,,39.16432,-86.50824,LOCAL/CITY RD,Y,URBAN,N,N,N,,DARK (NOT LIGHTED),CLEAR,DRY,,FOUR-WAY INTERSECTION,STRAIGHT/LEVEL,ASPHALT,FOLLOWING TOO CLOSELY,REAR END,SBRYANAVEW 3RDST,TRAFFIC CONTROL SIGNAL,2021-11-02 01:40:00,,,
551,MONROE SD,BLOOMINGTON,2,0.0,0.0,0,0,,,,S ROCKPORT RD,W HUESTON WAY,,200.0,S,39.09189007,-86.5716538,COUNTY RD,Y,RURAL,N,N,N,,DARK (LIGHTED),CLEAR,DRY,,NO JUNCTION INVOLVED,CURVE/GRADE,ASPHALT,LEFT OF CENTER,SAME DIRECTION SIDESWIPE,SROCKPORTRDWHUESTONWAY,LN CONTROL,2021-11-02 06:15:00,,,
552,BLOOMINGTON PD,BLOOMINGTON,2,0.0,0.0,0,0,,,,ST RD 46,E 10TH ST,,,,0.0,0.0,LOCAL/CITY RD,N,URBAN,N,N,N,,DAYLIGHT,CLOUDY,DRY,,FOUR-WAY INTERSECTION,STRAIGHT/LEVEL,ASPHALT,FOLLOWING TOO CLOSELY,REAR END,E 10THSTSTRD46BYP,NONE,2021-11-02 08:58:00,,,
553,ELLETTSVILLE PD,ELLETTSVILLE,1,0.0,1.0,0,0,6002,,,ST RD 46,,,1000.0,E,39.227624,-86.61600561,ST RD,N,URBAN,N,N,N,,DAYLIGHT,CLEAR,DRY,,NO JUNCTION INVOLVED,STRAIGHT/LEVEL,ASPHALT,RAN OFF RD RIGHT,RAN OFF RD,HARTSTRAITRDST RD 46 W,OTHER REGULATORY SIGN/MARKING,2021-11-02 12:19:00,,,
554,BLOOMINGTON PD,BLOOMINGTON,2,0.0,0.0,0,0,,,,N COLLEGE AVE,W 10TH ST,,,,39.171744,-86.534768,LOCAL/CITY RD,N,URBAN,N,N,N,,DAYLIGHT,CLEAR,DRY,,FOUR-WAY INTERSECTION,STRAIGHT/GRADE,ASPHALT,IMPROPER TURNING,SAME DIRECTION SIDESWIPE,NORTHCOLLEGEAVEWEST10THST,TRAFFIC CONTROL SIGNAL,2021-11-02 13:02:00,,,
555,BLOOMINGTON PD,BLOOMINGTON,3,0.0,1.0,0,0,,,,ST RD 46,E ASTGATE LN (S),,,,39.17024,-86.501392,ST RD,N,URBAN,N,N,N,,DAYLIGHT,CLEAR,DRY,,T-INTERSECTION,STRAIGHT/LEVEL,ASPHALT,FOLLOWING TOO CLOSELY,REAR END,EEASTGATELNST RD 46N,TRAFFIC CONTROL SIGNAL,2021-11-02 15:03:00,,,
556,BLOOMINGTON PD,BLOOMINGTON,2,0.0,0.0,0,0,,,,E 3RD ST,S WOODSCREST DR,,,,39.164272,-86.502416,LOCAL/CITY RD,N,URBAN,N,N,N,,DAWN/DUSK,CLEAR,DRY,,FOUR-WAY INTERSECTION,STRAIGHT/LEVEL,ASPHALT,IMPROPER LN USAGE,SAME DIRECTION SIDESWIPE,E 3RDSTSWOODCRESTDR,TRAFFIC CONTROL SIGNAL,2021-11-02 15:12:00,,,
557,BLOOMINGTON PD,BLOOMINGTON,2,0.0,0.0,0,0,,,,S COLLEGE MALL RD,E COVENANTER DR,,,,39.1551603,-86.4977833,LOCAL/CITY RD,N,URBAN,N,N,N,,DARK (LIGHTED),CLEAR,DRY,,FOUR-WAY INTERSECTION,STRAIGHT/LEVEL,ASPHALT,FOLLOWING TOO CLOSELY,REAR END,ECOVENANTERDRSCOLLEGEMALLRD,TRAFFIC CONTROL SIGNAL,2021-11-02 19:14:00,,,
558,BLOOMINGTON PD,BLOOMINGTON,1,0.0,0.0,0,1,,,,W TAPP RD,S KEGG RD,,,,39.13651,-86.560361,LOCAL/CITY RD,N,URBAN,N,N,N,,DARK (NOT LIGHTED),CLEAR,DRY,,T-INTERSECTION,STRAIGHT/LEVEL,ASPHALT,ANIMAL/OBJECT IN RDWAY,COLLISION WITH DEER,KEGGRDTAPPRD,NONE,2021-11-02 22:00:00,,,
559,BLOOMINGTON PD,BLOOMINGTON,2,0.0,0.0,0,0,2036,,,WALNUT KNOLLS APARTMENT DR,,,,,39.232544,-86.540704,LOCAL/CITY RD,Y,URBAN,N,N,N,,UNKNOWN,,,,NO JUNCTION INVOLVED,STRAIGHT/LEVEL,ASPHALT,OVERCORRECTING/OVERSTEERING,SAME DIRECTION SIDESWIPE,NWALNUTST,NONE,2021-11-01 08:58:00,,,
560,MONROE SD,BLOOMINGTON,2,0.0,0.0,0,0,,,,ST RD 45,W ELWREN RD,,,,39.107648,-86.643696,ST RD,N,RURAL,N,N,Y,LN CLOSURE,DAYLIGHT,CLEAR,DRY,,FOUR-WAY INTERSECTION,STRAIGHT/LEVEL,ASPHALT,UNSAFE BACKING,REAR END,ELWRENRDST RD 45 W,OFFICER/CROSSING GUARD/FLAGMAN,2021-11-01 10:21:00,,,
561,ELLETTSVILLE PD,ELLETTSVILLE,2,0.0,0.0,0,0,,,,S SALE ST,W VINE ST,,50.0,S,39.23428268,-86.6241832,LOCAL/CITY RD,N,URBAN,N,N,N,,DAYLIGHT,CLEAR,DRY,,NO JUNCTION INVOLVED,STRAIGHT/LEVEL,ASPHALT,FAILURE TO YIELD RIGHT OF WAY,SAME DIRECTION SIDESWIPE,SALESTVINEST,LN CONTROL,2021-11-01 11:36:00,,,