_id,Agency,City,Vehicles Involved,Trailers Involved,Number Injured,Number Dead,Number Deer,House Number,Roadway Interchange,Roadway Ramp,Roadway Id,Intersecting Road,Interchange,Feet From,Direction,Latitude,Longitude,Roadway Class,Hit and Run?,Locality,School Zone?,Rumble Strips?,Construction?,Construction Type,Light Condition,Weather Conditions,Surface Condition,Type of Median,Roadway Junction Type,Road Character,Roadway Surface,Primary Factor,Manner of Collision,Unique Location Id,Traffic Control,DateTime,Address Number,Cyclist Involved,Pedestrian Involved
562,BLOOMINGTON PD,BLOOMINGTON,2,0.0,0.0,0,0,,,,W 6TH ST,N COLLEGE AVE,,,,39.167648,-86.534784,LOCAL/CITY RD,N,URBAN,N,N,N,,DAYLIGHT,CLEAR,DRY,,FOUR-WAY INTERSECTION,STRAIGHT/LEVEL,ASPHALT,UNSAFE BACKING,BACKING CRASH,NCOLLEGEAVEW6THST,LN CONTROL,2021-11-01 12:40:00,,,
563,MONROE SD,BLOOMINGTON,2,0.0,0.0,0,0,,,,S LIBERTY DR,INDIANA RAILRD,,,,0.0,0.0,COUNTY RD,N,URBAN,N,N,N,,DAYLIGHT,CLEAR,DRY,,RAILRD CROSSINGS,CURVE/LEVEL,ASPHALT,LEFT OF CENTER,OPPOSITE DIRECTION SIDESWIPE,INDIANARAILRDXINGSLIBERTYDR,LN CONTROL,2021-11-01 13:00:00,,,
564,ELLETTSVILLE PD,ELLETTSVILLE,1,0.0,0.0,0,0,,,,N MATTHEWS DR,N SENIOR DR,,,,0.0,0.0,LOCAL/CITY RD,N,URBAN,N,N,N,,DAYLIGHT,CLOUDY,DRY,,T-INTERSECTION,STRAIGHT/GRADE,ASPHALT,ACCELERATOR FAILURE OR DEFECTIVE,RAN OFF RD,MATTHEWSDRSENIORDR,NONE,2021-11-01 15:30:00,,,
565,BLOOMINGTON PD,BLOOMINGTON,1,0.0,1.0,0,0,,,,E 1ST,S BALLANTINE RD,,,,39.159344,-86.519088,LOCAL/CITY RD,N,URBAN,Y,N,N,,DAYLIGHT,CLOUDY,DRY,,T-INTERSECTION,STRAIGHT/GRADE,ASPHALT,BRAKE FAILURE OR DEFECTIVE,RIGHT ANGLE,EAST1STSTSOUTHBALLANTINERD,STOP SIGN,2021-11-01 16:59:00,,True,
566,BLOOMINGTON PD,BLOOMINGTON,2,0.0,0.0,0,0,,,,S COLLEGE MALL RD,E MOORES PK,,200.0,N,39.150448,-86.498,LOCAL/CITY RD,Y,URBAN,N,N,N,,DAYLIGHT,CLOUDY,DRY,,FOUR-WAY INTERSECTION,STRAIGHT/GRADE,ASPHALT,FAILURE TO YIELD RIGHT OF WAY,RIGHT ANGLE,EASTMOORESPKSOUTHCOLLEGEMALLRD,LN CONTROL,2021-11-01 17:48:00,,,
567,BLOOMINGTON PD,BLOOMINGTON,2,0.0,0.0,0,0,,,,N GRANT ST,E KIRKWOOD AVE,,,,39.16664,-86.529696,LOCAL/CITY RD,Y,URBAN,N,N,N,,DARK (NOT LIGHTED),CLEAR,DRY,,FOUR-WAY INTERSECTION,STRAIGHT/LEVEL,ASPHALT,FOLLOWING TOO CLOSELY,REAR END,EKIRKWOODAVENGRANTST,STOP SIGN,2021-11-01 19:40:00,,,
568,BLOOMINGTON PD,BLOOMINGTON,2,0.0,0.0,0,0,,,,S COLLEGE MALL RD,E COVENANTER DR,,,,39.155152,-86.497888,LOCAL/CITY RD,N,URBAN,N,N,N,,DARK (LIGHTED),CLEAR,DRY,,FOUR-WAY INTERSECTION,STRAIGHT/LEVEL,CONCRETE,DISREGARD SIGNAL/REG SIGN,RIGHT ANGLE,EASTCOVENANTERDRSOUTHCOLLEGEMALLRD,TRAFFIC CONTROL SIGNAL,2021-11-01 21:00:00,,,
569,MONROE SD,BLOOMINGTON,1,0.0,0.0,0,1,,,,ST RD 43,W HOWARD,,,,0.0,0.0,ST RD,N,RURAL,N,N,N,,DARK (NOT LIGHTED),CLEAR,DRY,,T-INTERSECTION,CURVE/GRADE,ASPHALT,ANIMAL/OBJECT IN RDWAY,COLLISION WITH DEER,HOWARDRDST RD 43N,NONE,2021-11-01 21:01:00,,,
570,BLOOMINGTON PD,BLOOMINGTON,2,0.0,0.0,0,0,,,,W 4TH ST,S MADISON ST,,50.0,E,39.16568,-86.537296,LOCAL/CITY RD,Y,URBAN,N,N,N,,DAYLIGHT,CLEAR,DRY,,FOUR-WAY INTERSECTION,STRAIGHT/LEVEL,ASPHALT,UNSAFE LN MOVEMENT,SAME DIRECTION SIDESWIPE,SMADISONSTW4THST,STOP SIGN,2021-10-31 14:50:00,,,
571,MONROE SD,BLOOMINGTON,2,0.0,0.0,0,0,,,,I-69 N,,,100.0,S,0.0,0.0,INTERSTATE,N,RURAL,N,Y,N,,DAYLIGHT,CLEAR,DRY,,NO JUNCTION INVOLVED,CURVE/LEVEL,CONCRETE,DRIVER ASLEEP OR FATIGUED,REAR END,I-69 N105,NONE,2021-10-31 17:20:00,,,
572,BLOOMINGTON PD,BLOOMINGTON,2,0.0,1.0,0,0,,,,E MOORES PK,S SARE RD,,,,39.150448,-86.4992,LOCAL/CITY RD,N,URBAN,N,N,N,,DARK (LIGHTED),CLEAR,DRY,,FOUR-WAY INTERSECTION,CURVE/GRADE,ASPHALT,DISREGARD SIGNAL/REG SIGN,RIGHT ANGLE,EMOORESPKSSARERD,TRAFFIC CONTROL SIGNAL,2021-10-31 19:39:00,,,
573,MONROE SD,BLOOMINGTON,2,0.0,0.0,0,0,,120,S,I-69 S,ST RD 45/46,,,,0.0,0.0,ST RD,N,RURAL,N,Y,N,,DARK (LIGHTED),CLEAR,DRY,,RAMP,STRAIGHT/GRADE,ASPHALT,LEFT OF CENTER,LEFT TURN,SR69S,TRAFFIC CONTROL SIGNAL,2021-10-31 21:21:00,,,
574,BLOOMINGTON PD,BLOOMINGTON,2,0.0,0.0,0,0,,,,E 4TH ST,S HILLSDALE DR,,75.0,E,39.16584,-86.503392,LOCAL/CITY RD,N,URBAN,N,N,N,,DARK (NOT LIGHTED),CLOUDY,DRY,,NO JUNCTION INVOLVED,STRAIGHT/LEVEL,ASPHALT,UNSAFE BACKING,BACKING CRASH,EAST4THSTSOUTHHILLSDALEDR,NONE,2021-10-30 01:30:00,,,
575,BLOOMINGTON PD,BLOOMINGTON,2,0.0,0.0,0,0,,,,S LINCOLN ST,E SMITH AVE,,,,39.162848,-86.53104,LOCAL/CITY RD,N,URBAN,Y,N,Y,LN CLOSURE,DAYLIGHT,RAIN,WET,,FOUR-WAY INTERSECTION,STRAIGHT/GRADE,ASPHALT,OVERCORRECTING/OVERSTEERING,LEFT TURN,ESMITHAVESLINCOLNST,NONE,2021-10-30 08:53:00,,,
576,ISP BLOOMINGTON 33,BLOOMINGTON,2,,0.0,0,0,,,,N GATES DR,W JACOB DR,,0.0,,39.16564252,-86.57600345,LOCAL/CITY RD,,URBAN,N,N,N,,DAYLIGHT,CLOUDY,DRY,,T-INTERSECTION,,ASPHALT,FAILURE TO YIELD RIGHT OF WAY,RIGHT ANGLE,WJacobDrNGatesDr,,2021-10-30 10:46:00,,,
577,MONROE SD,BLOOMINGTON,1,0.0,0.0,0,0,,123,5,I-69 S,N ST RD 37,,,,0.0,0.0,INTERSTATE,N,URBAN,N,N,N,,DAYLIGHT,RAIN,WET,,RAMP,CURVE/GRADE,CONCRETE,SPEED TOO FAST FOR WEATHER CONDITIONS,RAN OFF RD,I-69S,NONE,2021-10-30 11:30:00,,,
578,MONROE SD,BLOOMINGTON,2,0.0,1.0,0,0,,,,ST RD 37,S WALNUT ST,,,,39.085632,-86.542304,ST RD,N,RURAL,N,Y,Y,LN CLOSURE,DAYLIGHT,CLEAR,DRY,,FOUR-WAY INTERSECTION,STRAIGHT/LEVEL,ASPHALT,DRIVER DISTRACTED - EXPLAIN IN NARRATIVE,REAR END,SOLDST RD 37RDN ST RD 37,TRAFFIC CONTROL SIGNAL,2021-10-30 12:07:00,,,
579,BLOOMINGTON PD,BLOOMINGTON,2,0.0,0.0,0,0,,,,E 7TH ST,N GRANT ST,,,,39.16864,-86.529696,LOCAL/CITY RD,N,URBAN,N,N,N,,DAYLIGHT,CLOUDY,WET,,FOUR-WAY INTERSECTION,STRAIGHT/LEVEL,ASPHALT,FAILURE TO YIELD RIGHT OF WAY,RIGHT ANGLE,E7THSTNGRANTST,STOP SIGN,2021-10-30 13:18:00,,,
580,BLOOMINGTON PD,BLOOMINGTON,2,0.0,1.0,0,0,,,,ST RD 45,E DISCOVERY PKWY,,,,39.171474,-86.495398,LOCAL/CITY RD,N,URBAN,N,N,N,,DAYLIGHT,CLOUDY,WET,,FOUR-WAY INTERSECTION,STRAIGHT/LEVEL,ASPHALT,FOLLOWING TOO CLOSELY,REAR END,DISCOVERYPKWYE 10THST,TRAFFIC CONTROL SIGNAL,2021-10-30 13:36:00,,,
581,MONROE SD,BLOOMINGTON,1,0.0,0.0,0,0,,,,ST RD 45,E MARTIN DR,,250.0,W,39.2041871,-86.46362007,ST RD,N,RURAL,N,N,N,,DAYLIGHT,RAIN,WET,,T-INTERSECTION,CURVE/GRADE,ASPHALT,RAN OFF RD RIGHT,RAN OFF RD,EMARTINDRST RD 45E,LN CONTROL,2021-10-30 13:39:00,,,
582,BLOOMINGTON PD,BLOOMINGTON,2,0.0,0.0,0,0,,,,ST RD 45/46,N WALNUT ST,,,,39.186368,-86.5344,LOCAL/CITY RD,N,URBAN,N,N,N,,DAYLIGHT,CLOUDY,DRY,,FOUR-WAY INTERSECTION,STRAIGHT/LEVEL,ASPHALT,FOLLOWING TOO CLOSELY,REAR END,NWALNUTSTST RD 4546BYP,TRAFFIC CONTROL SIGNAL,2021-10-30 13:56:00,,,
583,INDIANA UNIV BLOOMINGTON PD,BLOOMINGTON,2,0.0,0.0,0,0,,,,E 3RD ST,S EAGLESON AVE,,,,39.164263,-86.516394,LOCAL/CITY RD,N,URBAN,N,N,N,,DAYLIGHT,CLOUDY,DRY,,FOUR-WAY INTERSECTION,STRAIGHT/LEVEL,ASPHALT,UNSAFE LN MOVEMENT,SAME DIRECTION SIDESWIPE,EAGLESON AVEAVE 3RDST,TRAFFIC CONTROL SIGNAL,2021-10-30 14:35:00,,,
584,MONROE SD,BLOOMINGTON,1,0.0,0.0,0,0,,,,E ROBINSON RD,N HILLSAMER RD,,1000.0,E,39.2510158,-86.47011277,COUNTY RD,N,RURAL,N,N,N,,DAYLIGHT,CLOUDY,WET,,NO JUNCTION INVOLVED,CURVE/LEVEL,ASPHALT,UNSAFE SPEED,RAN OFF RD,NMILLERRDROBINSONRD,NONE,2021-10-30 15:29:00,,,
585,BLOOMINGTON PD,BLOOMINGTON,2,0.0,0.0,0,0,,,,I-69 S,ST RD 48,,,,39.164524,-86.573263,INTERSTATE,N,URBAN,N,N,N,,DAYLIGHT,CLOUDY,DRY,,RAMP,STRAIGHT/LEVEL,ASPHALT,FOLLOWING TOO CLOSELY,REAR END,I-69SW 3RDST,TRAFFIC CONTROL SIGNAL,2021-10-30 15:55:00,,,
586,BLOOMINGTON PD,BLOOMINGTON,2,0.0,0.0,0,0,,,,W BLOOMFIELD RD,S BASSWOOD DR,,,,39.1498172,-86.5689428,LOCAL/CITY RD,N,URBAN,N,N,N,,DAYLIGHT,CLOUDY,DRY,,FOUR-WAY INTERSECTION,STRAIGHT/LEVEL,ASPHALT,FOLLOWING TOO CLOSELY,REAR END,SBASSWOODDRWBLOOMFIELDRD,TRAFFIC CONTROL SIGNAL,2021-10-30 16:00:00,,,
587,BLOOMINGTON PD,BLOOMINGTON,2,0.0,0.0,0,0,,,Y,ST RD 48,I-69 S,,,,39.1645785,-86.57301649,LOCAL/CITY RD,Y,URBAN,N,N,N,,DARK (LIGHTED),RAIN,WET,,FOUR-WAY INTERSECTION,STRAIGHT/LEVEL,ASPHALT,FAILURE TO YIELD RIGHT OF WAY,OPPOSITE DIRECTION SIDESWIPE,I-69EXITNORTHBOUNDEXTW 3RDST,TRAFFIC CONTROL SIGNAL,2021-10-30 19:05:00,,,
588,BLOOMINGTON PD,BLOOMINGTON,2,0.0,0.0,0,0,,,,ST RD 46,S COLLEGE MALL RD,,,,39.16424,-86.4984,LOCAL/CITY RD,N,URBAN,N,N,N,,DAYLIGHT,CLOUDY,WET,,FOUR-WAY INTERSECTION,STRAIGHT/LEVEL,ASPHALT,IMPROPER LN USAGE,SAME DIRECTION SIDESWIPE,E 3RDSTSCOLLEGEMALLRD,TRAFFIC CONTROL SIGNAL,2021-10-30 19:12:00,,,
589,BLOOMINGTON PD,BLOOMINGTON,2,0.0,0.0,0,0,,,,S WASHINGTON ST,E HILLSIDE DR,,,,39.15056,-86.5324,LOCAL/CITY RD,N,URBAN,N,N,N,,DARK (LIGHTED),RAIN,WET,,T-INTERSECTION,STRAIGHT/LEVEL,ASPHALT,FAILURE TO YIELD RIGHT OF WAY,RIGHT ANGLE,EHILLSIDEDRSWASHINGTONST,STOP SIGN,2021-10-30 19:12:00,,,
590,BLOOMINGTON PD,BLOOMINGTON,2,0.0,0.0,0,0,,,,E 3RD ST,S DUNN ST,,,,39.164448,-86.528096,LOCAL/CITY RD,N,URBAN,N,N,N,,DARK (LIGHTED),RAIN,WET,,FOUR-WAY INTERSECTION,CURVE/LEVEL,ASPHALT,SPEED TOO FAST FOR WEATHER CONDITIONS,REAR END,DUNNST3RDST,TRAFFIC CONTROL SIGNAL,2021-10-30 21:54:00,,,
591,MONROE SD,BLOOMINGTON,2,0.0,1.0,0,0,,,,ST RD 45,,,300.0,S,0.0,0.0,ST RD,N,URBAN,N,N,N,,DARK (NOT LIGHTED),CLEAR,DRY,,NO JUNCTION INVOLVED,CURVE/LEVEL,ASPHALT,LEFT OF CENTER,HEAD ON BETWEEN TWO MOTOR VEHICLES,MARTINDRST RD 45,LN CONTROL,2021-10-30 22:43:00,,,
592,BLOOMINGTON PD,BLOOMINGTON,1,0.0,1.0,0,0,,,,W 11TH ST,N FAIRVIEW ST,,,,39.173152,-86.5408,LOCAL/CITY RD,N,URBAN,N,N,N,,DARK (NOT LIGHTED),CLEAR,WET,,Y-INTERSECTION,CURVE/GRADE,ASPHALT,UNSAFE SPEED,COLLISION WITH OBJECT IN RD,11THSTFAIRVIEWST,NONE,2021-10-30 22:50:00,,,
593,BLOOMINGTON PD,BLOOMINGTON,2,0.0,0.0,0,0,,,,S WALNUT ST PK,E SUNNY SLOPES DR,,,,39.13264,-86.526688,LOCAL/CITY RD,N,URBAN,N,N,N,,DARK (NOT LIGHTED),RAIN,WET,,T-INTERSECTION,STRAIGHT/HILLCREST,ASPHALT,FOLLOWING TOO CLOSELY,REAR END,ESUNNYSLOPESDRSWALNUTSTPK,NONE,2021-10-30 23:30:00,,,
594,BLOOMINGTON PD,BLOOMINGTON,3,0.0,0.0,0,0,,,,W KIRKWOOD AVE,N FAIRVIEW ST,,,,39.166704,-86.5408,LOCAL/CITY RD,N,URBAN,N,N,N,,DARK (LIGHTED),CLEAR,WET,,FOUR-WAY INTERSECTION,STRAIGHT/LEVEL,ASPHALT,UNSAFE SPEED,REAR END,FAIRVIEWSTKIRKWOODAVE,NONE,2021-10-29 01:30:00,,,
595,INDIANA UNIV BLOOMINGTON PD,BLOOMINGTON,1,0.0,0.0,0,0,,,,S INDIANA AVE,E KIRKWOOD AVE,,,,39.166531,-86.526926,LOCAL/CITY RD,N,URBAN,N,N,N,,DARK (LIGHTED),CLEAR,WET,,T-INTERSECTION,STRAIGHT/LEVEL,ASPHALT,UNSAFE SPEED,RAN OFF RD,INDIANAAVEKIRKWOODAVE,STOP SIGN,2021-10-29 01:56:00,,,
596,ELLETTSVILLE PD,ELLETTSVILLE,2,1.0,0.0,0,0,,,,ST RD 46,N LAKEVIEW DR,,,,39.221152,-86.6056,ST RD,N,URBAN,N,N,N,,DAYLIGHT,CLEAR,DRY,,T-INTERSECTION,STRAIGHT/LEVEL,ASPHALT,FAILURE TO YIELD RIGHT OF WAY,SAME DIRECTION SIDESWIPE,LAKEVIEWDRST RD 46 W,LN CONTROL,2021-10-29 10:20:00,,,
597,MONROE SD,BLOOMINGTON,2,0.0,0.0,0,0,,,,ST RD 45,W LEONARD SPRINGS RD,,50.0,W,39.12215249,-86.61453587,ST RD,N,RURAL,N,N,N,,DAYLIGHT,CLEAR,DRY,,TRAFFIC CIRCLE/ROUNDABOUT,STRAIGHT/GRADE,ASPHALT,FOLLOWING TOO CLOSELY,REAR END,ST RD 45 WWLEONARDSPRINGSRD,LN CONTROL,2021-10-29 12:27:00,,,
598,BLOOMINGTON PD,BLOOMINGTON,2,0.0,0.0,0,0,,,,E 3RD ST,S ROOSEVELT ST,,250.0,E,39.164304,-86.505792,LOCAL/CITY RD,N,URBAN,N,N,N,,DAYLIGHT,CLEAR,DRY,,NO JUNCTION INVOLVED,STRAIGHT/LEVEL,ASPHALT,FOLLOWING TOO CLOSELY,REAR END,E 3RDSTSROOSEVELTST,LN CONTROL,2021-10-29 12:39:00,,,
599,BLOOMINGTON PD,BLOOMINGTON,2,0.0,0.0,0,0,,,,E 9TH ST,N DUNN ST,,,,39.170544,-86.52824,LOCAL/CITY RD,N,URBAN,Y,N,N,,DAWN/DUSK,CLEAR,DRY,,FOUR-WAY INTERSECTION,STRAIGHT/LEVEL,ASPHALT,DISREGARD SIGNAL/REG SIGN,RIGHT ANGLE,E9THSTNDUNNST,STOP SIGN,2021-10-29 14:28:00,,,
600,BLOOMINGTON PD,BLOOMINGTON,2,0.0,2.0,0,0,,,,W 17TH ST,N JACKSON ST,,,,39.179024,-86.539616,LOCAL/CITY RD,N,URBAN,N,N,N,,DAYLIGHT,CLEAR,DRY,,FOUR-WAY INTERSECTION,STRAIGHT/HILLCREST,CONCRETE,FAILURE TO YIELD RIGHT OF WAY,HEAD ON BETWEEN TWO MOTOR VEHICLES,NJACKSONSTW17THST,NONE,2021-10-29 14:59:00,,,
601,BLOOMINGTON PD,BLOOMINGTON,2,0.0,0.0,0,0,,,,S WALNUT ST,W GORDON PK,,,,39.121463,-86.531363,LOCAL/CITY RD,N,URBAN,N,N,N,,DAYLIGHT,CLEAR,DRY,,FOUR-WAY INTERSECTION,STRAIGHT/LEVEL,ASPHALT,FOLLOWING TOO CLOSELY,REAR END,ERHORERRDSWALNUTST,TRAFFIC CONTROL SIGNAL,2021-10-29 15:21:00,,,
602,MONROE SD,BLOOMINGTON,1,0.0,0.0,0,0,,,,ST RD 45,E COX DR,,50.0,W,39.22043913,-86.44240199,ST RD,N,RURAL,N,N,N,,DAYLIGHT,CLOUDY,WET,,T-INTERSECTION,CURVE/LEVEL,ASPHALT,SPEED TOO FAST FOR WEATHER CONDITIONS,RAN OFF RD,ECOXDRST RD 45E,NONE,2021-10-29 15:40:00,,,
603,ELLETTSVILLE PD,ELLETTSVILLE,2,0.0,0.0,0,0,4681,,,W RICHLAND PLAZA DR,,,,,39.217139,-86.59525,UNKNOWN,N,URBAN,N,N,N,,DAYLIGHT,CLOUDY,DRY,,NO JUNCTION INVOLVED,STRAIGHT/GRADE,ASPHALT,FAILURE TO YIELD RIGHT OF WAY,RIGHT ANGLE,RICHLANDPLAZADR,NONE,2021-10-29 15:42:00,,,
604,BLOOMINGTON PD,BLOOMINGTON,2,0.0,0.0,0,0,,,,S COLLEGE MALL RD,E 3RD ST,,30.0,S,39.16424,-86.4984,LOCAL/CITY RD,N,URBAN,N,N,N,,DAYLIGHT,CLEAR,DRY,,FOUR-WAY INTERSECTION,STRAIGHT/LEVEL,ASPHALT,FOLLOWING TOO CLOSELY,REAR END,E 3RDSTSCOLLEGEMALLRD,TRAFFIC CONTROL SIGNAL,2021-10-29 16:25:00,,,
605,BLOOMINGTON PD,BLOOMINGTON,2,0.0,0.0,0,0,,,,E 3RD ST,S CLARK ST,,,,39.164288,-86.5048,LOCAL/CITY RD,N,URBAN,N,N,N,,DAYLIGHT,CLOUDY,DRY,,FOUR-WAY INTERSECTION,STRAIGHT/LEVEL,ASPHALT,FAILURE TO YIELD RIGHT OF WAY,RIGHT ANGLE,E 3RDSTSCLARKST,NONE,2021-10-29 16:30:00,,,
606,BLOOMINGTON PD,BLOOMINGTON,2,0.0,0.0,0,0,,,,N PETE LLIS DR,E LONGVIEW AVE,,,,39.166944,-86.495056,LOCAL/CITY RD,N,URBAN,N,N,N,,DAYLIGHT,CLEAR,DRY,,FOUR-WAY INTERSECTION,STRAIGHT/LEVEL,ASPHALT,FAILURE TO YIELD RIGHT OF WAY,RIGHT ANGLE,ELONGVIEWAVENPETEELLISDR,STOP SIGN,2021-10-29 17:02:00,,,
607,BLOOMINGTON PD,BLOOMINGTON,2,0.0,0.0,0,0,,,,W 3RD ST,S MULLER PKWY,,100.0,E,39.164469,-86.56271765,LOCAL/CITY RD,N,URBAN,N,N,N,,DAYLIGHT,CLEAR,DRY,,NO JUNCTION INVOLVED,STRAIGHT/LEVEL,CONCRETE,UNSAFE LN MOVEMENT,SAME DIRECTION SIDESWIPE,SMULLERPKWYW 3RDST,NONE,2021-10-29 17:15:00,,,
608,BLOOMINGTON PD,BLOOMINGTON,1,0.0,0.0,0,0,2025,,,S HAWKSMOORE DR,E RAILWAY CIR,,,,39.14417,-86.501197,LOCAL/CITY RD,N,URBAN,N,N,N,,DARK (NOT LIGHTED),RAIN,WET,,NO JUNCTION INVOLVED,STRAIGHT/GRADE,ASPHALT,SPEED TOO FAST FOR WEATHER CONDITIONS,RAN OFF RD,SHAWKSMOOREDR,NONE,2021-10-29 18:46:00,,,
609,BLOOMINGTON PD,BLOOMINGTON,2,0.0,0.0,0,0,,,,W BLOOMFIELD RD,S WEIMER RD,,,,39.154241,-86.564334,LOCAL/CITY RD,N,URBAN,N,N,N,,DARK (LIGHTED),RAIN,WET,,FOUR-WAY INTERSECTION,STRAIGHT/GRADE,ASPHALT,FOLLOWING TOO CLOSELY,REAR END,SWEIMERRDWBLOOMFIELDRD,NONE,2021-10-29 19:15:00,,,
610,BLOOMINGTON PD,BLOOMINGTON,3,0.0,1.0,0,0,,,,S WASHINGTON ST,E DRISCOLL ST,,60.0,S,39.1461213,-86.532503,LOCAL/CITY RD,N,URBAN,N,N,N,,DARK (LIGHTED),RAIN,WET,,NO JUNCTION INVOLVED,STRAIGHT/LEVEL,ASPHALT,DRIVER DISTRACTED - EXPLAIN IN NARRATIVE,REAR END,DRISCOLLSTSWASHINGTONST,NONE,2021-10-29 20:22:00,,,
611,MONROE SD,BLOOMINGTON,1,0.0,0.0,0,0,,,,ST RD 37,W MONROE DAM RD,,,,39.020048,-86.536096,ST RD,N,RURAL,N,N,Y,LN CLOSURE,DARK (NOT LIGHTED),CLEAR,DRY,,NO JUNCTION INVOLVED,STRAIGHT/GRADE,ASPHALT,DRIVER ASLEEP OR FATIGUED,RAN OFF RD,MONROEDAMRDS ST RD 37,LN CONTROL,2021-10-28 03:08:00,,,
612,MONROE SD,BLOOMINGTON,3,0.0,0.0,0,0,,,,S ROCKPORT RD,W HENNESSEY ST,,,,39.1281697,-86.5566669,LOCAL/CITY RD,N,RURAL,N,N,N,,DARK (NOT LIGHTED),RAIN,WET,,T-INTERSECTION,STRAIGHT/LEVEL,ASPHALT,RDWAY SURFACE CONDITION,RIGHT ANGLE,SROCKPORTRDWHENNESSEYST,STOP SIGN,2021-10-28 07:31:00,,,
613,ISP BLOOMINGTON 33,BLOOMINGTON,2,,0.0,0,0,,,,ST RD 37,,,1600.0,S,39.08813226,-86.54479928,ST RD,,RURAL,N,N,Y,LN CLOSURE,DAWN/DUSK,CLOUDY,DRY,,NO JUNCTION INVOLVED,,ASPHALT,UNSAFE LN MOVEMENT,SAME DIRECTION SIDESWIPE,ST RD 371600FtsouthofDillmanRd,,2021-10-28 07:44:00,,,
614,BLOOMINGTON PD,BLOOMINGTON,2,,0.0,0,0,,,,E MOORES PK,S SMITH RD,,0.0,,39.150206,-86.480449,LOCAL/CITY RD,,URBAN,N,N,B,,DAYLIGHT,CLOUDY,DRY,,FOUR-WAY INTERSECTION,,ASPHALT,DISREGARD SIGNAL/REG SIGN,RIGHT ANGLE,S.SMITHRDEMOORESPK,,2021-10-28 08:28:00,,,
615,BLOOMINGTON PD,BLOOMINGTON,1,0.0,0.0,0,0,,,,N ADAMS ST,W 7TH ST,,50.0,N,39.168576,-86.5496,LOCAL/CITY RD,N,URBAN,N,N,N,,DAYLIGHT,RAIN,WET,,NO JUNCTION INVOLVED,STRAIGHT/LEVEL,ASPHALT,OVERSIZE/OVERWEIGHT LOAD,OTHER - EXPLAIN IN NARRATIVE,NADAMSSTW7THST,NONE,2021-10-28 11:29:00,,,
616,ISP BLOOMINGTON 33,BLOOMINGTON,1,,0.0,0,0,,123,C,I-69 S,N ST RD 37,,0.0,,39.23532213,-86.54168671,INTERSTATE,,RURAL,N,N,N,,DAYLIGHT,RAIN,WET,,RAMP,,CONCRETE,,,I-69-123-RampC123C,,2021-10-28 12:15:00,,,
617,INDIANA UNIV BLOOMINGTON PD,BLOOMINGTON,2,0.0,1.0,0,0,,,,ST RD 45/46,E 10TH ST,,200.0,N,39.17214794,-86.5023884,ST RD,N,URBAN,N,N,N,,DAYLIGHT,RAIN,WET,,NO JUNCTION INVOLVED,STRAIGHT/LEVEL,ASPHALT,SPEED TOO FAST FOR WEATHER CONDITIONS,REAR END,10THSTST RD 46E,NONE,2021-10-28 13:55:00,,,
618,ISP BLOOMINGTON 33,BLOOMINGTON,2,,0.0,0,0,,90,E,ST RD 37,E MONROE DAM RD,,0.0,,39.01939296,-86.53644688,ST RD,,RURAL,N,N,Y,LN CLOSURE,DAYLIGHT,RAIN,WET,,RAMP,,ASPHALT,FAILURE TO YIELD RIGHT OF WAY,SAME DIRECTION SIDESWIPE,StateRd37090E,,2021-10-28 14:15:00,,,
619,ELLETTSVILLE PD,ELLETTSVILLE,1,0.0,0.0,0,0,,,,ST RD 46,ENTRANCE TO CHICAGO'S PIZZA,,400.0,W,39.22181467,-86.60672653,ST RD,N,URBAN,N,N,N,,DAYLIGHT,RAIN,WET,,NO JUNCTION INVOLVED,STRAIGHT/GRADE,ASPHALT,OTHER (DRIVER) - EXPLAIN IN NARRATIVE,RAN OFF RD,LAKEVIEWDRST RD 46 W,NONE,2021-10-28 15:39:00,,,
620,BLOOMINGTON PD,BLOOMINGTON,1,0.0,1.0,0,0,,120,B,I-69 N,ST RD 45/46,,,,0.0,0.0,INTERSTATE,N,URBAN,N,N,N,,DAYLIGHT,RAIN,WET,,RAMP,CURVE/GRADE,ASPHALT,SPEED TOO FAST FOR WEATHER CONDITIONS,RAN OFF RD,I-69 N,NONE,2021-10-28 16:08:00,,,
621,INDIANA UNIV BLOOMINGTON PD,BLOOMINGTON,2,0.0,0.0,0,0,,,,S INDIANA AVE,E 3RD ST,,,,39.163756,-86.527024,LOCAL/CITY RD,N,URBAN,N,N,N,,DAYLIGHT,RAIN,WET,,FOUR-WAY INTERSECTION,STRAIGHT/LEVEL,ASPHALT,FOLLOWING TOO CLOSELY,REAR END,HENDERSONSTINDIANAAVE,TRAFFIC CONTROL SIGNAL,2021-10-28 16:56:00,,,
622,BLOOMINGTON PD,BLOOMINGTON,2,0.0,0.0,0,0,,,,ST RD 45,S LIBERTY DR,,,,39.1450008,-86.5777444,LOCAL/CITY RD,N,URBAN,N,N,N,,DAWN/DUSK,RAIN,WET,,FOUR-WAY INTERSECTION,STRAIGHT/LEVEL,ASPHALT,FOLLOWING TOO CLOSELY,REAR END,SLIBERTYDRWST RD 45RD,TRAFFIC CONTROL SIGNAL,2021-10-28 17:19:00,,,