_id,Agency,City,Vehicles Involved,Trailers Involved,Number Injured,Number Dead,Number Deer,House Number,Roadway Interchange,Roadway Ramp,Roadway Id,Intersecting Road,Interchange,Feet From,Direction,Latitude,Longitude,Roadway Class,Hit and Run?,Locality,School Zone?,Rumble Strips?,Construction?,Construction Type,Light Condition,Weather Conditions,Surface Condition,Type of Median,Roadway Junction Type,Road Character,Roadway Surface,Primary Factor,Manner of Collision,Unique Location Id,Traffic Control,DateTime,Address Number,Cyclist Involved,Pedestrian Involved
684,MONROE SD,BLOOMINGTON,2,0.0,0.0,0,0,,,,ST RD 37,E MONROE DAM RD,,1.0,N,39.02005075,-86.536096,ST RD,N,RURAL,N,N,Y,LN CLOSURE,DARK (NOT LIGHTED),FOG/SMOKE/SMOG,WET,,RAMP,STRAIGHT/GRADE,ASPHALT,FAILURE TO YIELD RIGHT OF WAY,SAME DIRECTION SIDESWIPE,MONROEDAMRDN ST RD 37,YIELD SIGN,2021-10-23 06:51:00,,,
685,MONROE SD,BLOOMINGTON,1,0.0,0.0,0,1,,,,ST RD 37,E MONROE DAM RD,,6864.0,N,39.03870793,-86.53579358,ST RD,N,RURAL,N,Y,N,,DAWN/DUSK,CLEAR,DRY,,NO JUNCTION INVOLVED,STRAIGHT/LEVEL,ASPHALT,ANIMAL/OBJECT IN RDWAY,COLLISION WITH DEER,EMONROEDAMRDN ST RD 37,NONE,2021-10-23 07:45:00,,,
686,MONROE SD,BLOOMINGTON,2,0.0,0.0,0,0,,,,S WALNUT ST,W DILLMAN RD,,,,39.092972,-86.544156,COUNTY RD,N,RURAL,N,N,N,,DAYLIGHT,CLEAR,DRY,,NO JUNCTION INVOLVED,CURVE/GRADE,ASPHALT,FAILURE TO YIELD RIGHT OF WAY,RIGHT ANGLE,SOLDSTATE37RDWDILLMANRD,STOP SIGN,2021-10-23 08:54:00,,,
687,MONROE SD,BLOOMINGTON,2,0.0,0.0,0,0,,,,ST RD 46,N CENTENNIAL DR,,,,39.210144,-86.5832,ST RD,N,RURAL,N,N,N,,DAYLIGHT,CLOUDY,DRY,,FOUR-WAY INTERSECTION,STRAIGHT/GRADE,ASPHALT,FOLLOWING TOO CLOSELY,REAR END,NORTHSMITHPKST RD 46 W,TRAFFIC CONTROL SIGNAL,2021-10-23 09:54:00,,,
688,INDIANA UNIV BLOOMINGTON PD,BLOOMINGTON,2,0.0,0.0,0,0,,,,ST RD 45/46,E DISCOVERY PKWY,,,,0.0,0.0,ST RD,N,URBAN,N,N,N,,DAYLIGHT,CLEAR,DRY,,FOUR-WAY INTERSECTION,STRAIGHT/LEVEL,ASPHALT,FOLLOWING TOO CLOSELY,REAR END,ST RD 46UNIONVILLERD,TRAFFIC CONTROL SIGNAL,2021-10-23 11:25:00,,,
689,MONROE SD,BLOOMINGTON,2,0.0,0.0,0,0,,,,ST RD 37,S ST RD 37,,,,39.085462,-86.542568,ST RD,N,RURAL,N,N,N,,DAYLIGHT,CLEAR,DRY,,NO JUNCTION INVOLVED,STRAIGHT/LEVEL,ASPHALT,FOLLOWING TOO CLOSELY,REAR END,SOLDSTATE37RDS ST RD 37,TRAFFIC CONTROL SIGNAL,2021-10-23 11:28:00,,,
690,MONROE SD,BLOOMINGTON,1,1.0,0.0,0,0,,,,E SOUTHSHORE DR,,,1300.0,W,0.0,0.0,LOCAL/CITY RD,N,RURAL,N,N,N,,DAYLIGHT,CLEAR,DRY,,NO JUNCTION INVOLVED,STRAIGHT/LEVEL,ASPHALT,RAN OFF RD RIGHT,RAN OFF RD,ESOUTHSHOREDRSALMONHARBORRD,NONE,2021-10-23 12:10:00,,,
691,BLOOMINGTON PD,BLOOMINGTON,2,0.0,1.0,0,0,,,,N LINCOLN ST,E 20TH ST,,,,39.181744,-86.530192,LOCAL/CITY RD,N,URBAN,N,N,N,,DAYLIGHT,CLEAR,DRY,,FOUR-WAY INTERSECTION,STRAIGHT/LEVEL,ASPHALT,TRAFFIC CONTROL INOPERATIVE/MISSING/OBSC,RIGHT ANGLE,E20THSTNLINCOLNST,STOP SIGN,2021-10-23 14:20:00,,,
692,INDIANA UNIV BLOOMINGTON PD,BLOOMINGTON,1,0.0,0.0,0,0,,,,N WALNUT ST,E 10TH ST,,,,39.171744,-86.53352,LOCAL/CITY RD,N,URBAN,N,N,N,,DAYLIGHT,CLOUDY,DRY,,FOUR-WAY INTERSECTION,STRAIGHT/GRADE,ASPHALT,OVERCORRECTING/OVERSTEERING,OTHER - EXPLAIN IN NARRATIVE,10THSTWALNUTST,LN CONTROL,2021-10-23 17:02:00,,,
693,BLOOMINGTON PD,BLOOMINGTON,1,0.0,1.0,0,0,,,,S FRANKLIN RD,W 3RD ST,,,,39.164688,-86.5712,LOCAL/CITY RD,N,URBAN,N,N,N,,DAYLIGHT,CLOUDY,DRY,,FOUR-WAY INTERSECTION,STRAIGHT/GRADE,CONCRETE,DISREGARD SIGNAL/REG SIGN,RIGHT TURN,SFRANKLINRDW 3RDST,TRAFFIC CONTROL SIGNAL,2021-10-23 17:40:00,,True,True
694,INDIANA UNIV BLOOMINGTON PD,BLOOMINGTON,3,0.0,1.0,0,0,,,,ST RD 45/46,N MILO B SAMPSON LN,,,,39.18622,-86.522163,ST RD,N,URBAN,N,N,N,,DARK (LIGHTED),RAIN,WET,,NO JUNCTION INVOLVED,STRAIGHT/LEVEL,ASPHALT,OTHER (DRIVER) - EXPLAIN IN NARRATIVE,REAR END,NMILOBSAMPSONLNST RD 46,LN CONTROL,2021-10-23 19:20:00,,,
695,BLOOMINGTON PD,BLOOMINGTON,3,0.0,0.0,0,0,,,,S COLLEGE AVE,W 4TH ST,,250.0,N,39.16464,-86.534816,LOCAL/CITY RD,N,URBAN,N,N,N,,DARK (LIGHTED),RAIN,WET,,NO JUNCTION INVOLVED,STRAIGHT/LEVEL,ASPHALT,IMPROPER LN USAGE,SAME DIRECTION SIDESWIPE,SCOLLEGEAVEW 3RDST,LN CONTROL,2021-10-23 19:50:00,,,
696,INDIANA UNIV BLOOMINGTON PD,BLOOMINGTON,2,0.0,2.0,0,0,,,,S MITCHELL ST,E 3RD ST,,,,39.16426,-86.514211,LOCAL/CITY RD,N,URBAN,N,N,N,,DARK (LIGHTED),RAIN,WET,,T-INTERSECTION,STRAIGHT/GRADE,ASPHALT,FOLLOWING TOO CLOSELY,REAR END,MITCHELLST3RDST,NONE,2021-10-23 21:40:00,,,
697,INDIANA UNIV BLOOMINGTON PD,BLOOMINGTON,2,0.0,0.0,0,0,,,,N INDIANA AVE,E 13TH ST,,,,39.175247,-86.527004,LOCAL/CITY RD,N,URBAN,N,N,N,,DARK (LIGHTED),RAIN,WET,,FOUR-WAY INTERSECTION,STRAIGHT/LEVEL,ASPHALT,LEFT OF CENTER,HEAD ON BETWEEN TWO MOTOR VEHICLES,INDIANAAVETHIRTEENTHST,STOP SIGN,2021-10-23 22:05:00,,,
698,BLOOMINGTON PD,BLOOMINGTON,2,0.0,0.0,0,0,,,,ST RD 45/46,N KINSER PK,,,,39.186544,-86.537888,ST RD,N,URBAN,N,N,N,,DARK (NOT LIGHTED),RAIN,WET,,FOUR-WAY INTERSECTION,STRAIGHT/GRADE,ASPHALT,RDWAY SURFACE CONDITION,REAR END,KINSERPKST RD 46E,TRAFFIC CONTROL SIGNAL,2021-10-23 23:15:00,,,
699,BLOOMINGTON PD,BLOOMINGTON,3,0.0,1.0,0,0,,,,ST RD 46,E 3RD ST,,100.0,N,39.164448,-86.471888,LOCAL/CITY RD,N,URBAN,N,N,N,,DAYLIGHT,CLOUDY,DRY,,FOUR-WAY INTERSECTION,STRAIGHT/GRADE,ASPHALT,FOLLOWING TOO CLOSELY,REAR END,EAST3RDSTSTATERD4546BYP,LN CONTROL,2021-10-22 02:15:00,,,
700,BLOOMINGTON PD,BLOOMINGTON,1,0.0,1.0,0,0,,,,E SUMMIT VIEW PL,S HENDERSON ST,,,,39.144554,-86.526958,LOCAL/CITY RD,N,URBAN,N,N,N,,DAWN/DUSK,CLEAR,DRY,,FOUR-WAY INTERSECTION,STRAIGHT/LEVEL,ASPHALT,OTHER (VEHICLE) - EXPLAIN IN NARRATIVE,NON-COLLISION,ESUMMITVIEWPLSHENDERSONST,STOP SIGN,2021-10-22 07:06:00,,,
701,BLOOMINGTON PD,BLOOMINGTON,2,0.0,0.0,0,0,,I-69,N,W 3RD ST,I-69 N,,,,0.0,0.0,LOCAL/CITY RD,N,URBAN,N,N,N,,DAYLIGHT,CLOUDY,DRY,,RAMP,CURVE/GRADE,CONCRETE,FOLLOWING TOO CLOSELY,REAR END,W 3RDST,YIELD SIGN,2021-10-22 08:22:00,,,
702,BLOOMINGTON PD,BLOOMINGTON,2,0.0,1.0,0,0,,,,E 2ND ST,S HENDERSON ST,,200.0,E,39.16144,-86.527152,LOCAL/CITY RD,N,URBAN,N,N,N,,DAYLIGHT,CLOUDY,DRY,,NO JUNCTION INVOLVED,STRAIGHT/LEVEL,ASPHALT,FAILURE TO YIELD RIGHT OF WAY,RIGHT ANGLE,E 2NDSTSHENDERSONST,NONE,2021-10-22 09:18:00,,,
703,INDIANA UNIV BLOOMINGTON PD,BLOOMINGTON,2,0.0,0.0,0,0,,,,E 17TH ST,N EAGLESON AVE,,867.0,W,39.178844,-86.51237499,LOCAL/CITY RD,N,URBAN,N,N,N,,DAYLIGHT,RAIN,WET,,T-INTERSECTION,STRAIGHT/GRADE,ASPHALT,UNSAFE SPEED,REAR END,EAST17THSTEAGLESON AVEAVE,NO PASSING ZONE,2021-10-22 12:04:00,,,
704,ELLETTSVILLE PD,ELLETTSVILLE,2,0.0,0.0,0,0,,,,ST RD 46,N HARTSTRAIT RD,,,,39.227624,-86.615919,ST RD,N,URBAN,N,N,N,,DAYLIGHT,RAIN,WET,,NO JUNCTION INVOLVED,STRAIGHT/LEVEL,ASPHALT,OTHER (DRIVER) - EXPLAIN IN NARRATIVE,RIGHT ANGLE,HARTSTRAITRDST RD 46 W,TRAFFIC CONTROL SIGNAL,2021-10-22 12:40:00,,,
705,BLOOMINGTON PD,BLOOMINGTON,2,0.0,0.0,0,0,,,,E HILLSIDE DR,S WOODLAWN AVE,,,,39.15072,-86.522496,LOCAL/CITY RD,N,URBAN,N,N,N,,DAYLIGHT,CLOUDY,DRY,,FOUR-WAY INTERSECTION,STRAIGHT/GRADE,ASPHALT,FOLLOWING TOO CLOSELY,REAR END,EASTHILLSIDEDRSOUTHWOODLAWNAVE,LN CONTROL,2021-10-22 13:46:00,,,
706,BLOOMINGTON PD,BLOOMINGTON,2,0.0,0.0,0,0,,,,S WALNUT ST,W GORDON PK,,150.0,S,39.12144,-86.526496,LOCAL/CITY RD,N,URBAN,N,N,N,,DAYLIGHT,CLOUDY,DRY,,FOUR-WAY INTERSECTION,STRAIGHT/GRADE,ASPHALT,FOLLOWING TOO CLOSELY,REAR END,EASTRHORERRDSOUTHWALNUTST,LN CONTROL,2021-10-22 15:15:00,,,
707,ISP BLOOMINGTON 33,BLOOMINGTON,2,,0.0,0,0,,,,N KINSER PK,ST RD 45/46,,0.0,,39.18644162,-86.53772853,LOCAL/CITY RD,,URBAN,N,N,N,,DAYLIGHT,CLOUDY,DRY,,INTERCHANGE,,ASPHALT,FAILURE TO YIELD RIGHT OF WAY,LEFT TURN,StateRd46NKinserPike,,2021-10-22 15:55:00,,,
708,MONROE SD,BLOOMINGTON,1,0.0,1.0,0,0,,,,ST RD 48,W VERNAL PK,,1500.0,E,39.16645885,-86.65646929,ST RD,N,RURAL,N,N,N,,DAYLIGHT,CLOUDY,WET,,NO JUNCTION INVOLVED,CURVE/LEVEL,ASPHALT,SPEED TOO FAST FOR WEATHER CONDITIONS,RAN OFF RD,ST RD 48WWVERNALPK,NONE,2021-10-22 17:35:00,,,
709,BLOOMINGTON PD,BLOOMINGTON,2,0.0,0.0,0,0,,,,E 3RD ST,S OVERHILL DR,,75.0,E,39.164272,-86.501488,LOCAL/CITY RD,N,URBAN,N,N,N,,DAWN/DUSK,CLOUDY,DRY,,T-INTERSECTION,STRAIGHT/GRADE,ASPHALT,FAILURE TO YIELD RIGHT OF WAY,RIGHT ANGLE,EAST3RDSTSOUTHOVERHILLDR,LN CONTROL,2021-10-22 18:41:00,,,
710,ELLETTSVILLE PD,ELLETTSVILLE,1,0.0,1.0,0,1,,,,ST RD 46,,,500.0,W,39.24582159,-86.63865929,ST RD,N,RURAL,N,N,N,,DARK (NOT LIGHTED),CLEAR,DRY,,NO JUNCTION INVOLVED,CURVE/LEVEL,ASPHALT,ANIMAL/OBJECT IN RDWAY,COLLISION WITH DEER,REDHILLRDST RD 46 W,NONE,2021-10-22 19:57:00,,,
711,BLOOMINGTON PD,BLOOMINGTON,2,0.0,0.0,0,0,,,,E 6TH ST,N GRANT ST,,200.0,W,39.167712,-86.529696,LOCAL/CITY RD,Y,URBAN,N,N,N,,DARK (LIGHTED),CLOUDY,DRY,,NO JUNCTION INVOLVED,STRAIGHT/LEVEL,ASPHALT,WRONG WAY ON ONE WAY,OPPOSITE DIRECTION SIDESWIPE,E6THSTNGRANTST,NONE,2021-10-22 20:13:00,,,
712,BLOOMINGTON PD,BLOOMINGTON,2,0.0,1.0,0,0,,,,N WALNUT ST,W 7TH ST,,,,39.16864,-86.533568,LOCAL/CITY RD,N,URBAN,N,N,N,,DARK (LIGHTED),CLEAR,DRY,,FOUR-WAY INTERSECTION,STRAIGHT/LEVEL,ASPHALT,UNSAFE LN MOVEMENT,SAME DIRECTION SIDESWIPE,7THSTNWALNUTST,TRAFFIC CONTROL SIGNAL,2021-10-21 01:04:00,,,
713,MONROE SD,BLOOMINGTON,2,0.0,0.0,0,0,,,,S WALNUT ST,E DILLMAN RD,,,,39.092944,-86.544,LOCAL/CITY RD,N,RURAL,N,N,N,,DARK (NOT LIGHTED),CLEAR,DRY,,FOUR-WAY INTERSECTION,STRAIGHT/GRADE,ASPHALT,FAILURE TO YIELD RIGHT OF WAY,LEFT TURN,EDILLMANRDSOLDSTATERD37RD,FLASHING OVERHEAD BEACON,2021-10-21 07:24:00,,,
714,BLOOMINGTON PD,BLOOMINGTON,2,0.0,0.0,0,0,,,,E WINSLOW RD,S HIGHLAND AVE,,,,39.136048,-86.518496,LOCAL/CITY RD,Y,URBAN,N,N,N,,DAYLIGHT,CLEAR,DRY,,T-INTERSECTION,STRAIGHT/HILLCREST,ASPHALT,FOLLOWING TOO CLOSELY,REAR END,EWINSLOWRDSHIGHLANDAVE,NONE,2021-10-21 13:46:00,,,
715,BLOOMINGTON PD,BLOOMINGTON,2,0.0,0.0,0,0,,,,E 3RD ST,S MITCHELL ST,,,,,,LOCAL/CITY RD,N,URBAN,N,N,N,,DAYLIGHT,CLEAR,DRY,,Y-INTERSECTION,STRAIGHT/LEVEL,ASPHALT,FAILURE TO YIELD RIGHT OF WAY,SAME DIRECTION SIDESWIPE,E 3RDSTSMITCHELLST,NONE,2021-10-21 16:32:00,,,
716,BLOOMINGTON PD,BLOOMINGTON,2,0.0,0.0,0,0,,,,S COLLEGE AVE,W 3RD ST,,,,39.16464,-86.534816,LOCAL/CITY RD,N,URBAN,N,N,N,,DAYLIGHT,CLEAR,DRY,,FOUR-WAY INTERSECTION,STRAIGHT/LEVEL,ASPHALT,DISREGARD SIGNAL/REG SIGN,RIGHT ANGLE,SCOLLEGEAVEW 3RDST,TRAFFIC CONTROL SIGNAL,2021-10-21 18:22:00,,,
717,BLOOMINGTON PD,BLOOMINGTON,3,0.0,0.0,0,0,,,,ST RD 48,S GATES DR,,,,,,LOCAL/CITY RD,N,URBAN,N,N,N,,DAWN/DUSK,CLEAR,DRY,,T-INTERSECTION,STRAIGHT/GRADE,ASPHALT,DISREGARD SIGNAL/REG SIGN,RIGHT ANGLE,NORTHGATESDRWEST3RDST,TRAFFIC CONTROL SIGNAL,2021-10-21 18:50:00,,,
718,ELLETTSVILLE PD,ELLETTSVILLE,2,0.0,0.0,0,0,,,,ST RD 46,N UNION VALLEY RD,,150.0,E,39.21486824,-86.59241609,ST RD,N,URBAN,N,N,N,,DARK (NOT LIGHTED),CLEAR,DRY,,NO JUNCTION INVOLVED,STRAIGHT/LEVEL,ASPHALT,UNSAFE LN MOVEMENT,SAME DIRECTION SIDESWIPE,ST RD 46 WUNIONVALLEYRD,NONE,2021-10-21 20:00:00,,,
719,MONROE SD,BLOOMINGTON,1,0.0,0.0,0,1,,,,ST RD 37,,,500.0,N,39.0724256,-86.53572929,ST RD,N,URBAN,N,Y,N,,DAWN/DUSK,CLEAR,DRY,,T-INTERSECTION,CURVE/GRADE,ASPHALT,ANIMAL/OBJECT IN RDWAY,COLLISION WITH DEER,SMITHVILLERDS ST RD 37,NONE,2021-10-20 05:56:00,,,
720,MONROE SD,BLOOMINGTON,1,0.0,0.0,0,1,,,,ST RD 37,W DILLMAN RD,,250.0,S,39.09229179,-86.54557374,ST RD,N,URBAN,N,N,Y,X-OVER/LN SHIFT,DARK (NOT LIGHTED),CLEAR,DRY,,NO JUNCTION INVOLVED,CURVE/HILLCREST,ASPHALT,ANIMAL/OBJECT IN RDWAY,COLLISION WITH DEER,S ST RD 37WESTDILLMANRD,NONE,2021-10-20 06:20:00,,,
721,ELLETTSVILLE PD,ELLETTSVILLE,3,,0.0,0,0,,,,ST RD 46,N JACCOB ST,,0.0,,39.24388373,-86.63412147,ST RD,,URBAN,N,N,N,,DAYLIGHT,CLEAR,DRY,,NO JUNCTION INVOLVED,,ASPHALT,FOLLOWING TOO CLOSELY,REAR END,WStateRd46NJacobSt,,2021-10-20 07:49:00,,,
722,ISP BLOOMINGTON 33,BLOOMINGTON,2,,0.0,0,0,,118,C,W 3RD ST,I-69 N,,0.0,,39.16465351,-86.57317034,ST RD,,URBAN,N,N,N,,DAYLIGHT,CLEAR,DRY,,NO JUNCTION INVOLVED,,CONCRETE,FOLLOWING TOO CLOSELY,REAR END,ST RD 48eastofI-69-118-C,,2021-10-20 07:59:00,,,
723,BLOOMINGTON PD,BLOOMINGTON,1,0.0,0.0,0,0,,,,S SMITH RD,E STONEGATE DR,,300.0,N,,,LOCAL/CITY RD,N,URBAN,N,N,N,,DAYLIGHT,CLEAR,DRY,,NO JUNCTION INVOLVED,STRAIGHT/GRADE,ASPHALT,RAN OFF RD RIGHT,RAN OFF RD,ESTONEGATEDRSSMITHRD,NONE,2021-10-20 10:36:00,,,
724,MONROE SD,BLOOMINGTON,2,0.0,0.0,0,0,3647,,,S BLUE SKY,S BLUE SKY,,,,,,LOCAL/CITY RD,N,URBAN,N,N,N,,DAYLIGHT,CLEAR,DRY,,FOUR-WAY INTERSECTION,NON-RDWAY CRASH,ASPHALT,FAILURE TO YIELD RIGHT OF WAY,LEFT TURN,WSTATERD46RD,NONE,2021-10-20 13:10:00,,,
725,BLOOMINGTON PD,BLOOMINGTON,2,0.0,0.0,0,0,,,,S ROGERS ST,ENTRANCE TO SWITCHYARD PARK,,200.0,S,,,LOCAL/CITY RD,Y,URBAN,N,N,N,,DAYLIGHT,CLEAR,DRY,,T-INTERSECTION,STRAIGHT/LEVEL,ASPHALT,FOLLOWING TOO CLOSELY,REAR END,SROGERSSTWCHEROKEEDR,LN CONTROL,2021-10-20 13:34:00,,,
726,BLOOMINGTON PD,BLOOMINGTON,2,0.0,1.0,0,0,,,,E 10TH ST,N WOODLAWN AVE,,,,39.171632,-86.523536,LOCAL/CITY RD,N,URBAN,N,N,N,,DAYLIGHT,CLEAR,DRY,,FOUR-WAY INTERSECTION,STRAIGHT/LEVEL,ASPHALT,FAILURE TO YIELD RIGHT OF WAY,RIGHT ANGLE,E 10THSTNWOODLAWNAVE,LN CONTROL,2021-10-20 14:50:00,,,
727,BLOOMINGTON PD,BLOOMINGTON,2,0.0,0.0,0,0,,,,S LIBERTY DR,ST RD 45,,75.0,N,,,LOCAL/CITY RD,N,URBAN,N,N,N,,DAYLIGHT,CLEAR,DRY,,FOUR-WAY INTERSECTION,CURVE/LEVEL,ASPHALT,FAILURE TO YIELD RIGHT OF WAY,RIGHT ANGLE,SOUTHLIBERTYDRWESTSTATERD45HWY,LN CONTROL,2021-10-20 16:10:00,,,
728,INDIANA UNIV BLOOMINGTON PD,BLOOMINGTON,2,0.0,0.0,0,0,,,,N WOODLAWN AVE,E 17TH ST,,,,,,LOCAL/CITY RD,N,URBAN,N,N,N,,DAYLIGHT,CLEAR,DRY,,FOUR-WAY INTERSECTION,STRAIGHT/HILLCREST,ASPHALT,FOLLOWING TOO CLOSELY,REAR END,EAST17THSTWOODLAWNAVE,TRAFFIC CONTROL SIGNAL,2021-10-20 18:40:00,,,
729,INDIANA UNIV BLOOMINGTON PD,BLOOMINGTON,2,0.0,0.0,0,0,,,,N PARK AVE,E 8TH ST,,,,,,LOCAL/CITY RD,N,URBAN,N,N,N,,DARK (NOT LIGHTED),CLEAR,DRY,,NO JUNCTION INVOLVED,STRAIGHT/LEVEL,ASPHALT,IMPROPER LN USAGE,OPPOSITE DIRECTION SIDESWIPE,EIGHTHSTPARKAVE,NONE,2021-10-20 21:20:00,,,
730,MONROE SD,BLOOMINGTON,1,0.0,0.0,0,1,,,,ST RD 37,,,500.0,S,39.06968277,-86.53561755,ST RD,N,URBAN,N,Y,N,,DARK (NOT LIGHTED),CLEAR,DRY,,T-INTERSECTION,CURVE/GRADE,ASPHALT,ANIMAL/OBJECT IN RDWAY,COLLISION WITH DEER,SMITHVILLERDS ST RD 37,NONE,2021-10-19 03:19:00,,,
731,ISP BLOOMINGTON 33,BLOOMINGTON,2,,0.0,0,0,,,,N FOW HOLLOW RD,N WAYPORT RD,,0.0,,39.28776652,-86.51891059,LOCAL/CITY RD,,RURAL,N,N,N,,DAYLIGHT,CLEAR,DRY,,T-INTERSECTION,,ASPHALT,FAILURE TO YIELD RIGHT OF WAY,RIGHT ANGLE,NFoxHollowRdNFoxHollowRd,,2021-10-19 08:43:00,,,
732,BLOOMINGTON PD,BLOOMINGTON,2,0.0,0.0,0,0,1000,,,N DYER DR,CHRISTIAN CENTER DR,,,,39.177552,-86.547104,LOCAL/CITY RD,N,URBAN,Y,N,N,,DAYLIGHT,FOG/SMOKE/SMOG,DRY,,NO JUNCTION INVOLVED,STRAIGHT/LEVEL,ASPHALT,IMPROPER PASSING,SAME DIRECTION SIDESWIPE,W15THST,NONE,2021-10-19 08:58:00,,,
733,INDIANA UNIV BLOOMINGTON PD,BLOOMINGTON,2,0.0,1.0,0,0,,,,E 10TH ST,ST RD 45/46,,500.0,W,,,LOCAL/CITY RD,N,URBAN,N,N,N,,DAYLIGHT,CLEAR,DRY,,T-INTERSECTION,STRAIGHT/LEVEL,ASPHALT,FAILURE TO YIELD RIGHT OF WAY,OTHER - EXPLAIN IN NARRATIVE,10THSTSTATERD4546BYP,OTHER REGULATORY SIGN/MARKING,2021-10-19 13:11:00,,,
734,BLOOMINGTON PD,BLOOMINGTON,2,0.0,0.0,0,0,,,,E 7TH ST,N GRANT ST,,,,39.16864,-86.529696,LOCAL/CITY RD,N,URBAN,N,N,N,,DAYLIGHT,CLEAR,DRY,,FOUR-WAY INTERSECTION,STRAIGHT/LEVEL,ASPHALT,FAILURE TO YIELD RIGHT OF WAY,RIGHT ANGLE,E7THSTNGRANTST,STOP SIGN,2021-10-19 13:12:00,,,
735,BLOOMINGTON PD,BLOOMINGTON,2,0.0,1.0,0,0,,,,S PATTERSON DR,W 3RD ST (N),,,,,,LOCAL/CITY RD,N,URBAN,N,N,N,,DAYLIGHT,CLEAR,DRY,,FOUR-WAY INTERSECTION,STRAIGHT/LEVEL,ASPHALT,DISREGARD SIGNAL/REG SIGN,RIGHT ANGLE,SPATTERSONDRW 3RDST,LN CONTROL,2021-10-19 13:34:00,,,
736,INDIANA UNIV BLOOMINGTON PD,BLOOMINGTON,2,0.0,0.0,0,0,1000,,,FOSTER CIRCLE,,,,,,,UNKNOWN,Y,URBAN,N,N,N,,DAYLIGHT,CLEAR,DRY,,NO JUNCTION INVOLVED,CURVE/LEVEL,ASPHALT,IMPROPER TURNING,SAME DIRECTION SIDESWIPE,NFEELN,NONE,2021-10-19 13:40:00,,,
737,BLOOMINGTON PD,BLOOMINGTON,2,0.0,0.0,0,0,,,,N WALNUT ST,ST RD 45/46,,,,39.186368,-86.5344,LOCAL/CITY RD,N,URBAN,N,N,N,,DAYLIGHT,CLEAR,DRY,,FOUR-WAY INTERSECTION,STRAIGHT/LEVEL,ASPHALT,FAILURE TO YIELD RIGHT OF WAY,LEFT TURN,NWALNUTSTST RD 4546BYP,TRAFFIC CONTROL SIGNAL,2021-10-19 15:12:00,,,
738,BLOOMINGTON PD,BLOOMINGTON,3,0.0,0.0,0,0,,,,S COLLEGE MALL RD,PRIVATE,,,,,,LOCAL/CITY RD,N,URBAN,N,N,N,,DAYLIGHT,CLEAR,DRY,,FOUR-WAY INTERSECTION,STRAIGHT/LEVEL,ASPHALT,FOLLOWING TOO CLOSELY,REAR END,PRIVATEDRSCOLLEGEMALLRD,TRAFFIC CONTROL SIGNAL,2021-10-19 17:19:00,,,
739,BLOOMINGTON PD,BLOOMINGTON,1,0.0,0.0,0,0,,,,N GRANT ST,E 7TH ST,,,,39.16864,-86.529696,LOCAL/CITY RD,N,URBAN,N,N,N,,DAYLIGHT,CLEAR,DRY,,FOUR-WAY INTERSECTION,STRAIGHT/LEVEL,ASPHALT,OVERCORRECTING/OVERSTEERING,COLLISION WITH OBJECT IN RD,E7THSTNGRANTST,STOP SIGN,2021-10-19 17:29:00,,,
740,BLOOMINGTON PD,BLOOMINGTON,2,0.0,0.0,0,0,,,,E 7TH ST,N GRANT ST,,,,39.16864,-86.529696,LOCAL/CITY RD,N,URBAN,N,N,N,,DAYLIGHT,CLEAR,DRY,,FOUR-WAY INTERSECTION,STRAIGHT/LEVEL,ASPHALT,FAILURE TO YIELD RIGHT OF WAY,COLLISION WITH OBJECT IN RD,E7THSTNGRANTST,STOP SIGN,2021-10-19 18:38:00,,,
741,BLOOMINGTON PD,BLOOMINGTON,2,0.0,0.0,0,0,,,,N INDIANA AVE,E 12TH ST,,,,39.174368,-86.527088,LOCAL/CITY RD,N,URBAN,N,N,N,,DAWN/DUSK,CLEAR,DRY,,FOUR-WAY INTERSECTION,STRAIGHT/LEVEL,ASPHALT,FAILURE TO YIELD RIGHT OF WAY,LEFT TURN,E12THSTNINDIANAAVE,STOP SIGN,2021-10-19 20:07:00,,,
742,INDIANA UNIV BLOOMINGTON PD,BLOOMINGTON,2,0.0,0.0,0,0,,,,ST RD 45/46,E DISCOVERY PKWY,,,,,,ST RD,Y,URBAN,N,N,N,,DARK (NOT LIGHTED),CLEAR,DRY,,NO JUNCTION INVOLVED,CURVE/LEVEL,ASPHALT,FOLLOWING TOO CLOSELY,REAR END,EASTDISCOVERYPKWYST RD 46S,NONE,2021-10-19 20:40:00,,,
743,MONROE SD,BLOOMINGTON,1,0.0,0.0,0,0,,,,ST RD 446,,,300.0,S,39.04403837,-86.40723003,ST RD,N,RURAL,N,N,N,,DARK (NOT LIGHTED),CLEAR,DRY,,T-INTERSECTION,CURVE/LEVEL,ASPHALT,UNSAFE SPEED,RAN OFF RD,EHAYSRDST RD 446S,NONE,2021-10-19 21:09:00,,,