_id,Agency,City,Vehicles Involved,Trailers Involved,Number Injured,Number Dead,Number Deer,House Number,Roadway Interchange,Roadway Ramp,Roadway Id,Intersecting Road,Interchange,Feet From,Direction,Latitude,Longitude,Roadway Class,Hit and Run?,Locality,School Zone?,Rumble Strips?,Construction?,Construction Type,Light Condition,Weather Conditions,Surface Condition,Type of Median,Roadway Junction Type,Road Character,Roadway Surface,Primary Factor,Manner of Collision,Unique Location Id,Traffic Control,DateTime,Address Number,Cyclist Involved,Pedestrian Involved
929,INDIANA UNIV BLOOMINGTON PD,BLOOMINGTON,2,0.0,0.0,0,0,,,,ST RD 46,ST RD 45,,,,0.0,0.0,ST RD,N,URBAN,N,N,N,,DARK (NOT LIGHTED),CLEAR,DRY,,FOUR-WAY INTERSECTION,STRAIGHT/LEVEL,ASPHALT,FAILURE TO YIELD RIGHT OF WAY,SAME DIRECTION SIDESWIPE,ST RD 46UNIONVILLERD,TRAFFIC CONTROL SIGNAL,2021-10-01 21:30:00,,,
930,INDIANA UNIV BLOOMINGTON PD,BLOOMINGTON,2,0.0,1.0,0,0,,,,E 10TH ST,,,200.0,W,39.171564,-86.50942769,LOCAL/CITY RD,N,URBAN,N,N,N,,DARK (LIGHTED),CLEAR,DRY,,NO JUNCTION INVOLVED,STRAIGHT/LEVEL,ASPHALT,FAILURE TO YIELD RIGHT OF WAY,HEAD ON BETWEEN TWO MOTOR VEHICLES,EAST10THSTUNIONST,NONE,2021-10-01 22:00:00,,,
931,ISP BLOOMINGTON 33,BLOOMINGTON,2,,0.0,0,0,,,,S PALMER AVE,,,158.0,N,39.15081964,-86.5292599,LOCAL/CITY RD,,URBAN,N,N,N,,DARK (LIGHTED),CLEAR,DRY,,NO JUNCTION INVOLVED,,ASPHALT,OTHER (DRIVER) - EXPLAIN IN NARRATIVE,OTHER - EXPLAIN IN NARRATIVE,SPalmerAveEHillsideDr,,2021-09-30 01:00:00,,,
932,BLOOMINGTON PD,BLOOMINGTON,1,0.0,0.0,0,0,,,,N WASHINGTON ST,E 10TH ST,,,,39.171728,-86.5324,LOCAL/CITY RD,N,URBAN,N,N,N,,DAWN/DUSK,CLEAR,DRY,,FOUR-WAY INTERSECTION,STRAIGHT/LEVEL,ASPHALT,FAILURE TO YIELD RIGHT OF WAY,LEFT TURN,E 10THSTNWASHINGTONST,NONE,2021-09-30 06:10:00,,True,
933,ISP BLOOMINGTON 33,BLOOMINGTON,2,,1.0,0,0,,,,ST RD 37,S WALNUT ST,,0.0,,39.08542842,-86.54248352,ST RD,,RURAL,N,N,N,,DAYLIGHT,CLEAR,DRY,,FOUR-WAY INTERSECTION,,ASPHALT,UNSAFE SPEED,REAR END,ST RD 37OldS ST RD 37,,2021-09-30 08:55:00,,,
934,BLOOMINGTON PD,BLOOMINGTON,2,0.0,0.0,0,0,,,,S WALNUT ST,ENTRANCE TO STARBUCKS,,2000.0,N,39.144752,-86.531888,LOCAL/CITY RD,N,URBAN,N,N,N,,DAYLIGHT,CLEAR,DRY,,NO JUNCTION INVOLVED,STRAIGHT/LEVEL,ASPHALT,UNSAFE BACKING,BACKING CRASH,ENORTHDRSWALNUTST,NONE,2021-09-30 09:00:00,,,
935,INDIANA UNIV BLOOMINGTON PD,BLOOMINGTON,2,0.0,0.0,0,0,,,,ST RD 45/46,E DISCOVERY PKWY,,,,39.22590355,-86.61344224,ST RD,N,URBAN,N,N,N,,DAYLIGHT,CLEAR,DRY,,NO JUNCTION INVOLVED,STRAIGHT/LEVEL,ASPHALT,FOLLOWING TOO CLOSELY,REAR END,DISCOVERYPKWYST RD 46S,NONE,2021-09-30 09:12:00,,,
936,MONROE SD,BLOOMINGTON,1,0.0,0.0,0,0,,,,W ELLER RD,S RENDY LN,,,,39.122208,-86.615792,LOCAL/CITY RD,N,URBAN,N,N,N,,DAYLIGHT,CLEAR,DRY,,T-INTERSECTION,STRAIGHT/GRADE,ASPHALT,DRIVER ILLNESS,RAN OFF RD,SRENDYWAYWELLERRD,NONE,2021-09-30 11:18:00,,,
937,BLOOMINGTON PD,BLOOMINGTON,2,0.0,0.0,0,0,340,,,ST RD 45,,,,,39.02795131,-86.7213452,LOCAL/CITY RD,Y,URBAN,N,N,N,,DAYLIGHT,CLEAR,DRY,,NO JUNCTION INVOLVED,CURVE/GRADE,ASPHALT,FAILURE TO YIELD RIGHT OF WAY,,ESTATERD45HWY,NONE,2021-09-30 14:00:00,,,
938,BLOOMINGTON PD,BLOOMINGTON,2,0.0,0.0,0,0,,,,S WALNUT ST,E 4TH ST,,1000.0,N,39.165648,-86.5336,LOCAL/CITY RD,Y,URBAN,N,N,Y,,DAYLIGHT,CLEAR,DRY,,NO JUNCTION INVOLVED,STRAIGHT/LEVEL,ASPHALT,IMPROPER LN USAGE,SAME DIRECTION SIDESWIPE,E4THSTSWALNUTST,NONE,2021-09-30 14:06:00,,,
939,BLOOMINGTON PD,BLOOMINGTON,2,0.0,0.0,0,0,,,,S ROGERS ST,W CHEROKEE DR,,,,39.146944,-86.538856,LOCAL/CITY RD,N,URBAN,N,N,N,,DAYLIGHT,CLOUDY,DRY,,T-INTERSECTION,STRAIGHT/LEVEL,ASPHALT,BRAKE FAILURE OR DEFECTIVE,LEFT TURN,SRODGERSSTWCHEROKEEDR,NONE,2021-09-30 14:40:00,,,
940,MONROE SD,BLOOMINGTON,2,0.0,0.0,0,0,,,,ST RD 46,N SMITH PK,,,,39.210144,-86.5832,ST RD,N,URBAN,N,N,N,,DAYLIGHT,CLEAR,DRY,,FOUR-WAY INTERSECTION,STRAIGHT/LEVEL,ASPHALT,FAILURE TO YIELD RIGHT OF WAY,RIGHT ANGLE,NSMITHPKST RD 46 W,TRAFFIC CONTROL SIGNAL,2021-09-30 15:56:00,,,
941,MONROE SD,ELLETTSVILLE,2,0.0,0.0,0,0,,,,ST RD 37,W DILLMAN RD,,100.0,N,39.1035221,-86.545791,ST RD,N,RURAL,N,Y,Y,LN CLOSURE,DAYLIGHT,CLEAR,DRY,,FOUR-WAY INTERSECTION,STRAIGHT/LEVEL,ASPHALT,IMPROPER LN USAGE,SAME DIRECTION SIDESWIPE,S ST RD 37WDILLMANRD,NONE,2021-09-30 17:12:00,,,
942,BLOOMINGTON PD,BLOOMINGTON,2,0.0,0.0,0,0,,,,ST RD 46,E 7TH ST,,50.0,N,39.17293123,-86.5002018,LOCAL/CITY RD,N,URBAN,N,N,N,,DAYLIGHT,CLEAR,DRY,,T-INTERSECTION,STRAIGHT/GRADE,ASPHALT,FAILURE TO YIELD RIGHT OF WAY,SAME DIRECTION SIDESWIPE,EAST7THSTNORTHSTATERD46BYP,LN CONTROL,2021-09-30 17:14:00,,,
943,BLOOMINGTON PD,BLOOMINGTON,2,0.0,0.0,0,0,,,,W 2ND ST,S COLLEGE AVE,,,,39.161366,-86.534943,LOCAL/CITY RD,N,URBAN,N,N,N,,DAYLIGHT,CLEAR,DRY,,FOUR-WAY INTERSECTION,STRAIGHT/GRADE,ASPHALT,FOLLOWING TOO CLOSELY,REAR END,SOUTHCOLLEGEAVEWEST2NDST,TRAFFIC CONTROL SIGNAL,2021-09-30 17:56:00,,,
944,BLOOMINGTON PD,BLOOMINGTON,2,0.0,0.0,0,0,,,,W 3RD ST,S CORY LN,,,,39.164544,-86.560096,LOCAL/CITY RD,N,URBAN,N,N,N,,DAYLIGHT,CLEAR,DRY,,FOUR-WAY INTERSECTION,STRAIGHT/LEVEL,ASPHALT,FAILURE TO YIELD RIGHT OF WAY,LEFT TURN,SOUTHCORYLNW 3RDST,TRAFFIC CONTROL SIGNAL,2021-09-30 18:15:00,,,
945,INDIANA UNIV BLOOMINGTON PD,BLOOMINGTON,1,0.0,0.0,0,0,,,,E ATWATER AVE,S FESS AVE,,,,39.163132,-86.525907,LOCAL/CITY RD,N,URBAN,N,N,N,,DARK (LIGHTED),CLEAR,DRY,,T-INTERSECTION,STRAIGHT/LEVEL,CONCRETE,OTHER (DRIVER) - EXPLAIN IN NARRATIVE,NON-COLLISION,ATWATERAVEFESSAVE,LN CONTROL,2021-09-30 21:00:00,,,
946,MONROE SD,BLOOMINGTON,1,0.0,0.0,0,0,,,,ST RD 45,N RICHARDSON RD,,,,39.23984,-86.387696,ST RD,N,RURAL,N,N,N,,DARK (NOT LIGHTED),CLEAR,DRY,,T-INTERSECTION,CURVE/GRADE,ASPHALT,RAN OFF RD RIGHT,RAN OFF RD,RICHARDSONRDST RD 45E,NONE,2021-09-29 01:37:00,,,
947,BLOOMINGTON PD,BLOOMINGTON,1,0.0,2.0,0,0,,,,S SARE RD,E WINSTON ST,,,,0.0,0.0,LOCAL/CITY RD,N,URBAN,N,N,N,,DARK (NOT LIGHTED),CLEAR,DRY,,T-INTERSECTION,CURVE/GRADE,ASPHALT,UNSAFE SPEED,RAN OFF RD,SARERDWINSTONST,NONE,2021-09-29 02:20:00,,,
948,ELLETTSVILLE PD,ELLETTSVILLE,2,0.0,0.0,0,0,,,,S SALE ST,W OAK ST,,,,39.232512,-86.626224,LOCAL/CITY RD,N,URBAN,N,N,N,,DAYLIGHT,CLEAR,DRY,,NO JUNCTION INVOLVED,STRAIGHT/HILLCREST,ASPHALT,FAILURE TO YIELD RIGHT OF WAY,LEFT TURN,OAKSTSALEST,LN CONTROL,2021-09-29 08:35:00,,,
949,MONROE SD,ELLETTSVILLE,2,0.0,0.0,0,0,,,,ST RD 46,N SMITH PK,,,,39.210144,-86.5832,ST RD,N,URBAN,N,N,N,,DAYLIGHT,CLEAR,DRY,,T-INTERSECTION,STRAIGHT/GRADE,ASPHALT,FOLLOWING TOO CLOSELY,REAR END,NSMITHPKST RD 46 W,NONE,2021-09-29 11:35:00,,,
950,BLOOMINGTON PD,BLOOMINGTON,2,0.0,0.0,0,0,,,,W 11TH ST,N LINDBERGH DR,,50.0,W,39.173235,-86.55252067,LOCAL/CITY RD,N,URBAN,N,N,N,,DAYLIGHT,CLEAR,DRY,,T-INTERSECTION,STRAIGHT/GRADE,ASPHALT,LEFT OF CENTER,OPPOSITE DIRECTION SIDESWIPE,NORTHLINDBURGHDRWEST11THST,LN CONTROL,2021-09-29 13:51:00,,,
951,INDIANA UNIV BLOOMINGTON PD,BLOOMINGTON,1,0.0,0.0,0,0,150,,,ENTRANCE TO EAGLESON AVE PARKING GARAGE,,,,,39.1655783,-86.5179533,UNKNOWN,N,URBAN,N,N,N,,DAYLIGHT,CLEAR,DRY,,NO JUNCTION INVOLVED,CURVE/LEVEL,ASPHALT,OTHER (DRIVER) - EXPLAIN IN NARRATIVE,OTHER - EXPLAIN IN NARRATIVE,NEAGLESON AVEAVE,NONE,2021-09-29 15:19:00,,,
952,BLOOMINGTON PD,BLOOMINGTON,2,0.0,0.0,0,0,,,,W COUNTRY CLUB DR,ENTRANCE TO GREASE MONKEY,,,,39.1359818,-86.5310843,LOCAL/CITY RD,N,URBAN,N,N,N,,DAYLIGHT,CLEAR,DRY,,FOUR-WAY INTERSECTION,STRAIGHT/LEVEL,ASPHALT,FAILURE TO YIELD RIGHT OF WAY,RIGHT ANGLE,COUNTRYCLUBDRSWALNUTST,STOP SIGN,2021-09-29 16:58:00,,,
953,BLOOMINGTON PD,BLOOMINGTON,2,0.0,0.0,0,0,,,,S FESS AVE,E ATWATER AVE,,50.0,S,39.163328,-86.525808,LOCAL/CITY RD,N,URBAN,N,N,N,,DAYLIGHT,CLEAR,DRY,,T-INTERSECTION,STRAIGHT/LEVEL,ASPHALT,FAILURE TO YIELD RIGHT OF WAY,LEFT TURN,ATWATERAVESOUTHFESSAVE,LN CONTROL,2021-09-29 19:08:00,,,
954,MONROE SD,BLOOMINGTON,2,0.0,1.0,0,0,,,,S CURRY PK,W BELLE AVE,,,,39.163552,-86.582896,COUNTY RD,N,RURAL,N,N,N,,DARK (LIGHTED),CLEAR,DRY,,T-INTERSECTION,STRAIGHT/LEVEL,ASPHALT,FOLLOWING TOO CLOSELY,REAR END,SCURRYPKWBELLEAVE,NONE,2021-09-29 19:40:00,,,
955,MONROE SD,BLOOMINGTON,2,0.0,0.0,0,0,,,,N HARTSTRAIT RD,,,200.0,S,0.0,0.0,LOCAL/CITY RD,N,RURAL,N,N,N,,DARK (NOT LIGHTED),CLEAR,DRY,,NO JUNCTION INVOLVED,STRAIGHT/GRADE,ASPHALT,FOLLOWING TOO CLOSELY,REAR END,NHARTSTRAITRDVERNALPK,NONE,2021-09-28 07:19:00,,,
956,ISP BLOOMINGTON 33,BLOOMINGTON,2,,0.0,0,0,,,,ST RD 37,,,1250.0,,39.08858608,-86.54499223,ST RD,,RURAL,N,N,Y,LN CLOSURE,DAYLIGHT,CLEAR,DRY,,NO JUNCTION INVOLVED,,ASPHALT,UNSAFE LN MOVEMENT,SAME DIRECTION SIDESWIPE,StateRd37S.WalnutSt.,,2021-09-28 08:03:00,,,
957,BLOOMINGTON PD,BLOOMINGTON,2,0.0,2.0,0,0,,,,S ROGERS ST,W PATTERSON DR,,,,39.153791,-86.538749,LOCAL/CITY RD,N,URBAN,N,N,N,,DAYLIGHT,CLEAR,DRY,,FOUR-WAY INTERSECTION,STRAIGHT/GRADE,ASPHALT,FAILURE TO YIELD RIGHT OF WAY,RIGHT ANGLE,PATTERSONDRIVEROGERSST,TRAFFIC CONTROL SIGNAL,2021-09-28 09:08:00,,,
958,BLOOMINGTON PD,BLOOMINGTON,2,0.0,0.0,0,0,,,,E HILLSIDE DR,S WOODLAWN AVE,,,,39.15072,-86.522496,LOCAL/CITY RD,N,URBAN,Y,N,N,,DAYLIGHT,CLEAR,DRY,,T-INTERSECTION,STRAIGHT/LEVEL,ASPHALT,FAILURE TO YIELD RIGHT OF WAY,RIGHT ANGLE,EHILLSIDEDRSWOODLAWNAVE,LN CONTROL,2021-09-28 12:13:00,,,
959,INDIANA UNIV BLOOMINGTON PD,BLOOMINGTON,1,0.0,1.0,0,0,,,,E 10TH ST,N WOODLAWN AVE,,,,39.171632,-86.523536,LOCAL/CITY RD,N,URBAN,N,N,N,,DAYLIGHT,CLEAR,DRY,,FOUR-WAY INTERSECTION,STRAIGHT/LEVEL,ASPHALT,FAILURE TO YIELD RIGHT OF WAY,LEFT TURN,10THSTWOODLAWNAVE,TRAFFIC CONTROL SIGNAL,2021-09-28 13:06:00,,True,
960,BLOOMINGTON PD,BLOOMINGTON,2,0.0,0.0,0,0,,,,W 3RD ST,S WALNUT ST,,,,39.16464,-86.5336,LOCAL/CITY RD,N,URBAN,N,N,Y,LN CLOSURE,DAYLIGHT,CLEAR,DRY,,FOUR-WAY INTERSECTION,STRAIGHT/LEVEL,ASPHALT,UNSAFE LN MOVEMENT,SAME DIRECTION SIDESWIPE,E 3RDSTSWALNUTST,NONE,2021-09-28 13:54:00,,,
961,BLOOMINGTON PD,BLOOMINGTON,2,0.0,0.0,0,0,,,,S BASSWOOD CIR (S),S BASSWOOD DR,,50.0,E,39.149456,-86.57024,LOCAL/CITY RD,N,URBAN,N,N,N,,DAYLIGHT,CLEAR,DRY,,T-INTERSECTION,STRAIGHT/LEVEL,ASPHALT,UNSAFE BACKING,BACKING CRASH,SOUTHBASSWOODCIRSOUTHBASSWOODDR,NONE,2021-09-28 14:51:00,,,
962,BLOOMINGTON PD,BLOOMINGTON,2,0.0,0.0,0,0,,,,E RHORER RD,S WALNUT ST,,,,39.12144,-86.526496,LOCAL/CITY RD,N,URBAN,N,N,N,,DAYLIGHT,CLEAR,DRY,,FOUR-WAY INTERSECTION,STRAIGHT/LEVEL,ASPHALT,FOLLOWING TOO CLOSELY,REAR END,ERHORERRDSWALNUTST,TRAFFIC CONTROL SIGNAL,2021-09-28 15:18:00,,,
963,MONROE SD,BLOOMINGTON,2,1.0,0.0,0,0,,,,ST RD 37,,,1000.0,N,39.02275305,-86.53550942,ST RD,N,RURAL,N,N,Y,LN CLOSURE,DAYLIGHT,CLEAR,DRY,,NO JUNCTION INVOLVED,STRAIGHT/GRADE,ASPHALT,FOLLOWING TOO CLOSELY,REAR END,MONROEDAMNRDS ST RD 37,NONE,2021-09-28 15:50:00,,,
964,BLOOMINGTON PD,BLOOMINGTON,2,0.0,0.0,0,0,,,,E 3RD ST,S ROOSEVELT ST,,,,39.164304,-86.505792,LOCAL/CITY RD,N,URBAN,N,N,N,,DAYLIGHT,CLEAR,DRY,,T-INTERSECTION,STRAIGHT/GRADE,ASPHALT,FAILURE TO YIELD RIGHT OF WAY,RIGHT ANGLE,EAST3RDSTSOUTHROOSEVELTST,LN CONTROL,2021-09-28 16:48:00,,,
965,BLOOMINGTON PD,BLOOMINGTON,2,0.0,0.0,0,0,3205,,,ST RD 45,ENTRANCE TO SAM'S CLUB,,,,39.144451,-86.576037,LOCAL/CITY RD,N,URBAN,N,N,N,,DAYLIGHT,CLEAR,DRY,,NO JUNCTION INVOLVED,STRAIGHT/LEVEL,ASPHALT,UNSAFE BACKING,REAR END,WSTATERD45HWY,TRAFFIC CONTROL SIGNAL,2021-09-28 16:59:00,,,
966,MONROE SD,BLOOMINGTON,2,0.0,0.0,0,0,,,,S WALNUT ST PK,E RHORER RD,,,,39.12144,-86.526496,LOCAL/CITY RD,N,URBAN,N,N,N,,DAYLIGHT,CLEAR,DRY,,FOUR-WAY INTERSECTION,STRAIGHT/GRADE,ASPHALT,OTHER (DRIVER) - EXPLAIN IN NARRATIVE,REAR END,ERHORERRDWALNUTSTPK,TRAFFIC CONTROL SIGNAL,2021-09-28 17:51:00,,,
967,BLOOMINGTON PD,BLOOMINGTON,2,0.0,0.0,0,0,,,,N WALNUT ST,ST RD 45/46,,,,39.186368,-86.5344,LOCAL/CITY RD,N,URBAN,N,N,N,,DAYLIGHT,CLEAR,DRY,,FOUR-WAY INTERSECTION,STRAIGHT/LEVEL,ASPHALT,FOLLOWING TOO CLOSELY,REAR END,NWALNUTSTST RD 45 W,NONE,2021-09-28 19:20:00,,,
968,BLOOMINGTON PD,BLOOMINGTON,2,0.0,0.0,0,0,,,,W 8TH ST,N SPRING ST,,,,39.169728,-86.5548,LOCAL/CITY RD,N,URBAN,N,N,N,,DARK (NOT LIGHTED),CLEAR,DRY,,FOUR-WAY INTERSECTION,STRAIGHT/LEVEL,ASPHALT,UNSAFE LN MOVEMENT,SAME DIRECTION SIDESWIPE,NSPRINGSTW8THST,NONE,2021-09-28 20:53:00,,,
969,INDIANA UNIV BLOOMINGTON PD,BLOOMINGTON,1,0.0,0.0,0,0,,,,N UNION ST,E LAW LN,,,,39.172319,-86.509656,LOCAL/CITY RD,Y,URBAN,N,N,N,,DAYLIGHT,CLEAR,DRY,,T-INTERSECTION,STRAIGHT/LEVEL,ASPHALT,FAILURE TO YIELD RIGHT OF WAY,LEFT TURN,LAWLNUNIONST,STOP SIGN,2021-09-27 08:00:00,,True,
970,INDIANA UNIV BLOOMINGTON PD,BLOOMINGTON,2,0.0,0.0,0,0,,,,N WOODLAWN AVE,E 17TH ST,,,,39.1790372,-86.523554,LOCAL/CITY RD,N,URBAN,N,N,N,,DAYLIGHT,CLEAR,DRY,,FOUR-WAY INTERSECTION,STRAIGHT/LEVEL,ASPHALT,FOLLOWING TOO CLOSELY,REAR END,EAST17THSTWOODLAWNAVE,TRAFFIC CONTROL SIGNAL,2021-09-27 10:00:00,,,
971,BLOOMINGTON PD,BLOOMINGTON,2,0.0,0.0,0,0,,,,S MITCHELL ST,,,500.0,N,39.21389739,-86.514175,LOCAL/CITY RD,N,URBAN,N,N,N,,DAYLIGHT,CLEAR,DRY,,NO JUNCTION INVOLVED,STRAIGHT/LEVEL,ASPHALT,OTHER (DRIVER) - EXPLAIN IN NARRATIVE,REAR END,E 2NDSTSMITCHELLST,NONE,2021-09-27 10:27:00,,,
972,ELLETTSVILLE PD,ELLETTSVILLE,2,0.0,0.0,0,0,,,,ST RD 46,,,1500.0,W,39.245757,-86.63658604,ST RD,N,RURAL,N,N,N,,DAYLIGHT,CLEAR,DRY,,NO JUNCTION INVOLVED,STRAIGHT/LEVEL,ASPHALT,LEFT OF CENTER,OTHER - EXPLAIN IN NARRATIVE,REDHILLRDST RD 46 W,LN CONTROL,2021-09-27 10:45:00,,,
973,BLOOMINGTON PD,BLOOMINGTON,2,0.0,0.0,0,0,,,,N KINSER PK,W 17TH ST,,,,39.178992,-86.537792,LOCAL/CITY RD,N,URBAN,Y,N,N,,DAYLIGHT,CLEAR,DRY,,FOUR-WAY INTERSECTION,STRAIGHT/HILLCREST,ASPHALT,FOLLOWING TOO CLOSELY,REAR END,NKINSERPKW17THST,NONE,2021-09-27 11:55:00,,,
974,BLOOMINGTON PD,BLOOMINGTON,2,0.0,0.0,0,0,,,,N WALNUT ST,W 10TH ST,,,,39.171744,-86.53352,LOCAL/CITY RD,N,URBAN,N,N,N,,DAYLIGHT,CLEAR,DRY,,FOUR-WAY INTERSECTION,STRAIGHT/GRADE,ASPHALT,FOLLOWING TOO CLOSELY,REAR END,NORTHWALNUTSTWEST10THST,TRAFFIC CONTROL SIGNAL,2021-09-27 13:49:00,,,
975,BLOOMINGTON PD,BLOOMINGTON,2,0.0,0.0,0,0,,,,E ATWATER AVE,S EASTSIDE DR,,,,39.16312,-86.513088,LOCAL/CITY RD,N,URBAN,N,N,N,,DAYLIGHT,CLEAR,DRY,,FOUR-WAY INTERSECTION,STRAIGHT/GRADE,ASPHALT,FAILURE TO YIELD RIGHT OF WAY,RIGHT ANGLE,EASTATWATERAVESOUTHEASTSIDEDR,STOP SIGN,2021-09-27 15:47:00,,,
976,INDIANA UNIV BLOOMINGTON PD,BLOOMINGTON,2,0.0,0.0,0,0,,,,N EAGLESON AVE,E 10TH ST,,,,39.171584,-86.515629,LOCAL/CITY RD,N,URBAN,N,N,N,,DAWN/DUSK,CLEAR,DRY,,FOUR-WAY INTERSECTION,STRAIGHT/LEVEL,ASPHALT,FOLLOWING TOO CLOSELY,REAR END,EAGLESON AVEAVETENTHST,TRAFFIC CONTROL SIGNAL,2021-09-27 20:15:00,,,
977,BLOOMINGTON PD,BLOOMINGTON,1,0.0,0.0,0,1,,,,E HILLSIDE DR,S MAXWELL ST,,150.0,W,39.150532,-86.51509202,LOCAL/CITY RD,N,URBAN,N,N,N,,DARK (NOT LIGHTED),CLEAR,DRY,,NO JUNCTION INVOLVED,STRAIGHT/GRADE,ASPHALT,ANIMAL/OBJECT IN RDWAY,COLLISION WITH DEER,HILLSIDEDRMAXWELLST,LN CONTROL,2021-09-26 03:10:00,,,
978,INDIANA UNIV BLOOMINGTON PD,BLOOMINGTON,3,0.0,1.0,0,0,,,,N EAGLESON AVE,N FISHER CT,,,,39.183754,-86.516856,LOCAL/CITY RD,N,URBAN,N,N,N,,DARK (LIGHTED),CLEAR,DRY,,NO JUNCTION INVOLVED,CURVE/LEVEL,ASPHALT,RAN OFF RD RIGHT,REAR END,NFISHERCTNEAGLESON AVEAVE,NONE,2021-09-26 03:22:00,,,
979,BLOOMINGTON PD,BLOOMINGTON,1,0.0,0.0,0,0,,,,N DUNN ST,,,300.0,N,39.198528,-86.528624,LOCAL/CITY RD,N,URBAN,N,N,N,,DARK (NOT LIGHTED),CLEAR,DRY,,NO JUNCTION INVOLVED,STRAIGHT/LEVEL,ASPHALT,RAN OFF RD RIGHT,RAN OFF RD,EKENWOODPLNDUNNST,NONE,2021-09-26 05:25:00,,,
980,BLOOMINGTON PD,BLOOMINGTON,2,0.0,0.0,0,0,,,,E 13TH ST,N INDIANA AVE,,,,39.175504,-86.527104,LOCAL/CITY RD,N,URBAN,N,N,N,,DAYLIGHT,CLEAR,DRY,,FOUR-WAY INTERSECTION,STRAIGHT/LEVEL,ASPHALT,FAILURE TO YIELD RIGHT OF WAY,RIGHT ANGLE,E13THSTNINDIANAAVE,STOP SIGN,2021-09-26 05:27:00,,,
981,BLOOMINGTON PD,BLOOMINGTON,3,0.0,4.0,0,0,,,,ST RD 45/46,N KINSER PK,,,,39.186544,-86.537888,ST RD,N,URBAN,N,Y,N,,DAYLIGHT,CLEAR,DRY,,FOUR-WAY INTERSECTION,STRAIGHT/LEVEL,ASPHALT,FAILURE TO YIELD RIGHT OF WAY,LEFT TURN,NKINSERPKST RD 4546 W,TRAFFIC CONTROL SIGNAL,2021-09-26 13:30:00,,,
982,MONROE SD,BLOOMINGTON,1,1.0,0.0,0,0,,,,ST RD 48,,,500.0,W,39.16345193,-86.63082546,ST RD,N,RURAL,N,N,N,,DAYLIGHT,CLEAR,DRY,,T-INTERSECTION,CURVE/GRADE,ASPHALT,RAN OFF RD RIGHT,RAN OFF RD,CAVERDST RD 48W,NONE,2021-09-26 17:29:00,,,
983,BLOOMINGTON PD,BLOOMINGTON,2,0.0,0.0,0,0,,,,E ATWATER AVE,S SWAIN AVE,,,,39.163152,-86.515168,LOCAL/CITY RD,N,URBAN,N,N,N,,DAYLIGHT,CLEAR,DRY,,FOUR-WAY INTERSECTION,STRAIGHT/GRADE,ASPHALT,FAILURE TO YIELD RIGHT OF WAY,RIGHT ANGLE,ATWATERAVESWAINAVE,STOP SIGN,2021-09-26 18:00:00,,,
984,MONROE SD,BLOOMINGTON,1,0.0,0.0,0,0,,,,S WALNUT ST,,,1000.0,N,39.21280949,-86.531496,LOCAL/CITY RD,N,RURAL,N,N,N,,DARK (NOT LIGHTED),CLEAR,DRY,,NO JUNCTION INVOLVED,STRAIGHT/LEVEL,ASPHALT,ANIMAL/OBJECT IN RDWAY,COLLISION WITH DEER,FAIRFAXSTWALNUTST,NONE,2021-09-25 00:32:00,,,
985,MONROE SD,BLOOMINGTON,1,0.0,0.0,0,0,,,,ST RD 48,,,2000.0,E,39.1634378,-86.64606399,ST RD,N,RURAL,N,N,N,,DARK (NOT LIGHTED),RAIN,WET,,NO JUNCTION INVOLVED,CURVE/LEVEL,ASPHALT,SPEED TOO FAST FOR WEATHER CONDITIONS,RAN OFF RD,ST RD 48WWVERNALPK,NONE,2021-09-25 06:51:00,,,
986,MONROE SD,BLOOMINGTON,2,0.0,0.0,0,0,,,,S ROGERS ST,W THAT RD,,,,39.11464,-86.539392,LOCAL/CITY RD,N,URBAN,N,N,N,,DAYLIGHT,RAIN,WET,,T-INTERSECTION,STRAIGHT/LEVEL,ASPHALT,SPEED TOO FAST FOR WEATHER CONDITIONS,RIGHT ANGLE,SROGERSSTWTHATRD,LN CONTROL,2021-09-25 07:50:00,,,
987,MONROE SD,BLOOMINGTON,1,0.0,0.0,0,0,,,,E FARR RD,,,4000.0,E,39.306784,-86.475408,LOCAL/CITY RD,N,RURAL,N,N,N,,DAYLIGHT,CLEAR,WET,,NO JUNCTION INVOLVED,CURVE/LEVEL,ASPHALT,RAN OFF RD RIGHT,RAN OFF RD,EFARRRDNLEWISLN,NONE,2021-09-25 10:39:00,,,
988,BLOOMINGTON PD,BLOOMINGTON,2,0.0,0.0,0,0,,,,N COLLEGE AVE,W 8TH ST,,,,39.169552,-86.534784,LOCAL/CITY RD,N,URBAN,N,N,N,,DAYLIGHT,CLEAR,DRY,,FOUR-WAY INTERSECTION,STRAIGHT/GRADE,ASPHALT,FAILURE TO YIELD RIGHT OF WAY,RIGHT ANGLE,NCOLLEGEAVEW8THST,STOP SIGN,2021-09-25 13:53:00,,,