_id,Agency,City,Vehicles Involved,Trailers Involved,Number Injured,Number Dead,Number Deer,House Number,Roadway Interchange,Roadway Ramp,Roadway Id,Intersecting Road,Interchange,Feet From,Direction,Latitude,Longitude,Roadway Class,Hit and Run?,Locality,School Zone?,Rumble Strips?,Construction?,Construction Type,Light Condition,Weather Conditions,Surface Condition,Type of Median,Roadway Junction Type,Road Character,Roadway Surface,Primary Factor,Manner of Collision,Unique Location Id,Traffic Control,DateTime,Address Number,Cyclist Involved,Pedestrian Involved
1050,BLOOMINGTON PD,BLOOMINGTON,2,0.0,0.0,0,0,,,,N KINSER PK,W PARRISH RD,,,,39.188144,-86.5376,LOCAL/CITY RD,N,URBAN,N,N,N,,DAYLIGHT,RAIN,WET,,T-INTERSECTION,STRAIGHT/GRADE,ASPHALT,FOLLOWING TOO CLOSELY,REAR END,NORTHKINSERPKWESTPARRISHRD,LN CONTROL,2021-09-20 15:23:00,,,
1051,BLOOMINGTON PD,BLOOMINGTON,2,0.0,1.0,0,0,,,,S CURRY PK,ST RD 45,,,,0.0,0.0,,Y,URBAN,N,N,N,,DAYLIGHT,RAIN,WET,,FOUR-WAY INTERSECTION,STRAIGHT/LEVEL,ASPHALT,FOLLOWING TOO CLOSELY,REAR END,CURRYPKST RD 48,TRAFFIC CONTROL SIGNAL,2021-09-20 15:30:00,,,
1052,MONROE SD,BLOOMINGTON,2,0.0,0.0,0,0,,116,S,I-69 S,W TAPP RD,,,,0.0,0.0,INTERSTATE,N,RURAL,N,N,N,,DAYLIGHT,CLOUDY,DRY,,RAMP,STRAIGHT/LEVEL,ASPHALT,FOLLOWING TOO CLOSELY,REAR END,I-69S,NONE,2021-09-20 15:48:00,,,
1053,INDIANA UNIV BLOOMINGTON PD,BLOOMINGTON,1,0.0,0.0,0,0,,,,N HEADLEY RD,,,200.0,S,39.16857254,-86.514522,LOCAL/CITY RD,N,URBAN,N,N,N,,DAYLIGHT,RAIN,WET,,NO JUNCTION INVOLVED,CURVE/HILLCREST,ASPHALT,OVERCORRECTING/OVERSTEERING,RAN OFF RD,HEADLYRDTREADWELLLN,NONE,2021-09-20 15:55:00,,,
1054,BLOOMINGTON PD,BLOOMINGTON,2,0.0,0.0,0,0,,,,W 3RD ST,S MULLER PKWY,,200.0,E,39.164469,-86.56272631,LOCAL/CITY RD,Y,URBAN,N,N,N,,DAYLIGHT,CLOUDY,WET,,NO JUNCTION INVOLVED,STRAIGHT/LEVEL,ASPHALT,UNSAFE LN MOVEMENT,SAME DIRECTION SIDESWIPE,SMULLERPKWYW 3RDST,NONE,2021-09-20 16:23:00,,,
1055,BLOOMINGTON PD,BLOOMINGTON,2,0.0,2.0,0,0,,,,ST RD 45/46,N KINSER PK,,,,39.186544,-86.537888,ST RD,N,URBAN,N,Y,N,,DAYLIGHT,CLOUDY,WET,,FOUR-WAY INTERSECTION,STRAIGHT/LEVEL,ASPHALT,FAILURE TO YIELD RIGHT OF WAY,LEFT TURN,NKINSERPKST RD 4546E,TRAFFIC CONTROL SIGNAL,2021-09-20 16:55:00,,,
1056,BLOOMINGTON PD,BLOOMINGTON,2,0.0,1.0,0,0,,,,S SARE RD,E DAVID DR,,150.0,S,39.12272488,-86.496552,LOCAL/CITY RD,N,URBAN,N,N,N,,DARK (NOT LIGHTED),CLOUDY,MUDDY,,T-INTERSECTION,STRAIGHT/HILLCREST,ASPHALT,FOLLOWING TOO CLOSELY,REAR END,EASTDAVIDDRSOUTHSARERD,LN CONTROL,2021-09-20 20:32:00,,,
1057,MONROE SD,BLOOMINGTON,1,0.0,0.0,0,0,3270,,,E ROBINSON RD,,,,,39.240678,-86.497539,COUNTY RD,N,RURAL,N,N,N,,DARK (NOT LIGHTED),CLOUDY,DRY,,NO JUNCTION INVOLVED,CURVE/GRADE,ASPHALT,RAN OFF RD RIGHT,RAN OFF RD,ROBINSONRD,NONE,2021-09-20 23:15:00,,,
1058,BLOOMINGTON PD,BLOOMINGTON,3,0.0,0.0,0,0,,,,ST RD 46,E 7TH ST,,,,39.167648,-86.500096,ST RD,N,URBAN,N,N,N,,DAYLIGHT,CLEAR,DRY,,NO JUNCTION INVOLVED,STRAIGHT/GRADE,ASPHALT,FOLLOWING TOO CLOSELY,REAR END,7THSTST RD 46E,NONE,2021-09-19 00:28:00,,,
1059,MONROE SD,BLOOMINGTON,1,0.0,1.0,0,0,7155,,,ST RD 45,,,100.0,W,39.22755771,-86.43445148,ST RD,N,URBAN,N,N,N,,DARK (NOT LIGHTED),CLEAR,DRY,,NO JUNCTION INVOLVED,CURVE/GRADE,ASPHALT,RAN OFF RD RIGHT,RAN OFF RD,SKIRVINLNST RD 45E,LN CONTROL,2021-09-19 00:35:00,,,
1060,MONROE SD,BLOOMINGTON,1,0.0,0.0,0,0,,,,I-69 S,,,0.0,S,0.0,0.0,ST RD,N,URBAN,N,N,N,,DARK (NOT LIGHTED),CLEAR,DRY,,NO JUNCTION INVOLVED,STRAIGHT/LEVEL,ASPHALT,DRIVER ASLEEP OR FATIGUED,RAN OFF RD,SR69S119.0,LN CONTROL,2021-09-19 02:40:00,,,
1061,BLOOMINGTON PD,BLOOMINGTON,2,0.0,0.0,0,0,,,,ST RD 46,E 7TH ST,,,,39.17429126,-86.50342273,ST RD,N,URBAN,N,N,N,,DAYLIGHT,CLEAR,DRY,,T-INTERSECTION,STRAIGHT/LEVEL,ASPHALT,FOLLOWING TOO CLOSELY,REAR END,RANGERDST RD 45,NONE,2021-09-19 14:15:00,,,
1062,BLOOMINGTON PD,BLOOMINGTON,2,0.0,0.0,0,0,,,,N WILLIS DR,W 17TH ST,,,,39.179104,-86.544016,LOCAL/CITY RD,N,URBAN,N,N,N,,DAYLIGHT,CLEAR,DRY,,T-INTERSECTION,STRAIGHT/LEVEL,ASPHALT,IMPROPER TURNING,HEAD ON BETWEEN TWO MOTOR VEHICLES,NWILLISDRW17THST,STOP SIGN,2021-09-19 15:16:00,,,
1063,BLOOMINGTON PD,BLOOMINGTON,3,0.0,0.0,0,0,,,,S COLLEGE MALL RD,E 2ND ST,,100.0,S,39.15035845,-86.4977835,LOCAL/CITY RD,N,URBAN,N,N,N,,DAYLIGHT,CLEAR,DRY,,FOUR-WAY INTERSECTION,STRAIGHT/LEVEL,ASPHALT,UNSAFE LN MOVEMENT,SAME DIRECTION SIDESWIPE,E 2NDSTSCOLLEGEMALLRD,TRAFFIC CONTROL SIGNAL,2021-09-19 16:57:00,,,
1064,BLOOMINGTON PD,BLOOMINGTON,2,0.0,0.0,0,0,,,,S BASSWOOD DR,W BLOOMFIELD RD,,100.0,N,39.16038765,-86.5689428,LOCAL/CITY RD,N,URBAN,N,N,N,,DAWN/DUSK,CLOUDY,WET,,FOUR-WAY INTERSECTION,CURVE/LEVEL,ASPHALT,RDWAY SURFACE CONDITION,OPPOSITE DIRECTION SIDESWIPE,BASSWOODDRBLOOMFIELDRD,NONE,2021-09-19 19:24:00,,,
1065,INDIANA UNIV BLOOMINGTON PD,BLOOMINGTON,2,0.0,0.0,0,0,,,,ST RD 45/46,E DISCOVERY PKWY,,70.0,S,39.21848986,-86.61344224,ST RD,N,URBAN,N,N,N,,DAYLIGHT,CLEAR,DRY,,NO JUNCTION INVOLVED,STRAIGHT/LEVEL,ASPHALT,FOLLOWING TOO CLOSELY,REAR END,DISCOVERYPKWYST RD 46S,NONE,2021-09-19 23:56:00,,,
1066,INDIANA UNIV BLOOMINGTON PD,BLOOMINGTON,2,0.0,0.0,0,0,,,,E 10TH ST,N FEE LN,,,,39.171606,-86.519002,LOCAL/CITY RD,N,URBAN,N,N,N,,DARK (LIGHTED),CLEAR,DRY,,NO JUNCTION INVOLVED,STRAIGHT/LEVEL,ASPHALT,DRIVER DISTRACTED - EXPLAIN IN NARRATIVE,REAR END,FEELNTENTHST,NONE,2021-09-18 00:13:00,,,
1067,BLOOMINGTON PD,BLOOMINGTON,2,0.0,0.0,0,0,,,,N LINCOLN ST,E 9TH ST,,,,39.170544,-86.530992,LOCAL/CITY RD,N,URBAN,N,N,N,,DARK (LIGHTED),CLEAR,DRY,,T-INTERSECTION,STRAIGHT/GRADE,ASPHALT,IMPROPER LN USAGE,SAME DIRECTION SIDESWIPE,9THSTNLINCOLNST,NONE,2021-09-18 01:40:00,,,
1068,BLOOMINGTON PD,BLOOMINGTON,2,0.0,0.0,0,0,501,,,E DODDS ST,S DUNN ST,,,,39.157634,-86.527924,LOCAL/CITY RD,Y,URBAN,N,N,N,,DAYLIGHT,CLEAR,DRY,,NO JUNCTION INVOLVED,STRAIGHT/LEVEL,ASPHALT,FAILURE TO YIELD RIGHT OF WAY,,EDODDSST,NONE,2021-09-18 10:00:00,,,
1069,BLOOMINGTON PD,BLOOMINGTON,3,0.0,2.0,0,0,,,,ST RD 46,ST RD 46,,,,39.16424,-86.4984,ST RD,N,URBAN,N,N,N,,DAYLIGHT,CLEAR,DRY,,FOUR-WAY INTERSECTION,STRAIGHT/LEVEL,ASPHALT,DRIVER ILLNESS,LEFT TURN,COLLEGEMALLRDST RD 46 W,TRAFFIC CONTROL SIGNAL,2021-09-18 10:51:00,,,
1070,BLOOMINGTON PD,BLOOMINGTON,2,0.0,0.0,0,0,,,,W ALLEN ST,,,500.0,W,39.155952,-86.550592,LOCAL/CITY RD,N,URBAN,N,N,N,,DAYLIGHT,CLEAR,DRY,,NO JUNCTION INVOLVED,STRAIGHT/GRADE,ASPHALT,LEFT OF CENTER,OPPOSITE DIRECTION SIDESWIPE,SADAMSSTWALLENST,LN CONTROL,2021-09-18 11:00:00,,,
1071,ELLETTSVILLE PD,ELLETTSVILLE,2,0.0,0.0,0,0,,,,ST RD 46,N UNION VALLEY RD,,,,39.215152,-86.5928,ST RD,N,URBAN,N,N,N,,DAYLIGHT,CLEAR,DRY,,NO JUNCTION INVOLVED,STRAIGHT/LEVEL,ASPHALT,FOLLOWING TOO CLOSELY,REAR END,ST RD 46 WUNIONVALLEYDR,TRAFFIC CONTROL SIGNAL,2021-09-18 11:53:00,,,
1072,MONROE SD,BLOOMINGTON,1,0.0,0.0,0,0,,,,ST RD 37,,,1000.0,S,0.0,0.0,,Y,RURAL,N,N,Y,LN CLOSURE,DAYLIGHT,CLEAR,DRY,,NO JUNCTION INVOLVED,CURVE/LEVEL,ASPHALT,OTHER (DRIVER) - EXPLAIN IN NARRATIVE,OTHER - EXPLAIN IN NARRATIVE,S ST RD 37WVICTORPK,NONE,2021-09-18 15:30:00,,,
1073,BLOOMINGTON PD,BLOOMINGTON,2,0.0,0.0,0,0,,,,N WALNUT ST,W KIRKWOOD AVE,,,,39.16664,-86.5336,LOCAL/CITY RD,N,URBAN,N,N,N,,DAYLIGHT,CLEAR,DRY,,FOUR-WAY INTERSECTION,STRAIGHT/LEVEL,ASPHALT,UNSAFE LN MOVEMENT,SAME DIRECTION SIDESWIPE,NWALNUTSTWKIRKWOODAVE,TRAFFIC CONTROL SIGNAL,2021-09-18 16:39:00,,,
1074,BLOOMINGTON PD,BLOOMINGTON,2,0.0,0.0,0,0,,,,N WASHINGTON ST,E 12TH ST,,,,39.174368,-86.5324,LOCAL/CITY RD,Y,URBAN,N,N,N,,UNKNOWN,CLEAR,DRY,,T-INTERSECTION,STRAIGHT/LEVEL,ASPHALT,UNSAFE BACKING,BACKING CRASH,E12THSTNWASHINGTONST,NONE,2021-09-18 17:11:00,,,
1075,MONROE SD,BLOOMINGTON,2,0.0,0.0,0,0,5736,,,ST RD 46,,,,,39.16354,-86.44873,UNKNOWN,N,RURAL,N,N,N,,DARK (NOT LIGHTED),CLEAR,DRY,,NO JUNCTION INVOLVED,CURVE/GRADE,ASPHALT,UNSAFE BACKING,RIGHT ANGLE,ESTRD46HWY,LN CONTROL,2021-09-18 23:00:00,,,
1076,INDIANA UNIV BLOOMINGTON PD,BLOOMINGTON,2,0.0,0.0,0,0,,,,N DUNN ST,ENTRANCE TO IU  9,,450.0,N,39.23059733,-86.52834,LOCAL/CITY RD,N,URBAN,N,N,N,,DARK (LIGHTED),CLEAR,DRY,,NO JUNCTION INVOLVED,STRAIGHT/LEVEL,ASPHALT,DRIVER DISTRACTED - EXPLAIN IN NARRATIVE,REAR END,DUNNSTEVARSITYLN,LN CONTROL,2021-09-18 23:29:00,,,
1077,BLOOMINGTON PD,BLOOMINGTON,4,0.0,0.0,0,0,,,,E 3RD ST,S HILLSDALE DR,,500.0,W,39.16424,-86.50260174,LOCAL/CITY RD,N,URBAN,N,N,N,,DAYLIGHT,CLEAR,DRY,,NO JUNCTION INVOLVED,STRAIGHT/LEVEL,ASPHALT,FOLLOWING TOO CLOSELY,REAR END,3RDSTHILLSDALEDR,NONE,2021-09-17 00:08:00,,,
1078,MONROE SD,BLOOMINGTON,1,0.0,0.0,0,0,,,,E ROBINSON RD,,,200.0,W,39.251056,-86.469904,COUNTY RD,N,RURAL,N,N,N,,DAYLIGHT,CLEAR,DRY,,NO JUNCTION INVOLVED,CURVE/GRADE,ASPHALT,RAN OFF RD RIGHT,RAN OFF RD,EROBINSONRDNMILLERRD,LN CONTROL,2021-09-17 07:39:00,,,
1079,INDIANA UNIV BLOOMINGTON PD,BLOOMINGTON,2,0.0,0.0,0,0,,,,E 3RD ST,N UNION ST,,,,39.164352,-86.5088,LOCAL/CITY RD,N,URBAN,N,N,N,,DAYLIGHT,CLEAR,DRY,,T-INTERSECTION,STRAIGHT/LEVEL,ASPHALT,DISREGARD SIGNAL/REG SIGN,LEFT TURN,3RDSTUNIONST,STOP SIGN,2021-09-17 08:03:00,,,
1080,INDIANA UNIV BLOOMINGTON PD,BLOOMINGTON,3,0.0,0.0,0,0,,,,E 10TH ST,N WALNUT GROVE ST,,,,39.17162,-86.520984,LOCAL/CITY RD,N,URBAN,N,N,N,,DAYLIGHT,CLEAR,DRY,,NO JUNCTION INVOLVED,STRAIGHT/LEVEL,ASPHALT,FOLLOWING TOO CLOSELY,REAR END,TENTHSTWALNUTGROVEST,NONE,2021-09-17 08:35:00,,,
1081,BLOOMINGTON PD,BLOOMINGTON,2,0.0,0.0,0,0,,,,S PATTERSON DR,W ISAACS DR,,,,39.16342,-86.551249,LOCAL/CITY RD,N,URBAN,Y,N,N,,DAYLIGHT,CLEAR,DRY,,FOUR-WAY INTERSECTION,STRAIGHT/LEVEL,ASPHALT,FAILURE TO YIELD RIGHT OF WAY,RIGHT ANGLE,SPATTERSONDRW 3RDST,STOP SIGN,2021-09-17 10:16:00,,,
1082,MONROE SD,BLOOMINGTON,2,0.0,0.0,0,0,,,,N HARTSTRAIT RD,W RATLIFF RD,,,,39.209109,-86.611378,LOCAL/CITY RD,N,RURAL,N,N,N,,DAYLIGHT,CLEAR,DRY,,T-INTERSECTION,STRAIGHT/HILLCREST,ASPHALT,FAILURE TO YIELD RIGHT OF WAY,RIGHT ANGLE,NHARTSTRAITRDWRATLIFFRD,NONE,2021-09-17 10:24:00,,,
1083,BLOOMINGTON PD,BLOOMINGTON,2,0.0,0.0,0,0,,,,E 16TH ST,N LINCOLN ST,,600.0,E,39.177792,-86.530864,LOCAL/CITY RD,N,URBAN,N,N,N,,DAYLIGHT,CLEAR,DRY,,NO JUNCTION INVOLVED,STRAIGHT/HILLCREST,ASPHALT,OTHER (VEHICLE) - EXPLAIN IN NARRATIVE,SAME DIRECTION SIDESWIPE,E16THSTNLINCOLNST,NONE,2021-09-17 10:58:00,,,
1084,BLOOMINGTON PD,BLOOMINGTON,2,0.0,0.0,0,0,,,,N WALNUT ST,ST RD 45/46,,,,39.186368,-86.5344,LOCAL/CITY RD,Y,URBAN,Y,,N,,DAYLIGHT,CLEAR,DRY,,FOUR-WAY INTERSECTION,STRAIGHT/GRADE,ASPHALT,UNSAFE LN MOVEMENT,SAME DIRECTION SIDESWIPE,NORTHWALNUTSTWESTSTATERD4546BYP,TRAFFIC CONTROL SIGNAL,2021-09-17 11:40:00,,,
1085,BLOOMINGTON PD,BLOOMINGTON,2,0.0,1.0,0,0,,,,ST RD 46,E ASTGATE LN (N),,,,39.17024,-86.501392,ST RD,N,URBAN,N,N,N,,DAYLIGHT,CLEAR,DRY,,T-INTERSECTION,STRAIGHT/GRADE,CONCRETE,FOLLOWING TOO CLOSELY,REAR END,EASTGATELNST RD 46E,LN CONTROL,2021-09-17 12:05:00,,,
1086,BLOOMINGTON PD,BLOOMINGTON,2,0.0,0.0,0,0,,,,W 17TH ST,N WOODBURN AVE,,,,39.178976,-86.536032,LOCAL/CITY RD,N,URBAN,N,N,N,,DAYLIGHT,CLEAR,DRY,,FOUR-WAY INTERSECTION,STRAIGHT/GRADE,ASPHALT,FOLLOWING TOO CLOSELY,SAME DIRECTION SIDESWIPE,NWOODBURNAVEW17THST,NONE,2021-09-17 12:05:00,,,
1087,INDIANA UNIV BLOOMINGTON PD,BLOOMINGTON,4,0.0,0.0,0,0,,,,E 17TH ST,N DUNN ST,,,,39.178993,-86.528324,LOCAL/CITY RD,N,URBAN,N,N,N,,DAYLIGHT,CLEAR,DRY,,FOUR-WAY INTERSECTION,STRAIGHT/LEVEL,ASPHALT,FAILURE TO YIELD RIGHT OF WAY,LEFT TURN,DUNNSTEAST17THST,TRAFFIC CONTROL SIGNAL,2021-09-17 13:12:00,,,
1088,BLOOMINGTON PD,BLOOMINGTON,2,0.0,0.0,0,0,,,,N PETE LLIS DR,E LONGVIEW AVE,,,,39.166944,-86.495056,LOCAL/CITY RD,N,URBAN,N,N,N,,DAYLIGHT,CLEAR,DRY,,FOUR-WAY INTERSECTION,STRAIGHT/LEVEL,ASPHALT,FAILURE TO YIELD RIGHT OF WAY,RIGHT ANGLE,ELONGVIEWDRNPETEELLISDR,STOP SIGN,2021-09-17 15:45:00,,,
1089,INDIANA UNIV BLOOMINGTON PD,BLOOMINGTON,2,0.0,0.0,0,0,,,,E 17TH ST,N WALNUT GROVE ST,,,,39.179039,-86.521096,UNKNOWN,N,URBAN,N,N,N,,DARK (LIGHTED),CLEAR,DRY,,NO JUNCTION INVOLVED,STRAIGHT/LEVEL,ASPHALT,UNSAFE BACKING,BACKING CRASH,EAST17THSTWALNUTGROVEST,NONE,2021-09-17 22:30:00,,,
1090,MONROE SD,ELLETTSVILLE,1,0.0,0.0,0,0,,,,N UNION VALLEY RD,W CRESTWOOD DR,,,,39.217648,-86.5928,LOCAL/CITY RD,N,URBAN,N,N,N,,DARK (NOT LIGHTED),CLEAR,DRY,,T-INTERSECTION,STRAIGHT/GRADE,ASPHALT,RAN OFF RD RIGHT,RAN OFF RD,NUNIONVALLEYRDWCRESTWOODDR,NONE,2021-09-16 06:47:00,,,
1091,BLOOMINGTON PD,BLOOMINGTON,1,0.0,0.0,0,0,,,,I-69 N,,,2500.0,S,38.87219324,-86.55027809,ST RD,N,URBAN,N,N,N,,DAWN/DUSK,CLOUDY,DRY,,NO JUNCTION INVOLVED,STRAIGHT/LEVEL,ASPHALT,OVERCORRECTING/OVERSTEERING,RAN OFF RD,SR69NWTAPPRD,NONE,2021-09-16 06:50:00,,,
1092,BLOOMINGTON PD,BLOOMINGTON,2,0.0,1.0,0,0,,,,N WALNUT ST,ENTRANCE TO SPEEDWAY GAS STATION,,1000.0,S,39.19421486,-86.5333962,LOCAL/CITY RD,N,URBAN,N,N,N,,DAWN/DUSK,CLEAR,DRY,,NO JUNCTION INVOLVED,STRAIGHT/LEVEL,ASPHALT,FOLLOWING TOO CLOSELY,REAR END,BLUERIDGEDRWALNUTST,NONE,2021-09-16 06:56:00,,,
1093,BLOOMINGTON PD,BLOOMINGTON,2,0.0,1.0,0,0,,,,S PATTERSON DR,W ISAACS DR,,,,39.16342,-86.551249,LOCAL/CITY RD,N,URBAN,N,N,N,,DAYLIGHT,CLOUDY,DRY,,FOUR-WAY INTERSECTION,STRAIGHT/LEVEL,ASPHALT,FAILURE TO YIELD RIGHT OF WAY,HEAD ON BETWEEN TWO MOTOR VEHICLES,SPATTERSONDRW 3RDST,LN CONTROL,2021-09-16 09:27:00,,,
1094,MONROE SD,BLOOMINGTON,1,0.0,0.0,0,0,,,,ST RD 446,E MERRITT DR,,900.0,N,39.19472811,-86.4252816,ST RD,N,RURAL,N,N,N,,DAYLIGHT,CLEAR,DRY,,NO JUNCTION INVOLVED,CURVE/LEVEL,ASPHALT,ANIMAL/OBJECT IN RDWAY,RAN OFF RD,EMERRITTDRST RD 446S,NONE,2021-09-16 11:49:00,,,
1095,BLOOMINGTON PD,BLOOMINGTON,2,0.0,0.0,0,0,,,,N COLLEGE AVE,W 6TH ST,,200.0,N,39.167648,-86.534784,LOCAL/CITY RD,N,URBAN,N,N,N,,DAYLIGHT,CLEAR,DRY,,FOUR-WAY INTERSECTION,STRAIGHT/LEVEL,ASPHALT,OVERSIZE/OVERWEIGHT LOAD,SAME DIRECTION SIDESWIPE,NCOLLEGEAVEW6THST,TRAFFIC CONTROL SIGNAL,2021-09-16 12:34:00,,,
1096,BLOOMINGTON PD,BLOOMINGTON,2,0.0,0.0,0,0,,,,W 17TH ST,N WOODBURN AVE,,,,39.178976,-86.536032,LOCAL/CITY RD,N,URBAN,N,N,N,,DAYLIGHT,CLEAR,DRY,,NO JUNCTION INVOLVED,CURVE/LEVEL,ASPHALT,IMPROPER LN USAGE,SAME DIRECTION SIDESWIPE,NWOODBURNAVEW17THST,NONE,2021-09-16 12:37:00,,,
1097,BLOOMINGTON PD,BLOOMINGTON,3,0.0,0.0,0,0,,,,W 2ND ST,S EUCLID AVE,,,,39.1616,-86.543296,LOCAL/CITY RD,N,URBAN,N,N,N,,DAYLIGHT,CLEAR,DRY,,T-INTERSECTION,STRAIGHT/LEVEL,ASPHALT,FOLLOWING TOO CLOSELY,REAR END,SEUCLIDAVEW 2NDST,NONE,2021-09-16 15:04:00,,,
1098,ELLETTSVILLE PD,ELLETTSVILLE,1,0.0,0.0,0,0,,,,ST RD 46,BRIAR GATE DR,,,,39.216569,-86.596334,ST RD,N,URBAN,N,N,N,,DAYLIGHT,CLEAR,DRY,,T-INTERSECTION,STRAIGHT/LEVEL,ASPHALT,OTHER (VEHICLE) - EXPLAIN IN NARRATIVE,OTHER - EXPLAIN IN NARRATIVE,BRIARGATEDRST RD 46 W,NONE,2021-09-16 16:09:00,,,
1099,MONROE SD,ELLETTSVILLE,2,0.0,0.0,0,0,,,,N MATTHEWS DR,,,900.0,W,39.252103,-86.62057104,LOCAL/CITY RD,N,RURAL,N,N,N,,DAYLIGHT,CLEAR,DRY,,T-INTERSECTION,CURVE/GRADE,ASPHALT,OTHER (DRIVER) - EXPLAIN IN NARRATIVE,SAME DIRECTION SIDESWIPE,NMATTHEWSDRWDELAPRD,NONE,2021-09-16 16:25:00,,,
1100,MONROE SD,BLOOMINGTON,2,0.0,1.0,0,0,,,,S WALNUT ST,ENTRANCE TO CLEAR CREEK CROSSING (S),,500.0,S,39.06864902,-86.531363,ST RD,N,RURAL,N,N,N,,DAYLIGHT,CLEAR,DRY,,NO JUNCTION INVOLVED,STRAIGHT/LEVEL,CONCRETE,FAILURE TO YIELD RIGHT OF WAY,RIGHT ANGLE,ERHORERRDS ST RD 37,NONE,2021-09-16 16:35:00,,,
1101,INDIANA UNIV BLOOMINGTON PD,BLOOMINGTON,3,0.0,0.0,0,0,,,,ST RD 45/46,E DISCOVERY PKWY,,,,39.22590355,-86.61344224,ST RD,N,URBAN,N,N,N,,DAYLIGHT,CLEAR,DRY,,INTERCHANGE,STRAIGHT/LEVEL,ASPHALT,FOLLOWING TOO CLOSELY,REAR END,DISCOVERYPKWYST RD 46S,TRAFFIC CONTROL SIGNAL,2021-09-16 17:40:00,,,
1102,MONROE SD,BLOOMINGTON,1,0.0,1.0,0,0,,,,E SMITHVILLE RD,,,200.0,E,39.071056,-86.5356,LOCAL/CITY RD,N,RURAL,N,N,N,,DAYLIGHT,CLEAR,DRY,,FOUR-WAY INTERSECTION,STRAIGHT/LEVEL,ASPHALT,RAN OFF RD RIGHT,RAN OFF RD,ESMITHVILLERDS ST RD 37,NONE,2021-09-16 18:17:00,,,
1103,BLOOMINGTON PD,BLOOMINGTON,2,0.0,0.0,0,0,,,,N WALNUT ST,W 7TH ST,,,,39.16864,-86.533568,LOCAL/CITY RD,N,URBAN,N,N,N,,DAYLIGHT,CLEAR,DRY,,FOUR-WAY INTERSECTION,STRAIGHT/LEVEL,ASPHALT,IMPROPER TURNING,LEFT TURN,NWALNUTSTW7THST,TRAFFIC CONTROL SIGNAL,2021-09-16 19:18:00,,,
1104,BLOOMINGTON PD,BLOOMINGTON,2,0.0,0.0,0,0,,,,ST RD 45/46,N MARTHA ST,,,,39.186352,-86.531696,ST RD,N,URBAN,N,N,N,,DARK (NOT LIGHTED),CLEAR,DRY,,NO JUNCTION INVOLVED,STRAIGHT/LEVEL,ASPHALT,UNSAFE LN MOVEMENT,HEAD ON BETWEEN TWO MOTOR VEHICLES,MARTHASTST RD 4546E,LN CONTROL,2021-09-16 21:21:00,,,
1105,BLOOMINGTON PD,BLOOMINGTON,1,0.0,0.0,0,0,,,,W 11TH ST,N FOUNTAIN DR,,,,0.0,0.0,LOCAL/CITY RD,N,URBAN,N,N,N,,DARK (LIGHTED),CLEAR,DRY,,T-INTERSECTION,CURVE/LEVEL,ASPHALT,RAN OFF RD RIGHT,RAN OFF RD,NFOUNTAINDRW11THST,STOP SIGN,2021-09-16 23:40:00,,,
1106,ELLETTSVILLE PD,ELLETTSVILLE,1,0.0,0.0,0,0,,,,S SALE ST,W OAK ST,,,,39.232512,-86.626224,LOCAL/CITY RD,N,URBAN,N,N,N,,DAYLIGHT,CLOUDY,WET,,FOUR-WAY INTERSECTION,STRAIGHT/LEVEL,ASPHALT,SPEED TOO FAST FOR WEATHER CONDITIONS,RAN OFF RD,OAKSTSALEST,LN CONTROL,2021-09-15 07:25:00,,,
1107,BLOOMINGTON PD,BLOOMINGTON,2,0.0,1.0,0,0,,,,N GRANT ST,E ALICE ST,,,,39.169915,-86.529776,LOCAL/CITY RD,N,URBAN,N,N,N,,DAYLIGHT,RAIN,WET,,FOUR-WAY INTERSECTION,STRAIGHT/LEVEL,ASPHALT,FAILURE TO YIELD RIGHT OF WAY,RIGHT ANGLE,EALICESTNGRANTST,NONE,2021-09-15 09:59:00,,,
1108,MONROE SD,BLOOMINGTON,1,0.0,0.0,0,0,,,,S SHIELDS RIDGE RD,E PAYNETOWN RD,,300.0,S,39.0580863,-86.477118,LOCAL/CITY RD,N,URBAN,N,N,N,,DAYLIGHT,RAIN,WET,,T-INTERSECTION,CURVE/GRADE,ASPHALT,RAN OFF RD RIGHT,RAN OFF RD,EPAYNETOWNRDSHIELDSRIDGERD,NONE,2021-09-15 10:36:00,,,
1109,INDIANA UNIV BLOOMINGTON PD,BLOOMINGTON,1,0.0,1.0,0,0,,,,E 11TH ST,N FEE LN,,,,39.173268,-86.5189,LOCAL/CITY RD,N,URBAN,N,N,N,,DAYLIGHT,CLOUDY,DRY,,FOUR-WAY INTERSECTION,STRAIGHT/LEVEL,ASPHALT,OTHER (DRIVER) - EXPLAIN IN NARRATIVE,OTHER - EXPLAIN IN NARRATIVE,E11THSTFEELN,STOP SIGN,2021-09-15 10:48:00,,True,
1110,INDIANA UNIV BLOOMINGTON PD,BLOOMINGTON,2,0.0,0.0,0,0,,,,S ARBUTUS DR,E 3RD ST,,,,39.16426,-86.51217,LOCAL/CITY RD,N,URBAN,N,N,N,,DAYLIGHT,CLEAR,DRY,,T-INTERSECTION,STRAIGHT/LEVEL,ASPHALT,DRIVER DISTRACTED - EXPLAIN IN NARRATIVE,REAR END,ARBUTUSDR3RDST,STOP SIGN,2021-09-15 17:48:00,,,