_id,Agency,City,Vehicles Involved,Trailers Involved,Number Injured,Number Dead,Number Deer,House Number,Roadway Interchange,Roadway Ramp,Roadway Id,Intersecting Road,Interchange,Feet From,Direction,Latitude,Longitude,Roadway Class,Hit and Run?,Locality,School Zone?,Rumble Strips?,Construction?,Construction Type,Light Condition,Weather Conditions,Surface Condition,Type of Median,Roadway Junction Type,Road Character,Roadway Surface,Primary Factor,Manner of Collision,Unique Location Id,Traffic Control,DateTime,Address Number,Cyclist Involved,Pedestrian Involved
1111,MONROE SD,BLOOMINGTON,2,0.0,0.0,0,0,,,,S VICTOR PK,ST RD 37,,,,39.105552,-86.551104,COUNTY RD,N,RURAL,N,N,N,,DARK (LIGHTED),CLEAR,DRY,,FOUR-WAY INTERSECTION,STRAIGHT/LEVEL,ASPHALT,UNSAFE BACKING,BACKING CRASH,SOUTHVICTORPKS ST RD 37,NONE,2021-09-15 20:08:00,,,
1112,BLOOMINGTON PD,BLOOMINGTON,2,0.0,0.0,0,0,,,,E N DR,S WALNUT ST,,100.0,E,39.14405,-86.53175065,LOCAL/CITY RD,N,URBAN,Y,N,N,,DAYLIGHT,CLEAR,DRY,,NO JUNCTION INVOLVED,STRAIGHT/LEVEL,ASPHALT,FOLLOWING TOO CLOSELY,SAME DIRECTION SIDESWIPE,ENORTHDRSWALNUTST,NONE,2021-09-14 07:53:00,,,
1113,ELLETTSVILLE PD,ELLETTSVILLE,2,0.0,0.0,0,0,,,,S SALE ST,W VINE ST,,,,39.234384,-86.624064,LOCAL/CITY RD,N,URBAN,N,N,N,,DAYLIGHT,CLEAR,DRY,,NO JUNCTION INVOLVED,STRAIGHT/LEVEL,ASPHALT,FAILURE TO YIELD RIGHT OF WAY,RIGHT ANGLE,SALESTVINEST,NONE,2021-09-14 08:04:00,,,
1114,BLOOMINGTON PD,BLOOMINGTON,2,0.0,0.0,0,0,,,,W COUNTRY CLUB DR,S WALNUT ST,,,,39.1359818,-86.5310843,LOCAL/CITY RD,N,URBAN,N,N,N,,DAYLIGHT,CLEAR,DRY,,FOUR-WAY INTERSECTION,STRAIGHT/LEVEL,ASPHALT,UNSAFE BACKING,BACKING CRASH,COUNTRYCLUBDRSWALNUTST,TRAFFIC CONTROL SIGNAL,2021-09-14 09:11:00,,,
1115,BLOOMINGTON PD,BLOOMINGTON,2,0.0,0.0,0,0,,,,S WALNUT ST,W SMITH AVE,,,,39.162848,-86.533637,LOCAL/CITY RD,N,URBAN,N,N,N,,DAYLIGHT,CLEAR,DRY,,NO JUNCTION INVOLVED,STRAIGHT/LEVEL,ASPHALT,UNSAFE LN MOVEMENT,SAME DIRECTION SIDESWIPE,ESMITHAVESWALNUTST,NONE,2021-09-14 09:24:00,,,
1116,BLOOMINGTON PD,BLOOMINGTON,2,0.0,0.0,0,0,,,,ST RD 46,S PETE LLIS DR,,,,39.16424,-86.495088,LOCAL/CITY RD,N,URBAN,N,N,N,,DAYLIGHT,CLEAR,DRY,,T-INTERSECTION,STRAIGHT/LEVEL,ASPHALT,FOLLOWING TOO CLOSELY,REAR END,E 3RDSTPETEELLISDR,TRAFFIC CONTROL SIGNAL,2021-09-14 11:55:00,,,
1117,BLOOMINGTON PD,BLOOMINGTON,2,0.0,0.0,0,0,,,,W 3RD ST,I-69,,,,0.0,0.0,LOCAL/CITY RD,N,URBAN,N,N,N,,DAYLIGHT,CLEAR,DRY,,FOUR-WAY INTERSECTION,STRAIGHT/LEVEL,ASPHALT,FOLLOWING TOO CLOSELY,REAR END,I-6937OVERPASSHWYW 3RDST,TRAFFIC CONTROL SIGNAL,2021-09-14 14:42:00,,,
1118,BLOOMINGTON PD,BLOOMINGTON,2,0.0,0.0,0,0,,,,S WALNUT ST,E RHORER RD,,,,39.121552,-86.531296,LOCAL/CITY RD,Y,URBAN,Y,N,N,,DAYLIGHT,CLEAR,DRY,,FOUR-WAY INTERSECTION,STRAIGHT/LEVEL,ASPHALT,FAILURE TO YIELD RIGHT OF WAY,RIGHT ANGLE,EASTRHORERRDSOUTHOLDSTATERD37HWY,TRAFFIC CONTROL SIGNAL,2021-09-14 15:17:00,,,
1119,INDIANA UNIV BLOOMINGTON PD,BLOOMINGTON,2,0.0,0.0,0,0,,,,ST RD 45/46,E DISCOVERY PKWY,,,,39.227137,-86.61521799,ST RD,N,URBAN,N,N,N,,DAYLIGHT,CLEAR,DRY,,FOUR-WAY INTERSECTION,STRAIGHT/LEVEL,ASPHALT,FOLLOWING TOO CLOSELY,REAR END,EASTDISCOVERYPKWYST RD 46E,TRAFFIC CONTROL SIGNAL,2021-09-14 15:20:00,,,
1120,INDIANA UNIV BLOOMINGTON PD,BLOOMINGTON,2,0.0,0.0,0,0,,,,E ATWATER AVE,S ARBUTUS DR,,,,39.163064,-86.512178,LOCAL/CITY RD,N,URBAN,N,N,N,,DAYLIGHT,CLEAR,DRY,,NO JUNCTION INVOLVED,STRAIGHT/LEVEL,ASPHALT,ANIMAL/OBJECT IN RDWAY,COLLISION WITH OBJECT IN RD,ARBUTUSDRATWATERAVE,NONE,2021-09-14 17:40:00,,,
1121,BLOOMINGTON PD,BLOOMINGTON,1,0.0,0.0,0,0,,,,N DUNN ST,E 13TH ST,,,,39.175552,-86.528192,LOCAL/CITY RD,N,URBAN,N,N,N,,DAYLIGHT,CLEAR,DRY,,T-INTERSECTION,CURVE/GRADE,ASPHALT,UNSAFE SPEED,RAN OFF RD,EAST13THSTNORTHDUNNST,LN CONTROL,2021-09-14 19:18:00,,,
1122,BLOOMINGTON PD,BLOOMINGTON,2,0.0,0.0,0,0,507,,,W DIXIE ST,,,,,39.156303,-86.539536,LOCAL/CITY RD,Y,URBAN,N,N,N,,DAWN/DUSK,CLEAR,DRY,,NO JUNCTION INVOLVED,STRAIGHT/LEVEL,ASPHALT,IMPROPER TURNING,REAR END,WDIXIEST,NONE,2021-09-14 20:09:00,,,
1123,BLOOMINGTON PD,BLOOMINGTON,2,0.0,1.0,0,0,,,,N COLLEGE AVE,W 8TH ST,,,,39.169552,-86.534784,LOCAL/CITY RD,N,URBAN,N,N,N,,DARK (NOT LIGHTED),CLEAR,DRY,,FOUR-WAY INTERSECTION,STRAIGHT/GRADE,ASPHALT,UNSAFE LN MOVEMENT,REAR END,NCOLLEGEAVEW8THST,NONE,2021-09-14 20:48:00,,,
1124,BLOOMINGTON PD,BLOOMINGTON,2,0.0,2.0,0,0,,,,ST RD 45/46,N KINSER PK,,,,39.186574,-86.537722,LOCAL/CITY RD,N,URBAN,N,N,N,,DARK (LIGHTED),CLEAR,DRY,,FOUR-WAY INTERSECTION,STRAIGHT/LEVEL,ASPHALT,FAILURE TO YIELD RIGHT OF WAY,LEFT TURN,NKINSERPKW4546STATERD,NONE,2021-09-14 21:06:00,,,
1125,BLOOMINGTON PD,BLOOMINGTON,2,0.0,0.0,0,0,,,,S LEONARD SPRINGS RD,W FAIRINGTON DR,,100.0,S,39.12442055,-86.582605,LOCAL/CITY RD,Y,URBAN,N,N,N,,DAYLIGHT,CLEAR,DRY,,T-INTERSECTION,STRAIGHT/GRADE,ASPHALT,FOLLOWING TOO CLOSELY,REAR END,SLEONARDSPRINGSDRWBARGELN,LN CONTROL,2021-09-13 07:03:00,,,
1126,INDIANA UNIV BLOOMINGTON PD,BLOOMINGTON,2,0.0,1.0,0,0,,,,E 17TH ST,ST RD 45/46,,,,0.0,0.0,LOCAL/CITY RD,N,URBAN,N,N,N,,DAYLIGHT,CLEAR,DRY,,T-INTERSECTION,STRAIGHT/LEVEL,ASPHALT,FOLLOWING TOO CLOSELY,REAR END,EAST17THSTST RD 46,TRAFFIC CONTROL SIGNAL,2021-09-13 12:43:00,,,
1127,MONROE SD,BLOOMINGTON,2,0.0,0.0,0,0,,,,S CURRY PK,W GIFFORD,,50.0,N,39.156896,-86.582704,COUNTY RD,N,RURAL,N,N,N,,DAYLIGHT,CLEAR,DRY,,FOUR-WAY INTERSECTION,STRAIGHT/LEVEL,ASPHALT,IMPROPER TURNING,LEFT TURN,SCURRYPKWGIFFORDRD,TRAFFIC CONTROL SIGNAL,2021-09-13 14:58:00,,,
1128,MONROE SD,BLOOMINGTON,3,0.0,0.0,0,0,,,,S CURRY PK,W LOROY AVE,,100.0,S,39.160848,-86.582816,LOCAL/CITY RD,N,RURAL,N,N,N,,DAYLIGHT,CLEAR,DRY,,T-INTERSECTION,STRAIGHT/LEVEL,ASPHALT,FOLLOWING TOO CLOSELY,REAR END,SCURRYPKWLOROYAVE,NONE,2021-09-13 16:28:00,,,
1129,INDIANA UNIV BLOOMINGTON PD,BLOOMINGTON,2,0.0,0.0,0,0,,,,S HIGHLAND AVE,E ATWATER AVE,,,,39.16307,-86.517712,LOCAL/CITY RD,N,URBAN,N,N,N,,DAYLIGHT,CLEAR,DRY,,FOUR-WAY INTERSECTION,STRAIGHT/GRADE,ASPHALT,FAILURE TO YIELD RIGHT OF WAY,RIGHT ANGLE,ATWATERAVEHIGHLANDAVE,STOP SIGN,2021-09-13 16:45:00,,,
1130,BLOOMINGTON PD,BLOOMINGTON,2,0.0,1.0,0,0,,,,S PATTERSON DR,W 2ND ST,,100.0,S,39.1501636,-86.548536,LOCAL/CITY RD,N,URBAN,N,N,N,,DAYLIGHT,CLEAR,DRY,,NO JUNCTION INVOLVED,STRAIGHT/LEVEL,ASPHALT,FOLLOWING TOO CLOSELY,REAR END,SOUTHPATTERSONDRWEST2NDST,LN CONTROL,2021-09-13 17:25:00,,,
1131,BLOOMINGTON PD,BLOOMINGTON,2,0.0,0.0,0,0,,,,ST RD 46,S PETE LLIS DR,,,,39.16424,-86.495088,LOCAL/CITY RD,N,URBAN,N,N,N,,DAYLIGHT,CLEAR,DRY,,T-INTERSECTION,STRAIGHT/LEVEL,ASPHALT,FOLLOWING TOO CLOSELY,REAR END,E 3RDSTSPETEELLISDR,TRAFFIC CONTROL SIGNAL,2021-09-13 17:43:00,,,
1132,INDIANA UNIV BLOOMINGTON PD,BLOOMINGTON,2,0.0,0.0,0,0,800,,,E ATWATER AVE,,,,,39.162865,-86.523322,UNKNOWN,Y,URBAN,N,N,N,,DAYLIGHT,CLEAR,DRY,,NO JUNCTION INVOLVED,STRAIGHT/LEVEL,ASPHALT,IMPROPER TURNING,LEFT/RIGHT TURN,ATWATERAVE,NONE,2021-09-13 18:00:00,,,
1133,BLOOMINGTON PD,BLOOMINGTON,1,0.0,0.0,0,0,909,,,W 1ST,,,,,39.159344,-86.5236713,UNKNOWN,N,URBAN,N,N,N,,DARK (LIGHTED),CLEAR,DRY,,NO JUNCTION INVOLVED,STRAIGHT/LEVEL,CONCRETE,RAN OFF RD RIGHT,RAN OFF RD,W1STST,NONE,2021-09-13 22:30:00,,,
1134,BLOOMINGTON PD,BLOOMINGTON,1,0.0,1.0,0,0,,,,I-69 N,,,100.0,S,0.0,0.0,INTERSTATE,N,URBAN,N,N,N,,DARK (NOT LIGHTED),CLEAR,DRY,,NO JUNCTION INVOLVED,STRAIGHT/GRADE,ASPHALT,RAN OFF RD RIGHT,RAN OFF RD,I-69 N118.5,NONE,2021-09-13 23:49:00,,,
1135,INDIANA UNIV BLOOMINGTON PD,BLOOMINGTON,2,0.0,0.0,0,0,,,,S HAWTHORNE DR,E ATWATER AVE,,,,39.163089,-86.520197,LOCAL/CITY RD,N,URBAN,N,N,N,,DAYLIGHT,CLEAR,DRY,,FOUR-WAY INTERSECTION,STRAIGHT/LEVEL,ASPHALT,FAILURE TO YIELD RIGHT OF WAY,RIGHT ANGLE,ATWATERAVEHAWTHORNELN,STOP SIGN,2021-09-12 03:00:00,,,
1136,MONROE SD,BLOOMINGTON,2,0.0,0.0,0,0,,,,S CURRY PK,W CURRY CT,,,,39.164544,-86.560096,LOCAL/CITY RD,N,URBAN,N,N,N,,DAYLIGHT,CLEAR,DRY,,T-INTERSECTION,STRAIGHT/LEVEL,ASPHALT,FAILURE TO YIELD RIGHT OF WAY,RIGHT ANGLE,SCURRYPKWCURRYCT,NONE,2021-09-12 12:01:00,,,
1137,BLOOMINGTON PD,BLOOMINGTON,2,0.0,0.0,0,0,,,,S COLLEGE AVE,W 1ST,,,,39.17688,-86.534736,LOCAL/CITY RD,Y,URBAN,N,N,N,,DAYLIGHT,CLEAR,DRY,,FOUR-WAY INTERSECTION,STRAIGHT/LEVEL,ASPHALT,CELL PHONE USAGE,REAR END,SCOLLEGEAVEW1STST,TRAFFIC CONTROL SIGNAL,2021-09-12 14:57:00,,,
1138,BLOOMINGTON PD,BLOOMINGTON,2,0.0,1.0,0,0,,,,ST RD 46,S CLARIZZ BLVD,,,W,39.16424,-86.4908,LOCAL/CITY RD,N,URBAN,N,N,N,,DAYLIGHT,CLEAR,DRY,,FOUR-WAY INTERSECTION,STRAIGHT/LEVEL,ASPHALT,FOLLOWING TOO CLOSELY,REAR END,E 3RDSTSCLARIZZBLVD,TRAFFIC CONTROL SIGNAL,2021-09-12 16:16:00,,,
1139,INDIANA UNIV BLOOMINGTON PD,BLOOMINGTON,2,0.0,1.0,0,0,,,,N EAGLESON AVE,E LAW LN,,,,39.173403,-86.515448,LOCAL/CITY RD,N,URBAN,N,N,N,,DAYLIGHT,CLEAR,DRY,,FOUR-WAY INTERSECTION,STRAIGHT/LEVEL,ASPHALT,DISREGARD SIGNAL/REG SIGN,RIGHT ANGLE,ELAWLNEAGLESON AVEAVE,TRAFFIC CONTROL SIGNAL,2021-09-12 17:57:00,,,
1140,MONROE SD,BLOOMINGTON,2,0.0,0.0,0,0,,,,N RIDGEWOOD DR,,,300.0,W,39.212016,-86.59872,LOCAL/CITY RD,N,URBAN,N,N,N,,DARK (NOT LIGHTED),CLEAR,DRY,,NO JUNCTION INVOLVED,STRAIGHT/LEVEL,ASPHALT,UNSAFE BACKING,BACKING CRASH,NCRIDERDRNRIDGEWOODDR,NONE,2021-09-12 20:34:00,,,
1141,BLOOMINGTON PD,BLOOMINGTON,1,0.0,0.0,0,0,1701,,,S WALNUT ST,E VERMILYA AVE,,,,39.18092096,-86.53355668,UNKNOWN,Y,URBAN,N,N,N,,DARK (LIGHTED),CLEAR,DRY,,T-INTERSECTION,STRAIGHT/LEVEL,CONCRETE,RAN OFF RD RIGHT,RAN OFF RD,SWALNUTST,STOP SIGN,2021-09-11 01:56:00,,,
1142,BLOOMINGTON PD,BLOOMINGTON,2,0.0,0.0,0,0,,,,S COLLEGE MALL RD,E 3RD ST,,,,39.16424,-86.4984,LOCAL/CITY RD,N,URBAN,N,N,N,,DAYLIGHT,CLEAR,DRY,,FOUR-WAY INTERSECTION,STRAIGHT/LEVEL,ASPHALT,FOLLOWING TOO CLOSELY,REAR END,E 3RDSTSCOLLEGEMALLRD,TRAFFIC CONTROL SIGNAL,2021-09-11 09:24:00,,,
1143,ISP BLOOMINGTON 33,BLOOMINGTON,2,,1.0,0,0,,,,ST RD 45/46,N DUNN ST,,0.0,,39.18651285,-86.53773257,LOCAL/CITY RD,,URBAN,N,N,N,,DARK (LIGHTED),CLEAR,DRY,,FOUR-WAY INTERSECTION,,ASPHALT,UNSAFE SPEED,REAR END,STATERD46NDUNNST,,2021-09-11 10:26:00,,,
1144,INDIANA UNIV BLOOMINGTON PD,BLOOMINGTON,2,0.0,1.0,0,1,,,,ST RD 45/46,E DISCOVERY PKWY,,,,39.22590355,-86.61344224,ST RD,N,URBAN,N,N,N,,DAYLIGHT,CLEAR,DRY,,T-INTERSECTION,STRAIGHT/LEVEL,ASPHALT,DRIVER DISTRACTED - EXPLAIN IN NARRATIVE,REAR END,DISCOVERYPKWYST RD 46S,TRAFFIC CONTROL SIGNAL,2021-09-11 10:49:00,,,
1145,BLOOMINGTON PD,BLOOMINGTON,2,0.0,0.0,0,0,,,,S COLLEGE MALL RD,ENTRANCE TO EASTLAND PLAZA,,500.0,N,39.160944,-86.497696,LOCAL/CITY RD,N,URBAN,N,N,N,,DAYLIGHT,CLEAR,DRY,,NO JUNCTION INVOLVED,STRAIGHT/LEVEL,ASPHALT,FOLLOWING TOO CLOSELY,REAR END,E 2NDSTSCOLLEGEMALLRD,LN CONTROL,2021-09-11 11:12:00,,,
1146,BLOOMINGTON PD,BLOOMINGTON,2,0.0,0.0,0,0,,,,N WALNUT ST,W 8TH ST,,,,39.169552,-86.533552,LOCAL/CITY RD,N,URBAN,N,N,N,,DAYLIGHT,CLOUDY,DRY,,NO JUNCTION INVOLVED,STRAIGHT/LEVEL,ASPHALT,UNSAFE LN MOVEMENT,SAME DIRECTION SIDESWIPE,E8THSTNWALNUTST,LN CONTROL,2021-09-11 12:07:00,,,
1147,MONROE SD,BLOOMINGTON,2,0.0,0.0,0,0,,,,W BELLE AVE,S CURRY PK,,,,39.163552,-86.582896,LOCAL/CITY RD,N,URBAN,N,N,N,,DAYLIGHT,CLEAR,DRY,,NO JUNCTION INVOLVED,STRAIGHT/LEVEL,ASPHALT,FAILURE TO YIELD RIGHT OF WAY,LEFT TURN,SOUTHCURRYPKWESTBELLEAVE,NONE,2021-09-11 12:39:00,,,
1148,ELLETTSVILLE PD,ELLETTSVILLE,2,0.0,0.0,0,0,,,,ST RD 46,N BRIAR GATE DR,,,,39.216569,-86.596334,ST RD,N,URBAN,N,N,N,,DAYLIGHT,CLEAR,DRY,,T-INTERSECTION,STRAIGHT/LEVEL,ASPHALT,FAILURE TO YIELD RIGHT OF WAY,RIGHT TURN,BRIARGATEDRST RD 46 W,STOP SIGN,2021-09-11 17:08:00,,,
1149,MONROE SD,BLOOMINGTON,1,0.0,1.0,0,0,,,,ST RD 446,,,300.0,N,39.02429598,-86.405296,ST RD,N,RURAL,N,N,N,,DAYLIGHT,CLEAR,DRY,,T-INTERSECTION,CURVE/LEVEL,ASPHALT,RAN OFF RD RIGHT,RAN OFF RD,SCHAPELHILLRDST RD 446S,NONE,2021-09-11 17:18:00,,,
1150,BLOOMINGTON PD,BLOOMINGTON,2,0.0,1.0,0,0,,,,ST RD 45/46,N WALNUT ST,,500.0,E,39.18635757,-86.53263544,ST RD,N,URBAN,N,N,N,,DAYLIGHT,CLEAR,DRY,,NO JUNCTION INVOLVED,STRAIGHT/LEVEL,ASPHALT,FOLLOWING TOO CLOSELY,REAR END,ST RD 45EWALNUTST,LN CONTROL,2021-09-11 18:30:00,,,
1151,MONROE SD,BLOOMINGTON,1,0.0,0.0,0,0,,,,E BETHEL LN,N INNISBROOKE DR,,,,39.214889,-86.469025,COUNTY RD,N,RURAL,N,N,N,,DAWN/DUSK,CLEAR,DRY,,T-INTERSECTION,CURVE/LEVEL,ASPHALT,UNSAFE SPEED,RAN OFF RD,EBETHELLNNINNISBROOKEDR,NONE,2021-09-11 19:56:00,,,
1152,BLOOMINGTON PD,BLOOMINGTON,2,0.0,0.0,0,0,,,,N WASHINGTON ST,E 10TH ST,,,,39.171728,-86.5324,LOCAL/CITY RD,N,URBAN,N,N,N,,DARK (NOT LIGHTED),CLEAR,DRY,,FOUR-WAY INTERSECTION,STRAIGHT/LEVEL,ASPHALT,FAILURE TO YIELD RIGHT OF WAY,RIGHT ANGLE,E 10THSTWASHINGTONST,STOP SIGN,2021-09-11 22:48:00,,,
1153,BLOOMINGTON PD,BLOOMINGTON,1,0.0,1.0,0,0,,,,S WALNUT ST,E 3RD ST,,,,39.16464,-86.5336,LOCAL/CITY RD,N,URBAN,N,N,N,,DARK (NOT LIGHTED),CLEAR,DRY,,FOUR-WAY INTERSECTION,STRAIGHT/LEVEL,CONCRETE,FAILURE TO YIELD RIGHT OF WAY,RIGHT TURN,EAST3RDSTSOUTHWALNUTST,TRAFFIC CONTROL SIGNAL,2021-09-11 23:50:00,,,True
1154,ISP BLOOMINGTON 33,BLOOMINGTON,2,,0.0,0,0,,,118A,I-69 N,W 3RD ST,,0.0,,39.16420451,-86.57250322,INTERSTATE,,URBAN,N,N,N,,DAYLIGHT,CLEAR,DRY,,RAMP,,CONCRETE,FOLLOWING TOO CLOSELY,REAR END,ST RD 48I-69-118-RampA,,2021-09-10 07:55:00,,,
1155,BLOOMINGTON PD,BLOOMINGTON,2,0.0,,0,0,,,,E 1ST,S HAWTHORNE DR,,,,39.159344,-86.520096,LOCAL/CITY RD,Y,URBAN,N,N,N,,DAYLIGHT,CLEAR,DRY,,FOUR-WAY INTERSECTION,STRAIGHT/GRADE,ASPHALT,,SAME DIRECTION SIDESWIPE,E1STSTSHAWTHORNEST,NONE,2021-09-10 08:05:00,,,
1156,BLOOMINGTON PD,BLOOMINGTON,1,0.0,1.0,0,0,,,,W COUNTRYSIDE LN,S SUNFLOWER DR,,,,39.13989875,-86.55396847,LOCAL/CITY RD,N,URBAN,Y,N,N,,DAYLIGHT,CLEAR,DRY,,FOUR-WAY INTERSECTION,STRAIGHT/GRADE,ASPHALT,OTHER (DRIVER) - EXPLAIN IN NARRATIVE,OTHER - EXPLAIN IN NARRATIVE,COUNTRYSIDELNSSUNFLOWERDR,STOP SIGN,2021-09-10 08:52:00,,,True
1157,BLOOMINGTON PD,BLOOMINGTON,2,0.0,0.0,0,0,,,,E MAXWELL LN,S MITCHELL ST,,,,39.157824,-86.5136,LOCAL/CITY RD,N,URBAN,N,N,N,,DAYLIGHT,CLOUDY,DRY,,FOUR-WAY INTERSECTION,STRAIGHT/GRADE,ASPHALT,FAILURE TO YIELD RIGHT OF WAY,RIGHT ANGLE,EMAXWELLLNSMITCHELLST,STOP SIGN,2021-09-10 11:55:00,,,
1158,INDIANA UNIV BLOOMINGTON PD,BLOOMINGTON,2,0.0,1.0,0,0,,,,S WOODLAWN AVE,E 3RD ST,,,,39.164248,-86.522621,LOCAL/CITY RD,Y,URBAN,N,N,N,,DAYLIGHT,CLEAR,DRY,,NO JUNCTION INVOLVED,STRAIGHT/LEVEL,ASPHALT,WRONG WAY ON ONE WAY,OPPOSITE DIRECTION SIDESWIPE,3RDSTWOODLAWNAVE,NONE,2021-09-10 12:10:00,,,
1159,BLOOMINGTON PD,BLOOMINGTON,2,0.0,0.0,0,0,,,,S STULL AVE,E GRIMES LN,,,,39.15336,-86.524688,LOCAL/CITY RD,Y,URBAN,N,N,N,,DAYLIGHT,CLOUDY,DRY,,T-INTERSECTION,STRAIGHT/GRADE,ASPHALT,UNSAFE BACKING,BACKING CRASH,EGRIMESLNSSTULLAVE,NONE,2021-09-10 12:12:00,,,
1160,INDIANA UNIV BLOOMINGTON PD,BLOOMINGTON,2,0.0,2.0,0,0,,,,ST RD 45/46,E 17TH ST,,,,39.1797431,-86.5073177,ST RD,N,URBAN,N,N,N,,DAYLIGHT,CLEAR,DRY,,T-INTERSECTION,STRAIGHT/LEVEL,ASPHALT,FAILURE TO YIELD RIGHT OF WAY,LEFT TURN,EAST17THSTST RD 46,TRAFFIC CONTROL SIGNAL,2021-09-10 12:15:00,,,
1161,BLOOMINGTON PD,BLOOMINGTON,2,0.0,1.0,0,0,,,,N JACKSON ST,W 15TH ST,,,,39.17664,-86.539712,LOCAL/CITY RD,N,URBAN,N,N,N,,DAYLIGHT,CLEAR,DRY,,FOUR-WAY INTERSECTION,STRAIGHT/LEVEL,ASPHALT,DISREGARD SIGNAL/REG SIGN,RIGHT ANGLE,NJACKSONSTW15THST,STOP SIGN,2021-09-10 12:34:00,,,
1162,BLOOMINGTON PD,BLOOMINGTON,2,0.0,0.0,0,0,2621,,,S BRYAN,S KENDALL DR,,,,39.13757746,-86.53602836,LOCAL/CITY RD,N,URBAN,N,N,N,,DAYLIGHT,CLEAR,DRY,,NO JUNCTION INVOLVED,STRAIGHT/LEVEL,ASPHALT,IMPROPER TURNING,RIGHT TURN,SBRYANST,NONE,2021-09-10 13:18:00,,,
1163,BLOOMINGTON PD,BLOOMINGTON,2,0.0,0.0,0,0,,,,E 3RD ST,S DUNN ST,,,,39.164448,-86.528096,LOCAL/CITY RD,N,URBAN,N,N,N,,DAYLIGHT,CLOUDY,DRY,,Y-INTERSECTION,CURVE/GRADE,ASPHALT,FAILURE TO YIELD RIGHT OF WAY,RIGHT ANGLE,3RDSTDUNNST,TRAFFIC CONTROL SIGNAL,2021-09-10 13:25:00,,,
1164,INDIANA UNIV BLOOMINGTON PD,BLOOMINGTON,2,0.0,0.0,0,0,,,,N INDIANA AVE,E 10TH ST,,,,39.171653,-86.526979,LOCAL/CITY RD,Y,URBAN,N,N,N,,DAYLIGHT,CLEAR,DRY,,FOUR-WAY INTERSECTION,STRAIGHT/LEVEL,ASPHALT,FOLLOWING TOO CLOSELY,REAR END,INDIANAAVETENTHST,TRAFFIC CONTROL SIGNAL,2021-09-10 13:27:00,,,
1165,BLOOMINGTON PD,BLOOMINGTON,2,0.0,0.0,0,0,,,,S HIGH ST,E ATWATER AVE,,,,39.16304,-86.508288,LOCAL/CITY RD,N,URBAN,N,N,N,,DAYLIGHT,CLEAR,DRY,,T-INTERSECTION,STRAIGHT/LEVEL,ASPHALT,FAILURE TO YIELD RIGHT OF WAY,RIGHT ANGLE,EATWATERAVESHIGHST,STOP SIGN,2021-09-10 13:44:00,,,
1166,BLOOMINGTON PD,BLOOMINGTON,2,0.0,0.0,0,0,,,,ST RD 46,E 7TH ST,,200.0,N,0.0,0.0,LOCAL/CITY RD,N,URBAN,N,N,N,,DAYLIGHT,CLEAR,DRY,,NO JUNCTION INVOLVED,STRAIGHT/GRADE,ASPHALT,FOLLOWING TOO CLOSELY,REAR END,E7THSTESTATERD46HWY,NONE,2021-09-10 14:15:00,,,
1167,BLOOMINGTON PD,BLOOMINGTON,3,0.0,0.0,0,0,,,,ST RD 46,KINGSTON DR S,,,,39.16424,-86.492944,LOCAL/CITY RD,N,URBAN,N,N,N,,DAYLIGHT,CLEAR,DRY,,FOUR-WAY INTERSECTION,STRAIGHT/LEVEL,CONCRETE,FOLLOWING TOO CLOSELY,REAR END,E 3RDSTSKINGSTONDR,TRAFFIC CONTROL SIGNAL,2021-09-10 17:13:00,,,
1168,INDIANA UNIV BLOOMINGTON PD,BLOOMINGTON,2,0.0,0.0,0,0,,,,S WOODLAWN AVE,E 3RD ST,,,,39.164248,-86.522621,LOCAL/CITY RD,N,URBAN,N,N,N,,DAYLIGHT,CLEAR,DRY,,T-INTERSECTION,STRAIGHT/LEVEL,ASPHALT,FAILURE TO YIELD RIGHT OF WAY,RIGHT ANGLE,3RDSTWOODLAWNAVE,NONE,2021-09-10 17:25:00,,,
1169,BLOOMINGTON PD,BLOOMINGTON,2,0.0,0.0,0,0,,,,S COLLEGE AVE,W SMITH AVE,,,,39.162839,-86.534923,LOCAL/CITY RD,Y,URBAN,N,N,N,,DAYLIGHT,CLEAR,DRY,,NO JUNCTION INVOLVED,STRAIGHT/LEVEL,ASPHALT,IMPROPER LN USAGE,REAR END,SCOLLEGEAVEWSMITHAVE,NONE,2021-09-10 18:30:00,,,
1170,BLOOMINGTON PD,BLOOMINGTON,3,0.0,0.0,0,0,,,,S WALNUT ST,E 3RD ST,,,,39.1646,-86.533637,LOCAL/CITY RD,N,URBAN,N,N,N,,DAYLIGHT,CLEAR,DRY,,FOUR-WAY INTERSECTION,STRAIGHT/LEVEL,ASPHALT,FOLLOWING TOO CLOSELY,REAR END,E 3RDSTSWALNUTST,TRAFFIC CONTROL SIGNAL,2021-09-10 19:04:00,,,
1171,INDIANA UNIV BLOOMINGTON PD,BLOOMINGTON,3,0.0,0.0,0,0,,,,ST RD 46,ST RD 45,,,,0.0,0.0,ST RD,N,URBAN,N,N,N,,DARK (LIGHTED),CLEAR,DRY,,FOUR-WAY INTERSECTION,STRAIGHT/LEVEL,ASPHALT,OTHER (DRIVER) - EXPLAIN IN NARRATIVE,REAR END,ST RD 45ST RD 46,TRAFFIC CONTROL SIGNAL,2021-09-10 20:30:00,,,