_id,Agency,City,Vehicles Involved,Trailers Involved,Number Injured,Number Dead,Number Deer,House Number,Roadway Interchange,Roadway Ramp,Roadway Id,Intersecting Road,Interchange,Feet From,Direction,Latitude,Longitude,Roadway Class,Hit and Run?,Locality,School Zone?,Rumble Strips?,Construction?,Construction Type,Light Condition,Weather Conditions,Surface Condition,Type of Median,Roadway Junction Type,Road Character,Roadway Surface,Primary Factor,Manner of Collision,Unique Location Id,Traffic Control,DateTime,Address Number,Cyclist Involved,Pedestrian Involved
1232,MONROE SD,ELLETTSVILLE,2,1.0,0.0,0,0,,,,ST RD 46,N SMITH PK,,660.0,W,39.21123287,-86.58506288,ST RD,N,URBAN,N,N,N,,DAYLIGHT,CLEAR,DRY,,NO JUNCTION INVOLVED,CURVE/LEVEL,ASPHALT,FOLLOWING TOO CLOSELY,REAR END,NSMITHPKST RD 46 W,NONE,2021-09-03 11:04:00,,,
1233,INDIANA UNIV BLOOMINGTON PD,BLOOMINGTON,2,0.0,0.0,0,0,,,,ST RD 45/46,E DISCOVERY PKWY,,,,39.171474,-86.495398,ST RD,N,URBAN,N,N,N,,DAYLIGHT,CLEAR,DRY,,T-INTERSECTION,STRAIGHT/LEVEL,ASPHALT,FOLLOWING TOO CLOSELY,REAR END,EDISCOVERYPKWYST RD 45N,TRAFFIC CONTROL SIGNAL,2021-09-03 12:14:00,,,
1234,MONROE SD,BLOOMINGTON,2,0.0,0.0,0,0,,,,S CURRY PK,W SIERRA DR,,,,39.1524,-86.582704,LOCAL/CITY RD,N,URBAN,N,N,N,,DAYLIGHT,CLEAR,DRY,,FOUR-WAY INTERSECTION,STRAIGHT/LEVEL,ASPHALT,IMPROPER TURNING,SAME DIRECTION SIDESWIPE,SCURRYPKWSIERRADR,LN CONTROL,2021-09-03 12:34:00,,,
1235,INDIANA UNIV BLOOMINGTON PD,BLOOMINGTON,4,0.0,0.0,0,0,,,,ST RD 45/46,E DISCOVERY PKWY,,,,39.17555491,-86.50092798,ST RD,N,URBAN,N,N,N,,DAYLIGHT,CLEAR,DRY,,T-INTERSECTION,STRAIGHT/LEVEL,ASPHALT,FOLLOWING TOO CLOSELY,REAR END,EDISCOVERYPARKWAYPKWYST RD 4546S,TRAFFIC CONTROL SIGNAL,2021-09-03 12:45:00,,,
1236,INDIANA UNIV BLOOMINGTON PD,BLOOMINGTON,2,0.0,0.0,0,0,,,,ST RD 45/46,E DISCOVERY PKWY,,,,39.227137,-86.615218,ST RD,N,URBAN,N,N,N,,DAYLIGHT,CLEAR,DRY,,NO JUNCTION INVOLVED,STRAIGHT/LEVEL,ASPHALT,FOLLOWING TOO CLOSELY,REAR END,EASTDISCOVERYPKWYST RD 46E,TRAFFIC CONTROL SIGNAL,2021-09-03 13:55:00,,,
1237,BLOOMINGTON PD,BLOOMINGTON,2,0.0,0.0,0,0,,,,E ATWATER AVE,S SWAIN AVE,,,,39.163152,-86.515168,LOCAL/CITY RD,N,URBAN,N,N,N,,DAYLIGHT,CLEAR,DRY,,FOUR-WAY INTERSECTION,STRAIGHT/GRADE,ASPHALT,IMPROPER TURNING,SAME DIRECTION SIDESWIPE,EASTATWATERAVESOUTHSWAINAVE,LN CONTROL,2021-09-03 14:06:00,,,
1238,BLOOMINGTON PD,BLOOMINGTON,2,0.0,0.0,0,0,,,,W 11TH ST,N ASHLYNN PARK DR,,,,39.17326,-86.5368443,LOCAL/CITY RD,N,URBAN,N,N,B,,DAYLIGHT,CLEAR,DRY,,T-INTERSECTION,STRAIGHT/LEVEL,CONCRETE,FAILURE TO YIELD RIGHT OF WAY,RIGHT ANGLE,ASHLYNPARKDRW11THST,STOP SIGN,2021-09-03 16:13:00,,,
1239,INDIANA UNIV BLOOMINGTON PD,BLOOMINGTON,2,0.0,0.0,0,0,,,,E 17TH ST,N INDIANA AVE,,,,39.179024,-86.52706,LOCAL/CITY RD,N,URBAN,N,N,N,,DAYLIGHT,CLEAR,DRY,,T-INTERSECTION,STRAIGHT/LEVEL,ASPHALT,FOLLOWING TOO CLOSELY,REAR END,EAST17THSTINDIANAAVE,STOP SIGN,2021-09-03 17:41:00,,,
1240,BLOOMINGTON PD,BLOOMINGTON,1,0.0,1.0,0,0,,,,I-69 N,,,3500.0,S,0.0,0.0,INTERSTATE,N,URBAN,N,N,N,,DAYLIGHT,CLEAR,DRY,,NO JUNCTION INVOLVED,STRAIGHT/GRADE,ASPHALT,UNSAFE SPEED,RAN OFF RD,I-69 NSTATERD4546HWY,LN CONTROL,2021-09-03 18:45:00,,,
1241,MONROE SD,BLOOMINGTON,2,0.0,0.0,0,0,2963,,,S BUBBY ROY LN,,,,,39.136223,-86.644473,COUNTY RD,N,RURAL,N,N,N,,DAYLIGHT,CLEAR,DRY,,NO JUNCTION INVOLVED,CURVE/GRADE,ASPHALT,UNSAFE BACKING,BACKING CRASH,SBUBBYROYLN,NONE,2021-09-03 19:15:00,,,
1242,BLOOMINGTON PD,BLOOMINGTON,2,0.0,0.0,0,0,,,,I-69 N,,,1000.0,S,0.0,0.0,INTERSTATE,N,URBAN,N,N,N,,DAYLIGHT,CLEAR,DRY,,NO JUNCTION INVOLVED,STRAIGHT/GRADE,ASPHALT,FOLLOWING TOO CLOSELY,REAR END,I-69 N120,NONE,2021-09-03 19:20:00,,,
1243,ISP BLOOMINGTON 33,BLOOMINGTON,2,,0.0,0,0,,,,S WALNUT ST,E HILLSIDE DR,,0.0,,39.15051075,-86.53370566,LOCAL/CITY RD,,URBAN,N,N,N,,DAYLIGHT,CLEAR,DRY,,FOUR-WAY INTERSECTION,,ASPHALT,FAILURE TO YIELD RIGHT OF WAY,LEFT TURN,WalnutStHillsideDr,,2021-09-02 07:41:00,,,
1244,BLOOMINGTON PD,BLOOMINGTON,2,0.0,1.0,0,0,,,,N INDIANA AVE,E 12TH ST,,,,39.174368,-86.527088,LOCAL/CITY RD,N,URBAN,N,N,N,,DAYLIGHT,CLEAR,DRY,,FOUR-WAY INTERSECTION,STRAIGHT/LEVEL,ASPHALT,FAILURE TO YIELD RIGHT OF WAY,RIGHT ANGLE,E12THSTNINDIANAAVE,NONE,2021-09-02 08:50:00,,,
1245,ISP BLOOMINGTON 33,BLOOMINGTON,2,,0.0,0,0,,,,W BLOOMFIELD RD,S RANSOM LN,,0.0,,39.15886365,-86.55591435,LOCAL/CITY RD,,URBAN,N,N,N,,DAYLIGHT,CLEAR,DRY,,NO JUNCTION INVOLVED,,ASPHALT,FOLLOWING TOO CLOSELY,REAR END,WBloomfieldRdSRansomLn,,2021-09-02 12:45:00,,,
1246,BLOOMINGTON PD,BLOOMINGTON,2,0.0,0.0,0,0,,,,S WALNUT ST,E 2ND ST,,150.0,E,39.161363,-86.53366098,LOCAL/CITY RD,N,URBAN,N,N,N,,DAYLIGHT,CLEAR,DRY,,NO JUNCTION INVOLVED,STRAIGHT/LEVEL,ASPHALT,FOLLOWING TOO CLOSELY,REAR END,2NDSTWALNUTST,NONE,2021-09-02 12:52:00,,,
1247,MONROE SD,BLOOMINGTON,2,0.0,0.0,0,0,400,,,S MADISON ST,,,,,39.128,-86.5367583,COUNTY RD,Y,RURAL,N,N,N,,DAWN/DUSK,CLEAR,DRY,,NO JUNCTION INVOLVED,STRAIGHT/LEVEL,ASPHALT,UNSAFE BACKING,BACKING CRASH,WTERRACEDR,LN CONTROL,2021-09-02 13:47:00,,,
1248,ISP BLOOMINGTON 33,BLOOMINGTON,1,,1.0,0,0,,,,W KARST FARM PARK DR,,,500.0,,39.14097908,-86.59867846,COUNTY RD,,RURAL,N,N,N,,DAYLIGHT,CLEAR,DRY,,NO JUNCTION INVOLVED,,ASPHALT,,OTHER - EXPLAIN IN NARRATIVE,WKarstFarmParkDrS.EndwrightRd.,,2021-09-02 15:44:00,,True,
1249,MONROE SD,BLOOMINGTON,2,0.0,0.0,0,0,,,,N CURRY PK,W WOODYARD,,,,39.190672,-86.582992,LOCAL/CITY RD,N,URBAN,N,N,N,,DAYLIGHT,CLEAR,DRY,,NO JUNCTION INVOLVED,CURVE/LEVEL,ASPHALT,UNSAFE LN MOVEMENT,SAME DIRECTION SIDESWIPE,CURRYPKWOODYARDRD,TRAFFIC CONTROL SIGNAL,2021-09-02 17:07:00,,,
1250,BLOOMINGTON PD,BLOOMINGTON,2,0.0,0.0,0,0,,,,E 3RD ST,S ROOSEVELT ST,,,,39.164304,-86.505792,LOCAL/CITY RD,N,URBAN,N,N,N,,DAYLIGHT,CLEAR,DRY,,T-INTERSECTION,STRAIGHT/GRADE,ASPHALT,FOLLOWING TOO CLOSELY,REAR END,EAST3RDSTSOUTHROOSEVELTST,NONE,2021-09-02 19:10:00,,,
1251,INDIANA UNIV BLOOMINGTON PD,BLOOMINGTON,3,0.0,0.0,0,0,,,,E 3RD ST,S INDIANA AVE,,,,39.164287,-86.526904,LOCAL/CITY RD,Y,URBAN,N,N,N,,DAYLIGHT,CLEAR,DRY,,,STRAIGHT/LEVEL,ASPHALT,FOLLOWING TOO CLOSELY,REAR END,HENDERSONST3RDST,NONE,2021-09-02 19:20:00,,,
1252,MONROE SD,BLOOMINGTON,1,0.0,0.0,0,0,,,,W DUNLEIGH DR,N BROOKBANK DR,,100.0,E,39.215152,-86.6,COUNTY RD,N,URBAN,N,N,N,,DARK (NOT LIGHTED),CLEAR,DRY,,NO JUNCTION INVOLVED,CURVE/LEVEL,ASPHALT,RAN OFF RD RIGHT,RAN OFF RD,BROOKBANKDRDUNLEIGHDR,NONE,2021-09-02 22:27:00,,,
1253,MONROE SD,BLOOMINGTON,1,0.0,0.0,0,1,,,,ST RD 45,W HINDS RD (NE),,100.0,W,39.09896791,-86.6522616,ST RD,N,RURAL,N,N,N,,DARK (NOT LIGHTED),CLEAR,DRY,,NO JUNCTION INVOLVED,CURVE/GRADE,ASPHALT,ANIMAL/OBJECT IN RDWAY,COLLISION WITH DEER,HINDSRDST RD 45 W,LN CONTROL,2021-09-01 06:19:00,,,
1254,BLOOMINGTON PD,BLOOMINGTON,2,0.0,0.0,0,0,,,,N WALNUT ST,E 10TH ST,,,,39.171744,-86.53352,LOCAL/CITY RD,N,URBAN,N,N,N,,DAYLIGHT,CLEAR,DRY,,FOUR-WAY INTERSECTION,STRAIGHT/GRADE,ASPHALT,DISREGARD SIGNAL/REG SIGN,RIGHT ANGLE,10THSTWALNUTST,TRAFFIC CONTROL SIGNAL,2021-09-01 08:17:00,,,
1255,BLOOMINGTON PD,BLOOMINGTON,3,0.0,1.0,0,0,,,,W BLOOMFIELD RD,S LANDMARK AVE,,,,39.159933,-86.55386,LOCAL/CITY RD,N,URBAN,N,N,N,,DAYLIGHT,CLEAR,DRY,,FOUR-WAY INTERSECTION,STRAIGHT/LEVEL,ASPHALT,DRIVER DISTRACTED - EXPLAIN IN NARRATIVE,REAR END,SLANDMARKAVEWBLOOMFIELDRD,NONE,2021-09-01 13:22:00,,,
1256,MONROE SD,BLOOMINGTON,2,0.0,0.0,0,0,3501,,,N PROW RD,,,,,39.202048,-86.552096,LOCAL/CITY RD,N,URBAN,Y,N,N,,DAYLIGHT,CLEAR,DRY,,NO JUNCTION INVOLVED,STRAIGHT/GRADE,ASPHALT,FOLLOWING TOO CLOSELY,REAR END,NPROWRD,NONE,2021-09-01 15:28:00,,,
1257,MONROE SD,BLOOMINGTON,1,0.0,0.0,0,1,,,,S SHIELDS RIDGE RD,,,800.0,S,39.00531514,-86.477118,COUNTY RD,N,RURAL,N,N,N,,DAWN/DUSK,CLEAR,DRY,,NO JUNCTION INVOLVED,CURVE/GRADE,ASPHALT,ANIMAL/OBJECT IN RDWAY,COLLISION WITH DEER,PAYNETOWNRDSHIELDSRIDGERD,NONE,2021-09-01 19:52:00,,,
1258,INDIANA UNIV BLOOMINGTON PD,BLOOMINGTON,2,0.0,0.0,0,0,,,,E 10TH ST,N FORREST AVE,,,,39.17162,-86.522372,LOCAL/CITY RD,N,URBAN,N,N,N,,DAYLIGHT,CLOUDY,DRY,,NO JUNCTION INVOLVED,STRAIGHT/LEVEL,ASPHALT,UNSAFE SPEED,REAR END,FORRESTAVETENTHST,NONE,2021-08-31 11:05:00,,,
1259,BLOOMINGTON PD,BLOOMINGTON,2,0.0,0.0,0,0,,,,E LONGVIEW AVE,N PETE LLIS DR,,,,39.166944,-86.495056,LOCAL/CITY RD,N,URBAN,N,N,N,,DAYLIGHT,CLEAR,DRY,,FOUR-WAY INTERSECTION,STRAIGHT/LEVEL,ASPHALT,DISREGARD SIGNAL/REG SIGN,RIGHT ANGLE,ELONGVIEWAVENPETEELLISDR,STOP SIGN,2021-08-31 13:27:00,,,
1260,ISP BLOOMINGTON 33,BLOOMINGTON,1,,0.0,0,0,,,,I-69 S,,,634.0,,39.27934841,-86.52359687,INTERSTATE,,RURAL,N,N,N,,DAYLIGHT,RAIN,WET,,NO JUNCTION INVOLVED,,ASPHALT,SPEED TOO FAST FOR WEATHER CONDITIONS,,I-69127,,2021-08-31 14:58:00,,,
1261,BLOOMINGTON PD,BLOOMINGTON,2,0.0,0.0,0,0,,,,N ROGERS ST,W 7TH ST,,,,39.168704,-86.538576,LOCAL/CITY RD,N,URBAN,Y,N,N,,DAYLIGHT,RAIN,WET,,FOUR-WAY INTERSECTION,STRAIGHT/LEVEL,ASPHALT,DISREGARD SIGNAL/REG SIGN,RIGHT ANGLE,NORTHROGERSSTWEST7THST,STOP SIGN,2021-08-31 15:49:00,,,
1262,ISP BLOOMINGTON 33,BLOOMINGTON,1,,0.0,0,0,,,,I-69 N,,,1003.0,,39.21981749,-86.55069851,INTERSTATE,,RURAL,N,N,N,,DAYLIGHT,RAIN,WET,,NO JUNCTION INVOLVED,,ASPHALT,SPEED TOO FAST FOR WEATHER CONDITIONS,,I-69122,,2021-08-31 15:59:00,,,
1263,BLOOMINGTON PD,BLOOMINGTON,2,0.0,0.0,0,0,,,,W GRIMES LN,S MORTON ST,,,,39.15344,-86.536304,LOCAL/CITY RD,N,URBAN,N,N,N,,DAYLIGHT,RAIN,WET,,T-INTERSECTION,STRAIGHT/LEVEL,ASPHALT,FOLLOWING TOO CLOSELY,REAR END,SMORTONSTWGRIMESLN,NONE,2021-08-31 16:31:00,,,
1264,BLOOMINGTON PD,BLOOMINGTON,2,0.0,0.0,0,0,,,,N COLLEGE AVE,W 7TH ST,,,,39.168656,-86.534784,LOCAL/CITY RD,N,URBAN,N,N,N,,DAYLIGHT,RAIN,WET,,FOUR-WAY INTERSECTION,STRAIGHT/GRADE,ASPHALT,FAILURE TO YIELD RIGHT OF WAY,SAME DIRECTION SIDESWIPE,NORTHCOLLEGEAVEWEST7THST,TRAFFIC CONTROL SIGNAL,2021-08-31 16:45:00,,,
1265,MONROE SD,BLOOMINGTON,2,0.0,0.0,0,0,,,,N MATTHEWS DR,,,750.0,W,0.0,0.0,LOCAL/CITY RD,N,RURAL,N,N,N,,DAYLIGHT,CLEAR,DRY,,NO JUNCTION INVOLVED,CURVE/GRADE,ASPHALT,IMPROPER PASSING,SAME DIRECTION SIDESWIPE,NMATTHEWSDRWDELAPRD,LN CONTROL,2021-08-31 17:04:00,,,
1266,BLOOMINGTON PD,BLOOMINGTON,3,0.0,0.0,0,0,,,,N COLLEGE AVE,W 7TH ST,,50.0,N,39.168656,-86.534784,LOCAL/CITY RD,N,URBAN,N,N,N,,DAYLIGHT,RAIN,WET,,NO JUNCTION INVOLVED,STRAIGHT/GRADE,ASPHALT,FOLLOWING TOO CLOSELY,REAR END,NCOLLEGEAVEW7THST,LN CONTROL,2021-08-31 17:05:00,,,
1267,BLOOMINGTON PD,BLOOMINGTON,2,0.0,0.0,0,0,,,,W FULLERTON PK,S LEONARD SPRINGS RD,,,,39.123376,-86.582592,LOCAL/CITY RD,Y,RURAL,N,N,N,,DAYLIGHT,CLOUDY,WET,,T-INTERSECTION,STRAIGHT/LEVEL,ASPHALT,DISREGARD SIGNAL/REG SIGN,LEFT TURN,SLEONARDSPRINGSRDWFULLERTONPK,STOP SIGN,2021-08-31 17:54:00,,,
1268,MONROE SD,BLOOMINGTON,3,0.0,0.0,0,0,,,,N THOMAS RD,,,1000.0,S,39.21099945,-86.6302919,COUNTY RD,N,RURAL,N,N,N,,DAYLIGHT,CLEAR,WET,,NO JUNCTION INVOLVED,STRAIGHT/HILLCREST,ASPHALT,SPEED TOO FAST FOR WEATHER CONDITIONS,REAR END,THOMASRDTULIPST,NONE,2021-08-31 18:04:00,,,
1269,INDIANA UNIV BLOOMINGTON PD,BLOOMINGTON,1,0.0,1.0,0,0,,,,E 17TH ST,N EAGLESON AVE (W),,427.0,E,39.178838,-86.51095294,LOCAL/CITY RD,N,URBAN,N,N,N,,DARK (NOT LIGHTED),CLEAR,WET,,T-INTERSECTION,STRAIGHT/HILLCREST,ASPHALT,PEDESTRIAN ACTION,COLLISION WITH OBJECT IN RD,EAST17THSTEAGLESON AVEAVE,LN CONTROL,2021-08-31 22:10:00,,,True
1270,MONROE SD,BLOOMINGTON,2,0.0,0.0,0,0,,,,S ROGERS ST,W WALLS DR,,,,39.134144,-86.538381,LOCAL/CITY RD,N,URBAN,N,N,N,,DAYLIGHT,RAIN,WET,,NO JUNCTION INVOLVED,STRAIGHT/LEVEL,ASPHALT,SPEED TOO FAST FOR WEATHER CONDITIONS,REAR END,SOUTHROGERSSTWESTWALLSDR,NONE,2021-08-30 07:55:00,,,
1271,MONROE SD,BLOOMINGTON,1,0.0,0.0,0,0,,,,I-69 N,,,2500.0,S,0.0,0.0,INTERSTATE,N,RURAL,N,Y,N,,DAYLIGHT,RAIN,WET,,RAMP,STRAIGHT/GRADE,ASPHALT,SPEED TOO FAST FOR WEATHER CONDITIONS,RAN OFF RD,I-69 N125.0,NONE,2021-08-30 08:03:00,,,
1272,BLOOMINGTON PD,BLOOMINGTON,2,0.0,0.0,0,0,,,,E WYLIE ST,,,200.0,E,39.15864161,-86.52183868,LOCAL/CITY RD,N,URBAN,N,N,N,,DAYLIGHT,RAIN,WET,,NO JUNCTION INVOLVED,STRAIGHT/LEVEL,ASPHALT,DRIVER DISTRACTED - EXPLAIN IN NARRATIVE,REAR END,WOODLAWNAVEWYLIEST,NONE,2021-08-30 10:00:00,,,
1273,BLOOMINGTON PD,BLOOMINGTON,2,0.0,0.0,0,0,,,,ST RD 45/46,N KINSER PK,,,,39.186544,-86.537888,ST RD,N,URBAN,N,N,N,,DAYLIGHT,RAIN,WET,,FOUR-WAY INTERSECTION,STRAIGHT/LEVEL,ASPHALT,SPEED TOO FAST FOR WEATHER CONDITIONS,REAR END,NKINSERPKST RD 4546E,TRAFFIC CONTROL SIGNAL,2021-08-30 11:28:00,,,
1274,INDIANA UNIV BLOOMINGTON PD,BLOOMINGTON,2,0.0,0.0,0,0,,,,E 17TH ST,N FEE LN,,,,39.179061,-86.51897,LOCAL/CITY RD,N,URBAN,N,N,N,,DAYLIGHT,RAIN,WET,,FOUR-WAY INTERSECTION,STRAIGHT/GRADE,ASPHALT,SPEED TOO FAST FOR WEATHER CONDITIONS,REAR END,EAST17THSTFEELN,TRAFFIC CONTROL SIGNAL,2021-08-30 11:37:00,,,
1275,BLOOMINGTON PD,BLOOMINGTON,2,0.0,0.0,0,0,,,,S ROGERS ST,W 4TH ST,,,,39.165696,-86.538592,LOCAL/CITY RD,N,URBAN,N,N,N,,DAYLIGHT,CLOUDY,WET,,FOUR-WAY INTERSECTION,STRAIGHT/GRADE,ASPHALT,FAILURE TO YIELD RIGHT OF WAY,RIGHT ANGLE,SROGERSSTW4THST,STOP SIGN,2021-08-30 12:47:00,,,
1276,BLOOMINGTON PD,BLOOMINGTON,2,0.0,0.0,0,0,,,,W KIRKWOOD AVE,S ADAMS ST,,,,39.166686,-86.549601,LOCAL/CITY RD,Y,URBAN,N,N,N,,DAYLIGHT,CLOUDY,DRY,,NO JUNCTION INVOLVED,CURVE/GRADE,ASPHALT,FOLLOWING TOO CLOSELY,REAR END,SADAMSSTWKIRKWOODAVE,LN CONTROL,2021-08-30 13:14:00,,,
1277,MONROE SD,BLOOMINGTON,1,0.0,0.0,0,0,,,,W POPCORN RD,S ROCKPORT RD,,,,39.002752,-86.59,,Y,RURAL,N,N,N,,DAYLIGHT,RAIN,WET,,NO JUNCTION INVOLVED,CURVE/GRADE,ASPHALT,RAN OFF RD RIGHT,RAN OFF RD,POPCORNRDROCKPORTRD,NONE,2021-08-30 13:50:00,,,
1278,INDIANA UNIV BLOOMINGTON PD,BLOOMINGTON,2,0.0,2.0,0,0,,,,ST RD 45/46,N DUNN ST,,100.0,E,39.22590355,-86.6134509,ST RD,N,URBAN,N,N,N,,DAYLIGHT,RAIN,WET,,T-INTERSECTION,STRAIGHT/GRADE,ASPHALT,FAILURE TO YIELD RIGHT OF WAY,RIGHT ANGLE,DUNNSTST RD 46E,STOP SIGN,2021-08-30 16:20:00,,,
1279,BLOOMINGTON PD,BLOOMINGTON,2,0.0,0.0,0,0,,,,S LEONARD SPRINGS RD,ST RD 45,,,,39.1418899,-86.5825878,LOCAL/CITY RD,N,URBAN,N,N,N,,DAYLIGHT,RAIN,WET,,FOUR-WAY INTERSECTION,STRAIGHT/GRADE,ASPHALT,FAILURE TO YIELD RIGHT OF WAY,RIGHT ANGLE,EASTSTATEHIGHWAY45HWYSOUTHLEONARDSPRINGSRD,TRAFFIC CONTROL SIGNAL,2021-08-30 16:50:00,,,
1280,MONROE SD,BLOOMINGTON,2,0.0,0.0,0,0,,,,ST RD 45,W ELLER RD,,,,39.12224,-86.6144,ST RD,N,RURAL,N,N,N,,DAYLIGHT,RAIN,WET,,FOUR-WAY INTERSECTION,STRAIGHT/LEVEL,CONCRETE,IMPROPER LN USAGE,SAME DIRECTION SIDESWIPE,ST RD 45 WWELLERRD,NONE,2021-08-30 17:09:00,,,
1281,BLOOMINGTON PD,BLOOMINGTON,2,0.0,1.0,0,0,,,,W COUNTRY CLUB DR,S WALNUT ST,,,,39.1359818,-86.5310843,LOCAL/CITY RD,N,URBAN,N,N,N,,DAYLIGHT,RAIN,WET,,FOUR-WAY INTERSECTION,STRAIGHT/LEVEL,ASPHALT,FOLLOWING TOO CLOSELY,REAR END,SOUTHWALNUTSTWINSLOWRD,TRAFFIC CONTROL SIGNAL,2021-08-30 17:15:00,,,
1282,MONROE SD,BLOOMINGTON,2,0.0,0.0,0,0,,,,S WALNUT ST,E DILLMAN RD,,0.0,N,39.092972,-86.544156,LOCAL/CITY RD,N,URBAN,N,N,N,,DAYLIGHT,RAIN,WET,,FOUR-WAY INTERSECTION,STRAIGHT/GRADE,ASPHALT,FAILURE TO YIELD RIGHT OF WAY,LEFT/RIGHT TURN,EDILLMANRDSOLDST RD 37RD,FLASHING OVERHEAD BEACON,2021-08-30 17:20:00,,,
1283,MONROE SD,BLOOMINGTON,2,0.0,0.0,0,0,,,,I-69 S,,,500.0,N,0.0,0.0,INTERSTATE,N,RURAL,N,N,N,,DAYLIGHT,RAIN,WET,,NO JUNCTION INVOLVED,STRAIGHT/LEVEL,ASPHALT,RDWAY SURFACE CONDITION,RIGHT ANGLE,I-69S128,NONE,2021-08-30 17:37:00,,,
1284,ELLETTSVILLE PD,ELLETTSVILLE,2,0.0,0.0,0,0,,,,ST RD 46 (WB),N MATTHEWS DR (N),,,,39.236096,-86.625168,LOCAL/CITY RD,N,URBAN,N,N,N,,DAYLIGHT,RAIN,WET,,FOUR-WAY INTERSECTION,STRAIGHT/LEVEL,ASPHALT,OTHER (DRIVER) - EXPLAIN IN NARRATIVE,REAR END,MAINSTMATTHEWSDR,TRAFFIC CONTROL SIGNAL,2021-08-30 18:25:00,,,
1285,MONROE SD,BLOOMINGTON,2,0.0,0.0,0,0,,,,ST RD 37,S VICTOR PK,,,,39.105552,-86.551104,ST RD,N,RURAL,N,N,Y,LN CLOSURE,DAWN/DUSK,RAIN,WET,,FOUR-WAY INTERSECTION,STRAIGHT/GRADE,ASPHALT,SPEED TOO FAST FOR WEATHER CONDITIONS,REAR END,S ST RD 37VICTORPK,LN CONTROL,2021-08-30 18:54:00,,,
1286,BLOOMINGTON PD,BLOOMINGTON,2,0.0,0.0,0,0,,,,W COUNTRY CLUB DR,S BANTA AVE,,150.0,W,39.136304,-86.544592,LOCAL/CITY RD,N,URBAN,N,N,N,,DAYLIGHT,CLOUDY,WET,,NO JUNCTION INVOLVED,STRAIGHT/GRADE,ASPHALT,FOLLOWING TOO CLOSELY,REAR END,SBANTAAVEWCOUNTRYCLUBDR,LN CONTROL,2021-08-29 11:46:00,,,
1287,ISP JASPER 34,BLOOMINGTON,1,,1.0,0,0,,,,I-69 S,,,0.0,,39.27315851,-86.52351326,INTERSTATE,,RURAL,N,Y,N,,DARK (NOT LIGHTED),CLEAR,DRY,,NO JUNCTION INVOLVED,,ASPHALT,,RAN OFF RD,I-69,,2021-08-29 12:49:00,,,
1288,MONROE SD,BLOOMINGTON,2,0.0,0.0,0,0,,,,N SHUFFLE CREEK RD,E MIDVIEW DR,,,,39.250375,-86.401596,LOCAL/CITY RD,N,RURAL,N,N,N,,DAYLIGHT,CLEAR,DRY,,T-INTERSECTION,STRAIGHT/LEVEL,ASPHALT,IMPROPER PASSING,SAME DIRECTION SIDESWIPE,MIDVIEWDRSHUFFLECREEKRD,NONE,2021-08-29 14:22:00,,,
1289,BLOOMINGTON PD,BLOOMINGTON,2,0.0,0.0,0,0,,,,S BASSWOOD DR,S MULLER PKWY,,,,39.158531,-86.568003,LOCAL/CITY RD,Y,URBAN,N,N,N,,DAYLIGHT,CLEAR,DRY,,T-INTERSECTION,CURVE/GRADE,ASPHALT,UNSAFE LN MOVEMENT,SAME DIRECTION SIDESWIPE,SBASSWOODDRSMULLERPKWY,NONE,2021-08-29 16:41:00,,,
1290,INDIANA UNIV BLOOMINGTON PD,BLOOMINGTON,2,0.0,0.0,0,0,,,,N EAGLESON AVE,E 17TH ST,,,,39.178844,-86.51245,LOCAL/CITY RD,N,URBAN,N,N,N,,DAWN/DUSK,CLEAR,DRY,,NO JUNCTION INVOLVED,STRAIGHT/LEVEL,ASPHALT,UNSAFE BACKING,BACKING CRASH,17THSTNEAGLESON AVEAVE,NONE,2021-08-29 19:36:00,,,
1291,INDIANA UNIV BLOOMINGTON PD,BLOOMINGTON,1,0.0,0.0,0,0,150,,,ENTRANCE TO EAGLESON AVE PARKING GARAGE,,,,,39.1655783,-86.5179533,UNKNOWN,N,URBAN,N,N,N,,DAWN/DUSK,CLEAR,DRY,,NO JUNCTION INVOLVED,STRAIGHT/LEVEL,CONCRETE,IMPROPER TURNING,COLLISION WITH OBJECT IN RD,NEAGLESON AVEAVE,NONE,2021-08-29 20:10:00,,,
1292,BLOOMINGTON PD,BLOOMINGTON,2,1.0,0.0,0,0,,,,S COLLEGE MALL RD,ST RD 46,,,,39.16424,-86.4984,LOCAL/CITY RD,Y,URBAN,N,N,N,,DARK (LIGHTED),CLEAR,DRY,,FOUR-WAY INTERSECTION,STRAIGHT/LEVEL,ASPHALT,DISREGARD SIGNAL/REG SIGN,RIGHT ANGLE,3RDSTCOLLEGEMALLRD,TRAFFIC CONTROL SIGNAL,2021-08-28 05:40:00,,,
1293,BLOOMINGTON PD,BLOOMINGTON,1,0.0,0.0,0,0,,,,S SMITH RD,E BROWNRIDGE RD,,,,39.161248,-86.480688,LOCAL/CITY RD,N,URBAN,N,N,N,,DARK (NOT LIGHTED),CLEAR,DRY,,FOUR-WAY INTERSECTION,STRAIGHT/GRADE,ASPHALT,RAN OFF RD RIGHT,RAN OFF RD,EBROWNRIDGERDSSMITHRD,NONE,2021-08-28 06:32:00,,,