_id,Agency,City,Vehicles Involved,Trailers Involved,Number Injured,Number Dead,Number Deer,House Number,Roadway Interchange,Roadway Ramp,Roadway Id,Intersecting Road,Interchange,Feet From,Direction,Latitude,Longitude,Roadway Class,Hit and Run?,Locality,School Zone?,Rumble Strips?,Construction?,Construction Type,Light Condition,Weather Conditions,Surface Condition,Type of Median,Roadway Junction Type,Road Character,Roadway Surface,Primary Factor,Manner of Collision,Unique Location Id,Traffic Control,DateTime,Address Number,Cyclist Involved,Pedestrian Involved
1294,BLOOMINGTON PD,BLOOMINGTON,2,0.0,0.0,0,0,,,,ST RD 46,E 7TH ST,,100.0,S,39.16739189,-86.49996854,ST RD,N,URBAN,N,N,N,,DAYLIGHT,CLEAR,DRY,,NO JUNCTION INVOLVED,STRAIGHT/LEVEL,ASPHALT,FOLLOWING TOO CLOSELY,REAR END,E7THSTST RD 46S,NONE,2021-08-28 14:27:00,,,
1295,BLOOMINGTON PD,BLOOMINGTON,2,0.0,1.0,0,0,,,,S COLLEGE MALL RD,ST RD 46,,50.0,S,39.16424,-86.4984,LOCAL/CITY RD,N,URBAN,N,N,N,,DAYLIGHT,CLEAR,DRY,,NO JUNCTION INVOLVED,STRAIGHT/LEVEL,ASPHALT,FAILURE TO YIELD RIGHT OF WAY,LEFT TURN,E 3RDSTSCOLLEGEMALLRD,NONE,2021-08-28 15:13:00,,,
1296,INDIANA UNIV BLOOMINGTON PD,BLOOMINGTON,2,0.0,1.0,0,0,,,,N EAGLESON AVE,E 10TH ST,,,,39.171584,-86.515629,LOCAL/CITY RD,N,URBAN,N,N,N,,DAYLIGHT,CLEAR,DRY,,NO JUNCTION INVOLVED,STRAIGHT/GRADE,ASPHALT,IMPROPER TURNING,LEFT TURN,EAGLESON AVEAVETENTHST,NONE,2021-08-28 16:02:00,,,
1297,BLOOMINGTON PD,BLOOMINGTON,2,0.0,0.0,0,0,,,,ST RD 45/46,N WALNUT ST,,,,39.30613,-85.218076,LOCAL/CITY RD,N,URBAN,N,N,N,,DAYLIGHT,CLEAR,DRY,,FOUR-WAY INTERSECTION,STRAIGHT/LEVEL,ASPHALT,FOLLOWING TOO CLOSELY,REAR END,NWALNUTSTST RD 46HWY,TRAFFIC CONTROL SIGNAL,2021-08-28 18:35:00,,,
1298,MONROE SD,BLOOMINGTON,1,0.0,0.0,0,0,,,,ST RD 46,N LOWER BIRDIE GALYAN RD,,,,39.162654,-86.413349,ST RD,N,RURAL,N,N,N,,DAYLIGHT,CLEAR,DRY,,T-INTERSECTION,CURVE/HILLCREST,ASPHALT,IMPROPER TURNING,RAN OFF RD,NLOWERBIRDIEGALYANRDST RD 46E,NONE,2021-08-28 19:01:00,,,
1299,MONROE SD,BLOOMINGTON,1,0.0,0.0,0,1,,,,ST RD 37,,,3500.0,S,38.68033661,-86.536337,ST RD,N,RURAL,N,N,N,,DARK (NOT LIGHTED),CLEAR,DRY,,NO JUNCTION INVOLVED,STRAIGHT/GRADE,ASPHALT,ANIMAL/OBJECT IN RDWAY,COLLISION WITH DEER,SOUTHZIKESRDS ST RD 37,NONE,2021-08-27 05:30:00,,,
1300,BLOOMINGTON PD,BLOOMINGTON,3,0.0,2.0,0,0,2600,,,N WALNUT ST,E GLENDORA DR,,100.0,N,39.189968,-86.533232,LOCAL/CITY RD,N,URBAN,N,N,N,,DAYLIGHT,CLEAR,DRY,,NO JUNCTION INVOLVED,STRAIGHT/LEVEL,ASPHALT,LEFT OF CENTER,HEAD ON BETWEEN TWO MOTOR VEHICLES,2600NWALNUTSTGLENDORARD,LN CONTROL,2021-08-27 07:27:00,,,
1301,MONROE SD,BLOOMINGTON,2,0.0,0.0,0,0,,,,ST RD 46,N SMITH PK,,,,39.210144,-86.5832,ST RD,N,URBAN,N,N,N,,DAYLIGHT,CLEAR,DRY,,FOUR-WAY INTERSECTION,STRAIGHT/GRADE,ASPHALT,FOLLOWING TOO CLOSELY,REAR END,NORTHSMITHPKST RD 46 W,TRAFFIC CONTROL SIGNAL,2021-08-27 07:33:00,,,
1302,MONROE SD,BLOOMINGTON,2,0.0,0.0,0,0,,,,S SMITH PK,,,500.0,N,39.199072,-86.583152,LOCAL/CITY RD,N,URBAN,N,N,N,,DAYLIGHT,CLEAR,DRY,,T-INTERSECTION,STRAIGHT/LEVEL,ASPHALT,FAILURE TO YIELD RIGHT OF WAY,RIGHT ANGLE,NELSONLNSSMITHPK,NONE,2021-08-27 08:35:00,,,
1303,INDIANA UNIV BLOOMINGTON PD,BLOOMINGTON,2,0.0,0.0,0,0,,,,N EAGLESON AVE,N FISHER CT,,500.0,W,39.183754,-86.51681274,LOCAL/CITY RD,N,URBAN,N,N,N,,DAYLIGHT,CLEAR,DRY,,NO JUNCTION INVOLVED,STRAIGHT/LEVEL,ASPHALT,OTHER (DRIVER) - EXPLAIN IN NARRATIVE,OTHER - EXPLAIN IN NARRATIVE,EAGLESON AVEAVENFISHERCT,NONE,2021-08-27 10:47:00,,,
1304,BLOOMINGTON PD,BLOOMINGTON,2,0.0,0.0,0,0,,,,W 2ND ST,S COLLEGE AVE,,500.0,W,39.16144,-86.534848,LOCAL/CITY RD,N,URBAN,N,N,N,,DAYLIGHT,CLEAR,DRY,,NO JUNCTION INVOLVED,STRAIGHT/LEVEL,ASPHALT,FOLLOWING TOO CLOSELY,REAR END,SCOLLEGEAVEW 2NDST,NONE,2021-08-27 11:50:00,,,
1305,BLOOMINGTON PD,BLOOMINGTON,2,0.0,0.0,0,0,,,,ST RD 46,E 3RD ST,,,,39.187025,-86.21554,LOCAL/CITY RD,N,URBAN,N,N,N,,DAYLIGHT,CLEAR,DRY,,FOUR-WAY INTERSECTION,STRAIGHT/LEVEL,ASPHALT,FOLLOWING TOO CLOSELY,REAR END,E 3RDSTSTRD46BYP,NONE,2021-08-27 12:23:00,,,
1306,INDIANA UNIV BLOOMINGTON PD,BLOOMINGTON,2,0.0,2.0,0,0,,,,ST RD 45/46,N MILO B SAMPSON LN,,,,39.18622,-86.522163,ST RD,N,URBAN,N,N,N,,DAYLIGHT,CLEAR,DRY,,NO JUNCTION INVOLVED,STRAIGHT/LEVEL,ASPHALT,DRIVER ASLEEP OR FATIGUED,HEAD ON BETWEEN TWO MOTOR VEHICLES,NMILOBSAMPSONLNST RD 46,NONE,2021-08-27 13:12:00,,,
1307,BLOOMINGTON PD,BLOOMINGTON,2,0.0,0.0,0,0,,,,E RHORER RD,S JAMIE LN,,,,39.12152,-86.51792,LOCAL/CITY RD,N,URBAN,N,N,N,,DAYLIGHT,CLEAR,DRY,,T-INTERSECTION,STRAIGHT/GRADE,ASPHALT,FOLLOWING TOO CLOSELY,REAR END,EASTRHORERRDSOUTHJAMIELN,STOP SIGN,2021-08-27 13:19:00,,,
1308,BLOOMINGTON PD,BLOOMINGTON,2,0.0,0.0,0,0,1714,,,W EZEKIEL DR,S ELEMENT WAY,,,,39.141829,-86.556297,LOCAL/CITY RD,N,URBAN,N,N,N,,DAYLIGHT,CLEAR,DRY,,NO JUNCTION INVOLVED,STRAIGHT/LEVEL,ASPHALT,UNSAFE BACKING,BACKING CRASH,WEZEKIELDR,NONE,2021-08-27 13:44:00,,,
1309,BLOOMINGTON PD,BLOOMINGTON,2,0.0,0.0,0,0,,,,N WALNUT ST,E GLENDORA DR,,,,39.189968,-86.533232,LOCAL/CITY RD,N,URBAN,N,N,N,,DAYLIGHT,CLEAR,DRY,,T-INTERSECTION,CURVE/LEVEL,ASPHALT,FAILURE TO YIELD RIGHT OF WAY,RIGHT ANGLE,EASTGLENDORADRNORTHWALNUTST,STOP SIGN,2021-08-27 16:02:00,,,
1310,INDIANA UNIV BLOOMINGTON PD,BLOOMINGTON,3,0.0,0.0,0,0,,,,ST RD 45,N PETE LLIS DR,,,,0.0,0.0,ST RD,N,URBAN,N,N,N,,DAYLIGHT,CLOUDY,DRY,,T-INTERSECTION,STRAIGHT/LEVEL,ASPHALT,FOLLOWING TOO CLOSELY,REAR END,RANGERDST RD 45,NONE,2021-08-27 16:45:00,,,
1311,MONROE SD,BLOOMINGTON,2,0.0,0.0,0,0,,,,S BREEDEN RD,,,335.0,S,0.0,0.0,LOCAL/CITY RD,N,RURAL,N,N,N,,DAYLIGHT,CLOUDY,DRY,,NO JUNCTION INVOLVED,CURVE/GRADE,CONCRETE,LEFT OF CENTER,RIGHT ANGLE,SBREEDENRDWFREELANDLN,NONE,2021-08-27 17:02:00,,,
1312,BLOOMINGTON PD,BLOOMINGTON,2,0.0,0.0,0,0,401,,,E VARSITY LN,N DUNN ST,,50.0,W,39.182976,-86.528416,LOCAL/CITY RD,N,URBAN,N,N,N,,DAYLIGHT,RAIN,WET,,FOUR-WAY INTERSECTION,STRAIGHT/LEVEL,ASPHALT,FOLLOWING TOO CLOSELY,REAR END,401EVARSITYLNNDUNNST,STOP SIGN,2021-08-27 17:58:00,,,
1313,BLOOMINGTON PD,BLOOMINGTON,2,0.0,1.0,0,0,,,,W 2ND ST,S PATTERSON DR,,200.0,E,39.160737,-86.5485533,LOCAL/CITY RD,Y,URBAN,N,N,N,,DAYLIGHT,CLOUDY,WET,,NO JUNCTION INVOLVED,CURVE/GRADE,ASPHALT,FOLLOWING TOO CLOSELY,REAR END,SPATTERSONDRW 2NDST,NONE,2021-08-27 18:00:00,,,
1314,BLOOMINGTON PD,BLOOMINGTON,2,0.0,0.0,0,0,,,,ST RD 46,E 7TH ST,,,,39.16774375,-86.500487,LOCAL/CITY RD,N,URBAN,N,N,B,,DAYLIGHT,RAIN,WET,,T-INTERSECTION,STRAIGHT/GRADE,ASPHALT,FOLLOWING TOO CLOSELY,REAR END,EAST7THSTNORTHSTATERD46HWY,STOP SIGN,2021-08-27 18:06:00,,,
1315,MONROE SD,BLOOMINGTON,1,0.0,0.0,0,0,5757,,,N SHUFFLE CREEK RD,,,,,39.24445316,-86.40435415,LOCAL/CITY RD,Y,RURAL,N,N,N,,DAYLIGHT,RAIN,WET,,NO JUNCTION INVOLVED,CURVE/GRADE,ASPHALT,RAN OFF RD RIGHT,RAN OFF RD,NSHUFFLECREEKRD,NONE,2021-08-27 18:40:00,,,
1316,BLOOMINGTON PD,BLOOMINGTON,1,0.0,0.0,0,0,,I-69,W - 120B,ST RD 45/46,I-69 N,120B,,,0.0,0.0,INTERSTATE,N,URBAN,N,N,N,,DAYLIGHT,RAIN,WET,,RAMP,CURVE/HILLCREST,CONCRETE,SPEED TOO FAST FOR WEATHER CONDITIONS,OTHER - EXPLAIN IN NARRATIVE,I46 W,NONE,2021-08-27 18:54:00,,,
1317,BLOOMINGTON PD,BLOOMINGTON,2,0.0,1.0,0,0,,,,ST RD 46,,,300.0,S,39.13601788,-86.500487,LOCAL/CITY RD,N,URBAN,N,N,N,,DAYLIGHT,RAIN,WET,,T-INTERSECTION,STRAIGHT/GRADE,ASPHALT,FOLLOWING TOO CLOSELY,REAR END,EAST7THSTNORTHSTATERD46HWY,NONE,2021-08-27 19:05:00,,,
1318,MONROE SD,BLOOMINGTON,1,0.0,0.0,0,1,,,,N STINESVILLE RD,,,1500.0,N,39.42583757,-86.665734,COUNTY RD,N,RURAL,N,N,N,,DARK (LIGHTED),CLEAR,DRY,,NO JUNCTION INVOLVED,STRAIGHT/GRADE,ASPHALT,ANIMAL/OBJECT IN RDWAY,COLLISION WITH DEER,STATERD46RDSTINESVILLERD,NONE,2021-08-26 04:03:00,,,
1319,INDIANA UNIV BLOOMINGTON PD,BLOOMINGTON,2,0.0,0.0,0,0,,,,E 17TH ST,ST RD 45/46,,,,0.0,0.0,LOCAL/CITY RD,N,URBAN,N,N,N,,DAYLIGHT,CLEAR,DRY,,T-INTERSECTION,STRAIGHT/LEVEL,ASPHALT,FOLLOWING TOO CLOSELY,REAR END,EAST17THSTST RD 46,TRAFFIC CONTROL SIGNAL,2021-08-26 10:30:00,,,
1320,MONROE SD,ELLETTSVILLE,2,0.0,0.0,0,0,,,,ST RD 46,,,716.0,E,39.259651,-86.65762305,ST RD,N,RURAL,N,N,Y,INTERMITTENT OR MOVING WORK,DAYLIGHT,CLEAR,DRY,,T-INTERSECTION,CURVE/GRADE,ASPHALT,VIEW OBSTRUCTED,REAR END,ST RD 46 WWCHAFFINCHAPELRD,LN CONTROL,2021-08-26 11:38:00,,,
1321,MONROE SD,BLOOMINGTON,1,0.0,1.0,0,0,,,,ST RD 37,S VICTOR PK,,,,39.105552,-86.551104,ST RD,N,URBAN,N,N,N,,DAYLIGHT,CLOUDY,DRY,,FOUR-WAY INTERSECTION,STRAIGHT/GRADE,ASPHALT,RAN OFF RD RIGHT,RAN OFF RD,SVICTORPKN ST RD 37,TRAFFIC CONTROL SIGNAL,2021-08-26 13:30:00,,,
1322,INDIANA UNIV BLOOMINGTON PD,BLOOMINGTON,2,0.0,0.0,0,0,,,,ST RD 45/46,E DISCOVERY PKWY,,,,39.171474,-86.495398,ST RD,N,URBAN,N,N,N,,DAYLIGHT,CLEAR,DRY,,T-INTERSECTION,STRAIGHT/LEVEL,ASPHALT,FOLLOWING TOO CLOSELY,REAR END,EDISCOVERYPKWYST RD 45N,TRAFFIC CONTROL SIGNAL,2021-08-26 15:34:00,,,
1323,BLOOMINGTON PD,BLOOMINGTON,2,0.0,1.0,0,0,913,,,S TIMOTHY CT,W ROSS LN,,,,39.157055,-86.557393,UNKNOWN,N,URBAN,N,N,N,,DAYLIGHT,CLEAR,DRY,,NO JUNCTION INVOLVED,STRAIGHT/GRADE,ASPHALT,OTHER (VEHICLE) - EXPLAIN IN NARRATIVE,RIGHT ANGLE,SOUTHTIMOTHYCT,NONE,2021-08-26 16:31:00,,,True
1324,BLOOMINGTON PD,BLOOMINGTON,3,0.0,0.0,0,0,,,,ST RD 48,S CURRY PK,,,,39.16465,-86.582939,LOCAL/CITY RD,N,URBAN,N,N,N,,DAYLIGHT,CLEAR,DRY,,FOUR-WAY INTERSECTION,STRAIGHT/LEVEL,ASPHALT,FOLLOWING TOO CLOSELY,REAR END,SCURRYPKW 3RDST,TRAFFIC CONTROL SIGNAL,2021-08-26 16:45:00,,,
1325,ISP BLOOMINGTON 33,BLOOMINGTON,2,,0.0,0,0,,,,E RHORER RD,S WALNUT ST PK,,0.0,,39.12147013,-86.526316,LOCAL/CITY RD,,URBAN,N,N,N,,DAYLIGHT,CLEAR,DRY,,NO JUNCTION INVOLVED,,ASPHALT,UNSAFE SPEED,REAR END,SWalnutStreetPikeERhorerRd,,2021-08-26 17:33:00,,,
1326,BLOOMINGTON PD,BLOOMINGTON,2,0.0,0.0,0,0,,,,E 3RD ST,S BRYAN AVE,,,,39.16432,-86.50824,LOCAL/CITY RD,N,URBAN,N,N,N,,DAYLIGHT,CLEAR,DRY,,FOUR-WAY INTERSECTION,STRAIGHT/LEVEL,CONCRETE,FAILURE TO YIELD RIGHT OF WAY,SAME DIRECTION SIDESWIPE,EAST3RDSTSOUTHBRYANAVE,TRAFFIC CONTROL SIGNAL,2021-08-26 18:20:00,,,
1327,BLOOMINGTON PD,BLOOMINGTON,2,0.0,0.0,0,0,,,,S HENDERSON ST,E HUNTER AVE,,,,39.16224,-86.527168,LOCAL/CITY RD,N,URBAN,N,N,N,,DAYLIGHT,CLEAR,DRY,,T-INTERSECTION,STRAIGHT/GRADE,ASPHALT,IMPROPER TURNING,SAME DIRECTION SIDESWIPE,EASTHUNTERAVESOUTHHENDERSONST,LN CONTROL,2021-08-26 18:44:00,,,
1328,BLOOMINGTON PD,BLOOMINGTON,2,0.0,0.0,0,0,,,,E ATWATER AVE,S HIGH ST,,,,39.16304,-86.508288,LOCAL/CITY RD,N,URBAN,N,N,N,,DARK (NOT LIGHTED),CLEAR,DRY,,T-INTERSECTION,STRAIGHT/GRADE,ASPHALT,FAILURE TO YIELD RIGHT OF WAY,RIGHT ANGLE,EATWATERAVESHIGHST,STOP SIGN,2021-08-26 21:24:00,,,
1329,BLOOMINGTON PD,BLOOMINGTON,2,0.0,0.0,0,0,,,,E MILLER DR,S WALNUT ST,,,,39.146944,-86.532544,LOCAL/CITY RD,N,URBAN,N,N,N,,DAYLIGHT,CLEAR,DRY,,T-INTERSECTION,STRAIGHT/HILLCREST,ASPHALT,FOLLOWING TOO CLOSELY,REAR END,EMILLERSTSWALNUTST,LN CONTROL,2021-08-25 09:58:00,,,
1330,ISP BLOOMINGTON 33,BLOOMINGTON,2,,1.0,0,0,,,,I-69 S,,,0.0,,39.21150025,-86.55414353,INTERSTATE,,URBAN,N,N,N,,DAYLIGHT,CLOUDY,DRY,,NO JUNCTION INVOLVED,,ASPHALT,UNSAFE SPEED,REAR END,I-69122MM,,2021-08-25 14:45:00,,,
1331,MONROE SD,BLOOMINGTON,2,0.0,0.0,0,0,,,,ST RD 48,W VERNAL PK,,300.0,W,39.16861004,-86.66214184,ST RD,N,RURAL,N,N,N,,DAYLIGHT,RAIN,WET,,T-INTERSECTION,CURVE/LEVEL,ASPHALT,IMPROPER LN USAGE,OPPOSITE DIRECTION SIDESWIPE,ST RD 48WWVERNALPK,NONE,2021-08-25 16:05:00,,,
1332,MONROE SD,BLOOMINGTON,2,0.0,0.0,0,0,,,,ST RD 48,W VERNAL PK,,300.0,W,39.16861004,-86.66214184,ST RD,N,RURAL,N,N,N,,DAYLIGHT,RAIN,WET,,T-INTERSECTION,CURVE/LEVEL,ASPHALT,FOLLOWING TOO CLOSELY,REAR END,ST RD 48WWVERNALPK,NONE,2021-08-25 16:30:00,,,
1333,MONROE SD,BLOOMINGTON,2,0.0,0.0,0,0,,,,N CURRY PK,W WOODYARD,,600.0,S,0.0,0.0,LOCAL/CITY RD,N,URBAN,N,N,N,,DAYLIGHT,CLEAR,DRY,,NO JUNCTION INVOLVED,STRAIGHT/GRADE,ASPHALT,FOLLOWING TOO CLOSELY,REAR END,NCURRYPKWWOODYARDRD,NONE,2021-08-25 16:45:00,,,
1334,MONROE SD,BLOOMINGTON,1,0.0,0.0,0,1,,,,W GORDON PK,S ROGERS ST,,500.0,W,39.121648,-86.539088,LOCAL/CITY RD,N,URBAN,Y,N,N,,DARK (LIGHTED),CLEAR,DRY,,NO JUNCTION INVOLVED,STRAIGHT/GRADE,ASPHALT,ANIMAL/OBJECT IN RDWAY,COLLISION WITH DEER,SOUTHROGERSSTWESTGORDONPK,NONE,2021-08-25 22:50:00,,,
1335,BLOOMINGTON PD,BLOOMINGTON,2,0.0,0.0,0,0,,,,E WINSLOW RD,S WALNUT ST,,100.0,E,39.1361416,-86.52833537,LOCAL/CITY RD,N,URBAN,N,N,N,,DARK (LIGHTED),CLEAR,DRY,,NO JUNCTION INVOLVED,STRAIGHT/LEVEL,ASPHALT,FOLLOWING TOO CLOSELY,REAR END,WALNUTSTWINSLOWRD,NONE,2021-08-24 06:15:00,,,
1336,ELLETTSVILLE PD,ELLETTSVILLE,2,0.0,0.0,0,0,,,,W REEVES RD,SYCAMORE DR,,,,39.231344,-86.640096,LOCAL/CITY RD,N,URBAN,N,N,N,,DAYLIGHT,CLEAR,DRY,,FOUR-WAY INTERSECTION,STRAIGHT/GRADE,ASPHALT,FOLLOWING TOO CLOSELY,REAR END,REEVESRDSYCAMOREDR,STOP SIGN,2021-08-24 08:34:00,,,
1337,ELLETTSVILLE PD,ELLETTSVILLE,2,0.0,0.0,0,0,,,,ST RD 46,W FORREST PARK DR,,,,0.0,0.0,ST RD,N,URBAN,N,N,N,,DAYLIGHT,CLEAR,DRY,,NO JUNCTION INVOLVED,STRAIGHT/LEVEL,ASPHALT,FOLLOWING TOO CLOSELY,REAR END,FORRESTPARKDRST RD 46 W,LN CONTROL,2021-08-24 09:05:00,,,
1338,MONROE SD,BLOOMINGTON,1,0.0,1.0,0,0,,,,ST RD 46,E WOODVIEW DR,,100.0,E,39.15207408,-86.38086033,ST RD,N,RURAL,N,N,N,,DAYLIGHT,CLEAR,DRY,,NO JUNCTION INVOLVED,CURVE/GRADE,ASPHALT,RAN OFF RD RIGHT,RAN OFF RD,ST RD 46EWESTWOODVIEWDR,NONE,2021-08-24 12:36:00,,,
1339,BLOOMINGTON PD,BLOOMINGTON,2,0.0,1.0,0,0,,,,N PETE LLIS DR,E JOHN HINKLE PL,,,,39.17072,-86.4956,LOCAL/CITY RD,N,URBAN,N,N,N,,DAYLIGHT,CLEAR,DRY,,T-INTERSECTION,STRAIGHT/GRADE,ASPHALT,FOLLOWING TOO CLOSELY,REAR END,EJOHNHINKLEPLNPETEELLISDR,LN CONTROL,2021-08-24 12:49:00,,,
1340,BLOOMINGTON PD,BLOOMINGTON,3,0.0,0.0,0,0,,,,E RHORER RD,S SARE RD,,,,39.121462,-86.511559,LOCAL/CITY RD,Y,URBAN,N,N,N,,DAYLIGHT,CLEAR,DRY,,T-INTERSECTION,STRAIGHT/LEVEL,ASPHALT,FOLLOWING TOO CLOSELY,REAR END,ERHORERRDSSARERD,TRAFFIC CONTROL SIGNAL,2021-08-24 16:11:00,,,
1341,INDIANA UNIV BLOOMINGTON PD,BLOOMINGTON,2,0.0,0.0,0,0,,,,N WOODLAWN AVE,E 8TH ST,,,,39.169473,-86.523482,LOCAL/CITY RD,Y,URBAN,N,N,N,,DAYLIGHT,CLEAR,DRY,,FOUR-WAY INTERSECTION,STRAIGHT/LEVEL,ASPHALT,IMPROPER LN USAGE,SAME DIRECTION SIDESWIPE,E8THSTWOODLAWNAVE,NONE,2021-08-24 16:39:00,,,
1342,BLOOMINGTON PD,BLOOMINGTON,2,0.0,0.0,0,0,,,,ST RD 46,S PETE LLIS DR,,,,39.16424,-86.495088,LOCAL/CITY RD,N,URBAN,N,N,N,,DAYLIGHT,CLEAR,DRY,,FOUR-WAY INTERSECTION,STRAIGHT/LEVEL,ASPHALT,FAILURE TO YIELD RIGHT OF WAY,RIGHT ANGLE,EAST3RDSTSOUTHPETEELLISDR,TRAFFIC CONTROL SIGNAL,2021-08-24 16:58:00,,,
1343,ELLETTSVILLE PD,ELLETTSVILLE,2,0.0,0.0,0,0,410,,,W IROQUOIS DR,,,400.0,W,39.22272441,-86.62369014,LOCAL/CITY RD,N,URBAN,N,N,N,,DARK (NOT LIGHTED),CLEAR,DRY,,NO JUNCTION INVOLVED,STRAIGHT/LEVEL,ASPHALT,OTHER (DRIVER) - EXPLAIN IN NARRATIVE,BACKING CRASH,IROQUOISSTTECUMSEHST,NONE,2021-08-23 00:30:00,,,
1344,INDIANA UNIV BLOOMINGTON PD,BLOOMINGTON,2,0.0,0.0,0,0,,,,E COTTAGE GROVE AVE,N WOODLAWN AVE,,,,39.17252,-86.523509,LOCAL/CITY RD,N,URBAN,N,N,N,,DAYLIGHT,CLEAR,DRY,,FOUR-WAY INTERSECTION,STRAIGHT/LEVEL,ASPHALT,FAILURE TO YIELD RIGHT OF WAY,SAME DIRECTION SIDESWIPE,COTTAGEGROVESTWOODLAWNAVE,NONE,2021-08-23 10:14:00,,,
1345,INDIANA UNIV BLOOMINGTON PD,BLOOMINGTON,2,1.0,0.0,0,0,,,,S WOODLAWN AVE,E 3RD ST,,,,39.164248,-86.522621,LOCAL/CITY RD,N,URBAN,N,N,N,,DAYLIGHT,CLEAR,DRY,,T-INTERSECTION,STRAIGHT/GRADE,ASPHALT,IMPROPER TURNING,LEFT TURN,3RDSTWOODLAWNAVE,NONE,2021-08-23 12:18:00,,,
1346,BLOOMINGTON PD,BLOOMINGTON,2,0.0,0.0,0,0,,,,S PATTERSON DR,W PROSPECT ST,,,,39.1626101,-86.55046865,LOCAL/CITY RD,Y,URBAN,N,N,N,,DAYLIGHT,CLEAR,DRY,,FOUR-WAY INTERSECTION,STRAIGHT/LEVEL,ASPHALT,FOLLOWING TOO CLOSELY,REAR END,SPATTERSONDRWPROSPECTST,TRAFFIC CONTROL SIGNAL,2021-08-23 16:15:00,,,
1347,ELLETTSVILLE PD,ELLETTSVILLE,2,0.0,0.0,0,0,,,,ST RD 46,N CHANDLER DR,,,,39.23376,-86.621888,LOCAL/CITY RD,N,URBAN,N,N,N,,DAYLIGHT,CLEAR,DRY,,T-INTERSECTION,STRAIGHT/LEVEL,ASPHALT,DRIVER DISTRACTED - EXPLAIN IN NARRATIVE,REAR END,CHANDLERDRMAINST,LN CONTROL,2021-08-23 16:30:00,,,
1348,BLOOMINGTON PD,BLOOMINGTON,2,0.0,0.0,0,0,,,,N DUNN ST,E 17TH ST,,,,39.17904,-86.5284,LOCAL/CITY RD,N,URBAN,N,N,N,,DAYLIGHT,CLEAR,DRY,,FOUR-WAY INTERSECTION,STRAIGHT/GRADE,ASPHALT,FAILURE TO YIELD RIGHT OF WAY,RIGHT ANGLE,EAST17THSTNORTHDUNNST,TRAFFIC CONTROL SIGNAL,2021-08-23 17:26:00,,,
1349,INDIANA UNIV BLOOMINGTON PD,BLOOMINGTON,2,0.0,0.0,0,0,,,,N INDIANA AVE,E 14TH ST,,,,39.17611,-86.527009,LOCAL/CITY RD,N,URBAN,N,N,N,,DAYLIGHT,CLEAR,DRY,,T-INTERSECTION,STRAIGHT/LEVEL,ASPHALT,FAILURE TO YIELD RIGHT OF WAY,LEFT TURN,FOURTEENTHSTINDIANAAVE,NONE,2021-08-23 18:50:00,,,
1350,ISP BLOOMINGTON 33,BLOOMINGTON,1,,0.0,0,1,,,,S GARRISON CHAPEL RD,W ELLER RD,,370.0,,39.12191741,-86.64293101,COUNTY RD,,RURAL,N,N,N,,DARK (LIGHTED),CLEAR,DRY,,FOUR-WAY INTERSECTION,,ASPHALT,ANIMAL/OBJECT IN RDWAY,COLLISION WITH DEER,WEllerRdSGarrisonChapelRd,,2021-08-23 20:40:00,,,
1351,BLOOMINGTON PD,BLOOMINGTON,1,0.0,0.0,0,0,503,,,S MULLER PKWY,,,,,39.1610573,-86.5674212,UNKNOWN,Y,URBAN,N,N,N,,DAYLIGHT,CLEAR,DRY,,NO JUNCTION INVOLVED,STRAIGHT/LEVEL,ASPHALT,IMPROPER TURNING,OTHER - EXPLAIN IN NARRATIVE,SOUTHMUELLERPKWY,NONE,2021-08-23 23:00:00,,,
1352,INDIANA UNIV BLOOMINGTON PD,BLOOMINGTON,2,0.0,0.0,0,0,,,,N WOODLAWN AVE,E 17TH ST,,,,39.1790372,-86.523554,,Y,URBAN,N,N,N,,DARK (LIGHTED),CLEAR,DRY,,FOUR-WAY INTERSECTION,STRAIGHT/HILLCREST,ASPHALT,FOLLOWING TOO CLOSELY,REAR END,EAST17THSTWOODLAWNAVE,LN CONTROL,2021-08-23 23:50:00,,,
1353,BLOOMINGTON PD,BLOOMINGTON,3,0.0,0.0,0,0,,,,ST RD 46,S SMITH RD,,,,39.16424,-86.480688,LOCAL/CITY RD,N,URBAN,N,N,N,,DAYLIGHT,CLEAR,DRY,,NO JUNCTION INVOLVED,STRAIGHT/LEVEL,ASPHALT,FOLLOWING TOO CLOSELY,REAR END,E 3RDSTSMITHRD,TRAFFIC CONTROL SIGNAL,2021-08-22 09:32:00,,,
1354,BLOOMINGTON PD,BLOOMINGTON,2,0.0,1.0,0,0,,,,N PETE LLIS DR,E LONGVIEW AVE,,,,39.166944,-86.495056,LOCAL/CITY RD,N,URBAN,N,N,N,,DAYLIGHT,CLEAR,DRY,,FOUR-WAY INTERSECTION,STRAIGHT/LEVEL,ASPHALT,FAILURE TO YIELD RIGHT OF WAY,RIGHT ANGLE,ELONGVIEWAVENPETEELLISDR,STOP SIGN,2021-08-22 10:58:00,,,