_id,Agency,City,Vehicles Involved,Trailers Involved,Number Injured,Number Dead,Number Deer,House Number,Roadway Interchange,Roadway Ramp,Roadway Id,Intersecting Road,Interchange,Feet From,Direction,Latitude,Longitude,Roadway Class,Hit and Run?,Locality,School Zone?,Rumble Strips?,Construction?,Construction Type,Light Condition,Weather Conditions,Surface Condition,Type of Median,Roadway Junction Type,Road Character,Roadway Surface,Primary Factor,Manner of Collision,Unique Location Id,Traffic Control,DateTime,Address Number,Cyclist Involved,Pedestrian Involved
1355,INDIANA UNIV BLOOMINGTON PD,BLOOMINGTON,2,0.0,0.0,0,0,,,,E 10TH ST,N SUNRISE DR,,,,39.171585,-86.512477,LOCAL/CITY RD,N,URBAN,N,N,N,,DAYLIGHT,CLEAR,DRY,,FOUR-WAY INTERSECTION,STRAIGHT/LEVEL,ASPHALT,FAILURE TO YIELD RIGHT OF WAY,RIGHT ANGLE,NSUNRISEDRTENTHST,TRAFFIC CONTROL SIGNAL,2021-08-22 16:15:00,,,
1356,BLOOMINGTON PD,BLOOMINGTON,2,0.0,0.0,0,0,,,,W EZEKIEL DR,S ELEMENT WAY,,,,0.0,0.0,LOCAL/CITY RD,Y,URBAN,N,N,N,,DAYLIGHT,CLEAR,DRY,,T-INTERSECTION,STRAIGHT/GRADE,ASPHALT,UNSAFE BACKING,BACKING CRASH,SELEMENTWAYWEZEKIALDR,NONE,2021-08-22 17:19:00,,,
1357,BLOOMINGTON PD,BLOOMINGTON,1,0.0,1.0,0,0,,,,S HENDERSON ST,ENTRANCE TO CRAWFORD APARTMENTS,,250.0,S,39.11170976,-86.526926,LOCAL/CITY RD,N,URBAN,N,Y,N,,DARK (NOT LIGHTED),CLEAR,DRY,,NO JUNCTION INVOLVED,STRAIGHT/LEVEL,ASPHALT,PEDESTRIAN ACTION,COLLISION WITH OBJECT IN RD,EASTBRANDONCTSOUTHHENDERSONST,LN CONTROL,2021-08-22 21:00:00,,,True
1358,MONROE SD,BLOOMINGTON,1,0.0,0.0,0,0,,,,S HANDY RD,S AIRLINE RD,,,,39.08476423,-86.49100012,COUNTY RD,N,RURAL,N,N,N,,DARK (NOT LIGHTED),CLOUDY,DRY,,T-INTERSECTION,CURVE/LEVEL,ASPHALT,RAN OFF RD RIGHT,RAN OFF RD,AIRLNRDHANDYRD,NONE,2021-08-22 21:01:00,,,
1359,ISP BLOOMINGTON 33,BLOOMINGTON,1,,0.0,0,1,,,,ST RD 45,N RUSSELL RD (N),,0.0,,39.20104995,-86.46761272,ST RD,,RURAL,N,N,N,,DAWN/DUSK,CLEAR,DRY,,RAILRD CROSSINGS,,ASPHALT,ANIMAL/OBJECT IN RDWAY,COLLISION WITH DEER,StateRd45RussellRd,,2021-08-21 06:50:00,,,
1360,BLOOMINGTON PD,BLOOMINGTON,2,0.0,1.0,0,0,,,,N ADAMS ST,W KIRKWOOD AVE,,,,39.166816,-86.549488,LOCAL/CITY RD,N,URBAN,N,N,N,,DAYLIGHT,CLEAR,DRY,,FOUR-WAY INTERSECTION,CURVE/GRADE,ASPHALT,FOLLOWING TOO CLOSELY,REAR END,NADAMSSTWKIRKWOODAVE,TRAFFIC CONTROL SIGNAL,2021-08-21 08:04:00,,,
1361,MONROE SD,BLOOMINGTON,2,0.0,0.0,0,0,2450,,,W KARST FARM PARK RD,S ENDWRIGHT RD,,,,39.148848,-86.5964,UNKNOWN,N,URBAN,N,N,N,,DAYLIGHT,CLEAR,DRY,,T-INTERSECTION,STRAIGHT/GRADE,ASPHALT,FOLLOWING TOO CLOSELY,REAR END,SENDWRIGHTRD,STOP SIGN,2021-08-21 12:29:00,,,
1362,BLOOMINGTON PD,BLOOMINGTON,2,0.0,0.0,0,0,,,,S JEFFERSON ST,E 3RD ST,,,,39.164304,-86.506992,LOCAL/CITY RD,N,URBAN,N,N,N,,DAYLIGHT,CLEAR,DRY,,T-INTERSECTION,STRAIGHT/LEVEL,ASPHALT,FOLLOWING TOO CLOSELY,REAR END,E 3RDSTSJEFFERSONST,NONE,2021-08-21 13:57:00,,,
1363,BLOOMINGTON PD,BLOOMINGTON,2,0.0,0.0,0,0,,,,E 3RD ST,S HILLSDALE DR,,50.0,W,39.164272,-86.502416,LOCAL/CITY RD,N,URBAN,N,N,N,,DAYLIGHT,CLEAR,DRY,,NO JUNCTION INVOLVED,STRAIGHT/GRADE,ASPHALT,FOLLOWING TOO CLOSELY,REAR END,E 3RDSTSHILLSDALEDR,NONE,2021-08-21 14:08:00,,,
1364,BLOOMINGTON PD,BLOOMINGTON,2,0.0,0.0,0,0,,,,S ROGERS ST,W PATTERSON DR,,,,39.153791,-86.538749,LOCAL/CITY RD,N,URBAN,N,N,N,,DAYLIGHT,CLEAR,DRY,,FOUR-WAY INTERSECTION,STRAIGHT/LEVEL,ASPHALT,FAILURE TO YIELD RIGHT OF WAY,RIGHT ANGLE,SROGERSSTWPATTERSONDR,TRAFFIC CONTROL SIGNAL,2021-08-21 15:23:00,,,
1365,INDIANA UNIV BLOOMINGTON PD,BLOOMINGTON,2,0.0,0.0,0,0,,,,S SWAIN AVE,E 3RD ST,,,,39.164261,-86.515275,LOCAL/CITY RD,N,URBAN,N,N,N,,DAYLIGHT,CLEAR,DRY,,T-INTERSECTION,STRAIGHT/GRADE,ASPHALT,IMPROPER TURNING,LEFT TURN,SWAINAVE 3RDST,NONE,2021-08-21 17:08:00,,,
1366,INDIANA UNIV BLOOMINGTON PD,BLOOMINGTON,2,1.0,0.0,0,0,,,,S PARK AVE,E ATWATER AVE,,,,39.163117,-86.524016,LOCAL/CITY RD,Y,URBAN,N,N,N,,DAYLIGHT,CLEAR,DRY,,T-INTERSECTION,STRAIGHT/LEVEL,ASPHALT,IMPROPER TURNING,OPPOSITE DIRECTION SIDESWIPE,ATWATERAVESPARKAVE,STOP SIGN,2021-08-21 17:29:00,,,
1367,BLOOMINGTON PD,BLOOMINGTON,2,0.0,0.0,0,0,,,,N COLLEGE AVE,W 10TH ST,,,,39.171744,-86.534768,LOCAL/CITY RD,Y,URBAN,N,N,N,,DAYLIGHT,CLEAR,DRY,,FOUR-WAY INTERSECTION,STRAIGHT/LEVEL,ASPHALT,IMPROPER LN USAGE,RIGHT ANGLE,NCOLLEGEAVEW10THST,TRAFFIC CONTROL SIGNAL,2021-08-21 18:03:00,,,
1368,BLOOMINGTON PD,BLOOMINGTON,2,0.0,0.0,0,0,,,,S ROGERS ST,,,500.0,S,39.146448,-86.5388,LOCAL/CITY RD,Y,URBAN,N,N,N,,DAYLIGHT,CLEAR,DRY,,FOUR-WAY INTERSECTION,STRAIGHT/LEVEL,ASPHALT,LEFT OF CENTER,OPPOSITE DIRECTION SIDESWIPE,SROCKPORTRDSROGERSST,NONE,2021-08-21 18:23:00,,,
1369,MONROE SD,BLOOMINGTON,1,0.0,2.0,0,0,8255,,,S FAIRFAX RD,,,1000.0,N,39.15126878,-86.490565,LOCAL/CITY RD,N,RURAL,N,N,N,,DARK (NOT LIGHTED),CLEAR,DRY,,NO JUNCTION INVOLVED,STRAIGHT/LEVEL,ASPHALT,ANIMAL/OBJECT IN RDWAY,COLLISION WITH ANIMAL OTHER,CLEVEBUTCHERRDFAIRFAXRD,LN CONTROL,2021-08-20 03:15:00,,,
1370,BLOOMINGTON PD,BLOOMINGTON,2,0.0,0.0,0,0,,,,W 6TH ST,N COLLEGE AVE,,,,39.167648,-86.534784,LOCAL/CITY RD,N,URBAN,N,N,N,,DAYLIGHT,CLEAR,DRY,,FOUR-WAY INTERSECTION,STRAIGHT/GRADE,ASPHALT,UNSAFE BACKING,BACKING CRASH,6THSTCOLLEGEAVE,TRAFFIC CONTROL SIGNAL,2021-08-20 11:54:00,,,
1371,BLOOMINGTON PD,BLOOMINGTON,2,0.0,0.0,0,0,,,,ST RD 45,S LIBERTY DR,,,,39.1450914,-86.5778283,LOCAL/CITY RD,N,URBAN,N,N,N,,DAYLIGHT,CLEAR,DRY,,FOUR-WAY INTERSECTION,STRAIGHT/LEVEL,ASPHALT,IMPROPER LN USAGE,REAR END,SLIBERTYDRWST RD 45HWY,TRAFFIC CONTROL SIGNAL,2021-08-20 14:36:00,,,
1372,BLOOMINGTON PD,BLOOMINGTON,2,0.0,1.0,0,0,,,,S WOODLAWN AVE,E 2ND ST,,,,39.16108,-86.522618,LOCAL/CITY RD,N,URBAN,N,N,N,,DAYLIGHT,CLEAR,DRY,,FOUR-WAY INTERSECTION,STRAIGHT/LEVEL,ASPHALT,DISREGARD SIGNAL/REG SIGN,RIGHT ANGLE,ESECONDSTSWOODLAWNAVE,STOP SIGN,2021-08-20 15:46:00,,,
1373,BLOOMINGTON PD,BLOOMINGTON,2,0.0,1.0,0,0,,,,W 3RD ST,S MULLER PKWY,,,,39.164469,-86.562709,LOCAL/CITY RD,N,URBAN,N,N,N,,DARK (LIGHTED),CLEAR,DRY,,T-INTERSECTION,STRAIGHT/LEVEL,ASPHALT,FAILURE TO YIELD RIGHT OF WAY,RIGHT ANGLE,SMULLERPKWYW 3RDST,STOP SIGN,2021-08-20 22:53:00,,,
1374,MONROE SD,BLOOMINGTON,2,1.0,0.0,0,0,,,,I-69 S,,,1000.0,S,0.0,0.0,INTERSTATE,N,URBAN,N,Y,N,,DAYLIGHT,CLOUDY,DRY,,INTERCHANGE,STRAIGHT/GRADE,ASPHALT,OTHER (VEHICLE) - EXPLAIN IN NARRATIVE,OTHER - EXPLAIN IN NARRATIVE,BURMARDI-69S,NONE,2021-08-19 01:35:00,,,
1375,INDIANA UNIV BLOOMINGTON PD,BLOOMINGTON,2,0.0,0.0,0,0,,,,ST RD 45,ST RD 45/46,,,,0.0,0.0,ST RD,N,URBAN,N,N,N,,DAYLIGHT,CLEAR,DRY,,FOUR-WAY INTERSECTION,STRAIGHT/LEVEL,ASPHALT,DRIVER DISTRACTED - EXPLAIN IN NARRATIVE,REAR END,ST RD 45ST RD 46,TRAFFIC CONTROL SIGNAL,2021-08-19 08:53:00,,,
1376,BLOOMINGTON PD,BLOOMINGTON,2,0.0,0.0,0,0,,,,W HAYS CT,S ROGERS ST,,40.0,W,39.12504,-86.5388,LOCAL/CITY RD,N,URBAN,N,N,N,,DAYLIGHT,CLEAR,DRY,,NO JUNCTION INVOLVED,STRAIGHT/GRADE,ASPHALT,IMPROPER LN USAGE,SAME DIRECTION SIDESWIPE,SROGERSSTWHAYSCT,NONE,2021-08-19 08:57:00,,,
1377,ISP BLOOMINGTON 33,BLOOMINGTON,2,,0.0,0,0,,,,ST RD 45/46,,,500.0,N,39.17514641,-86.50406172,ST RD,,URBAN,N,N,N,,DAYLIGHT,CLOUDY,DRY,,NO JUNCTION INVOLVED,,ASPHALT,UNSAFE SPEED,REAR END,ST RD 45DiscoveryParkway,,2021-08-19 12:25:00,,,
1378,BLOOMINGTON PD,BLOOMINGTON,2,0.0,0.0,0,0,,,,ST RD 45,S LIBERTY DR,,,,39.1450914,-86.5778283,LOCAL/CITY RD,N,URBAN,N,N,N,,DAYLIGHT,CLEAR,DRY,,FOUR-WAY INTERSECTION,STRAIGHT/LEVEL,ASPHALT,FAILURE TO YIELD RIGHT OF WAY,RIGHT ANGLE,LIBERTYDRWESTSTATERD45HWY,TRAFFIC CONTROL SIGNAL,2021-08-19 14:04:00,,,
1379,BLOOMINGTON PD,BLOOMINGTON,2,0.0,0.0,0,0,,,,S LIBERTY DR,ST RD 45,,50.0,N,39.155739,-86.57686479,LOCAL/CITY RD,N,URBAN,Y,N,N,,DAYLIGHT,CLEAR,DRY,,FOUR-WAY INTERSECTION,STRAIGHT/LEVEL,ASPHALT,BRAKE FAILURE OR DEFECTIVE,REAR END,SLIBERTYDRST RD 45HWY,NONE,2021-08-19 14:31:00,,,
1380,BLOOMINGTON PD,BLOOMINGTON,2,0.0,0.0,0,0,,,,N WALNUT ST,W 10TH ST,,,,39.171744,-86.53352,LOCAL/CITY RD,N,URBAN,N,N,N,,DAYLIGHT,CLEAR,DRY,,FOUR-WAY INTERSECTION,STRAIGHT/GRADE,ASPHALT,DISREGARD SIGNAL/REG SIGN,RIGHT ANGLE,NORTHWALNUTSTWEST10THST,TRAFFIC CONTROL SIGNAL,2021-08-19 15:05:00,,,
1381,BLOOMINGTON PD,BLOOMINGTON,2,0.0,0.0,0,0,,,,S WASHINGTON ST,E 7TH ST,,50.0,S,39.16864,-86.5324,LOCAL/CITY RD,Y,URBAN,N,N,N,,DAYLIGHT,CLOUDY,DRY,,NO JUNCTION INVOLVED,STRAIGHT/GRADE,ASPHALT,UNSAFE LN MOVEMENT,SAME DIRECTION SIDESWIPE,E7THSTSWASHINGTONST,NONE,2021-08-19 15:30:00,,,
1382,INDIANA UNIV BLOOMINGTON PD,BLOOMINGTON,2,0.0,0.0,0,0,,,,ST RD 45/46,E DISCOVERY PKWY,,300.0,N,39.20699156,-86.504121,ST RD,N,URBAN,N,N,N,,DAYLIGHT,CLEAR,DRY,,NO JUNCTION INVOLVED,STRAIGHT/LEVEL,ASPHALT,FOLLOWING TOO CLOSELY,REAR END,EDISCOVERYPKWYST RD 45N,NONE,2021-08-19 16:31:00,,,
1383,INDIANA UNIV BLOOMINGTON PD,BLOOMINGTON,2,0.0,0.0,0,0,,,,ST RD 45/46,E DISCOVERY PKWY,,330.0,N,39.21016476,-86.504121,ST RD,N,URBAN,N,N,N,,DAYLIGHT,CLEAR,DRY,,NO JUNCTION INVOLVED,STRAIGHT/LEVEL,ASPHALT,FOLLOWING TOO CLOSELY,REAR END,EDISCOVERYPKWYST RD 45N,NONE,2021-08-19 16:31:00,,,
1384,INDIANA UNIV BLOOMINGTON PD,BLOOMINGTON,2,0.0,0.0,0,0,,,,ST RD 45/46,E DISCOVERY PKWY,,150.0,N,39.23990158,-86.61052504,ST RD,N,URBAN,N,N,N,,DAYLIGHT,CLEAR,DRY,,T-INTERSECTION,STRAIGHT/LEVEL,ASPHALT,FOLLOWING TOO CLOSELY,REAR END,DISCOVERYPKWYST RD 46E,TRAFFIC CONTROL SIGNAL,2021-08-19 17:13:00,,,
1385,INDIANA UNIV BLOOMINGTON PD,BLOOMINGTON,2,0.0,0.0,0,0,,,,ST RD 45/46,E DISCOVERY PKWY,,,,39.171474,-86.495398,ST RD,N,URBAN,N,N,N,,DAYLIGHT,CLEAR,DRY,,NO JUNCTION INVOLVED,STRAIGHT/LEVEL,ASPHALT,FOLLOWING TOO CLOSELY,REAR END,DISCOVERYPKWYST RD 45S,TRAFFIC CONTROL SIGNAL,2021-08-19 17:50:00,,,
1386,BLOOMINGTON PD,BLOOMINGTON,2,0.0,0.0,0,0,,,,N WALNUT ST,E 14TH ST,,30.0,S,39.175952,-86.53344,LOCAL/CITY RD,Y,,N,N,N,,DAYLIGHT,CLEAR,DRY,,NO JUNCTION INVOLVED,STRAIGHT/GRADE,CONCRETE,UNSAFE LN MOVEMENT,SAME DIRECTION SIDESWIPE,E14THSTNWALNUTST,NONE,2021-08-19 18:32:00,,,
1387,BLOOMINGTON PD,BLOOMINGTON,2,0.0,1.0,0,0,,,,ST RD 45/46,N KINSER PK,,,,39.186544,-86.537888,LOCAL/CITY RD,N,URBAN,N,N,N,,DAWN/DUSK,CLEAR,DRY,,FOUR-WAY INTERSECTION,STRAIGHT/GRADE,ASPHALT,OTHER (DRIVER) - EXPLAIN IN NARRATIVE,REAR END,NKINSERPKWSTATERD4546BYP,TRAFFIC CONTROL SIGNAL,2021-08-19 20:11:00,,,
1388,BLOOMINGTON PD,BLOOMINGTON,2,0.0,0.0,0,0,,,,S ADAMS ST,S PATTERSON DR,,,,39.164512,-86.550624,LOCAL/CITY RD,Y,URBAN,N,N,N,,DARK (LIGHTED),CLEAR,DRY,,FOUR-WAY INTERSECTION,CURVE/GRADE,ASPHALT,IMPROPER LN USAGE,OPPOSITE DIRECTION SIDESWIPE,ADAMSSTW 3RDST,TRAFFIC CONTROL SIGNAL,2021-08-19 23:10:00,,,
1389,MONROE SD,BLOOMINGTON,3,0.0,1.0,0,0,,,,N SMITH PK,W WOODYARD,,200.0,N,0.0,0.0,COUNTY RD,N,RURAL,N,N,N,,DAYLIGHT,CLEAR,DRY,,T-INTERSECTION,STRAIGHT/GRADE,ASPHALT,LEFT OF CENTER,OPPOSITE DIRECTION SIDESWIPE,NSMITHPKWOODYARDRD,LN CONTROL,2021-08-18 12:12:00,,,
1390,INDIANA UNIV BLOOMINGTON PD,BLOOMINGTON,2,0.0,0.0,0,0,,,,E 10TH ST,N SUNRISE DR,,,,39.171585,-86.512477,LOCAL/CITY RD,N,URBAN,N,N,N,,DAYLIGHT,CLEAR,DRY,,FOUR-WAY INTERSECTION,STRAIGHT/LEVEL,ASPHALT,FOLLOWING TOO CLOSELY,REAR END,NSUNRISEDRTENTHST,TRAFFIC CONTROL SIGNAL,2021-08-18 13:10:00,,,
1391,INDIANA UNIV BLOOMINGTON PD,BLOOMINGTON,2,0.0,0.0,0,0,,,,E 3RD ST,S FESS AVE,,,,39.164281,-86.525871,LOCAL/CITY RD,N,URBAN,N,N,N,,DAYLIGHT,CLEAR,DRY,,T-INTERSECTION,STRAIGHT/LEVEL,ASPHALT,IMPROPER TURNING,LEFT TURN,FESSAVE 3RDST,NONE,2021-08-18 13:20:00,,,
1392,BLOOMINGTON PD,BLOOMINGTON,2,0.0,0.0,0,0,,,,W 2ND ST,B-LINE TRAIL,,30.0,E,39.161378,-86.53630159,LOCAL/CITY RD,N,URBAN,N,N,N,,DAYLIGHT,CLEAR,DRY,,TRAIL CROSSINGS,STRAIGHT/LEVEL,ASPHALT,FOLLOWING TOO CLOSELY,REAR END,SMORTONSTW 2NDST,YIELD SIGN,2021-08-18 14:06:00,,,
1393,BLOOMINGTON PD,BLOOMINGTON,2,0.0,0.0,0,0,,,,E 7TH ST,ST RD 46,,,,39.16774375,-86.500487,LOCAL/CITY RD,N,URBAN,N,N,N,,DAYLIGHT,CLEAR,DRY,,T-INTERSECTION,STRAIGHT/LEVEL,ASPHALT,FOLLOWING TOO CLOSELY,REAR END,E7THSTNSTATERD46HWY,STOP SIGN,2021-08-18 14:36:00,,,
1394,BLOOMINGTON PD,BLOOMINGTON,2,0.0,1.0,0,0,1602,,,S WALNUT ST,W SOUTHERN DR,,,,39.14984,-86.533392,LOCAL/CITY RD,N,URBAN,N,N,N,,DAYLIGHT,CLEAR,DRY,,T-INTERSECTION,STRAIGHT/LEVEL,ASPHALT,FAILURE TO YIELD RIGHT OF WAY,RIGHT ANGLE,EASTSOUTHERNDRSOUTHWALNUTST,STOP SIGN,2021-08-18 15:56:00,,,
1395,ISP BLOOMINGTON 33,BLOOMINGTON,1,,0.0,0,0,,,,I-69 N,ST RD 37,,0.0,,39.11256084,-86.56140751,INTERSTATE,,URBAN,N,N,N,,DAYLIGHT,CLEAR,DRY,,NO JUNCTION INVOLVED,,CONCRETE,,RAN OFF RD,I-69114.5,,2021-08-18 16:20:00,,,
1396,INDIANA UNIV BLOOMINGTON PD,BLOOMINGTON,2,0.0,0.0,0,0,,,,S SWAIN AVE,E 3RD ST,,,,39.164261,-86.515275,LOCAL/CITY RD,N,URBAN,N,N,N,,DAYLIGHT,CLEAR,DRY,,T-INTERSECTION,STRAIGHT/LEVEL,ASPHALT,IMPROPER TURNING,LEFT TURN,SWAINAVE 3RDST,NONE,2021-08-18 16:40:00,,,
1397,BLOOMINGTON PD,BLOOMINGTON,1,0.0,1.0,0,0,,,,ST RD 46,S COLLEGE MALL RD,,100.0,E,39.1641839,-86.49824424,LOCAL/CITY RD,Y,URBAN,N,N,N,,DARK (LIGHTED),CLEAR,DRY,,NO JUNCTION INVOLVED,STRAIGHT/LEVEL,ASPHALT,FAILURE TO YIELD RIGHT OF WAY,RIGHT TURN,ESTRD46HWYSCOLLEGEMALLRD,NONE,2021-08-18 22:23:00,,,True
1398,MONROE SD,BLOOMINGTON,1,0.0,0.0,0,0,,,,W PERSIMMON CT,S WHITE PINE DR,,,,39.109212,-86.537086,LOCAL/CITY RD,Y,URBAN,N,N,N,,DARK (NOT LIGHTED),CLEAR,DRY,,T-INTERSECTION,CURVE/LEVEL,ASPHALT,RAN OFF RD RIGHT,RAN OFF RD,SOUTHWHITEPINEDRWESTPERSIMMONCT,NONE,2021-08-18 22:50:00,,,
1399,ISP BLOOMINGTON 33,BLOOMINGTON,2,,0.0,0,0,7844,,,W ELWREN RD,ST RD 45,,185.0,,39.10807844,-86.64434567,LOCAL/CITY RD,,RURAL,N,N,N,,DAYLIGHT,FOG/SMOKE/SMOG,DRY,,NO JUNCTION INVOLVED,,ASPHALT,OTHER (DRIVER) - EXPLAIN IN NARRATIVE,REAR END,WStateRd45 WElwrenRd,,2021-08-17 08:27:00,,,
1400,BLOOMINGTON PD,BLOOMINGTON,2,0.0,0.0,0,0,,,,N WOODBURN AVE,W 14TH ST,,,,39.176016,-86.53608,LOCAL/CITY RD,N,URBAN,N,N,N,,DAWN/DUSK,CLEAR,DRY,,NO JUNCTION INVOLVED,STRAIGHT/GRADE,ASPHALT,IMPROPER TURNING,LEFT TURN,NWOODBURNAVEW14THST,NONE,2021-08-17 09:13:00,,,
1401,ISP BLOOMINGTON 33,BLOOMINGTON,2,,0.0,0,0,,,,I-69 N,,,0.0,,39.06851135,-86.6733596,INTERSTATE,,RURAL,N,N,N,,DAYLIGHT,CLEAR,DRY,,NO JUNCTION INVOLVED,,CONCRETE,,SAME DIRECTION SIDESWIPE,I-69106.5,,2021-08-17 13:20:00,,,
1402,BLOOMINGTON PD,BLOOMINGTON,2,0.0,0.0,0,0,,,,E COVENANTER DR,S COLLEGE MALL RD,,,,39.1551603,-86.4977833,LOCAL/CITY RD,N,URBAN,N,N,N,,DAYLIGHT,CLOUDY,DRY,,FOUR-WAY INTERSECTION,STRAIGHT/LEVEL,ASPHALT,FAILURE TO YIELD RIGHT OF WAY,LEFT/RIGHT TURN,ECOVENANTERDRSCOLLEGEMALLRD,TRAFFIC CONTROL SIGNAL,2021-08-17 13:51:00,,,
1403,BLOOMINGTON PD,BLOOMINGTON,2,0.0,0.0,0,0,1836,,,S OAKDALE DR,,,,,39.145118,-86.5713167,UNKNOWN,N,URBAN,N,N,N,,DAYLIGHT,CLOUDY,DRY,,NO JUNCTION INVOLVED,NON-RDWAY CRASH,ASPHALT,UNSAFE BACKING,BACKING CRASH,SOAKDALEDR,NONE,2021-08-17 14:44:00,,,
1404,BLOOMINGTON PD,BLOOMINGTON,2,0.0,1.0,0,0,,,,S ROGERS ST,W 4TH ST,,,,39.165696,-86.538592,LOCAL/CITY RD,N,URBAN,N,N,N,,DAYLIGHT,CLEAR,DRY,,FOUR-WAY INTERSECTION,STRAIGHT/LEVEL,ASPHALT,DISREGARD SIGNAL/REG SIGN,LEFT TURN,SROGERSSTW4THST,STOP SIGN,2021-08-17 16:51:00,,,
1405,INDIANA UNIV BLOOMINGTON PD,BLOOMINGTON,2,0.0,0.0,0,0,,,,ST RD 46,ST RD 45,,,,0.0,0.0,ST RD,N,URBAN,N,N,N,,DAYLIGHT,CLEAR,DRY,,FOUR-WAY INTERSECTION,STRAIGHT/LEVEL,ASPHALT,FOLLOWING TOO CLOSELY,REAR END,ST RD 45ST RD 46,TRAFFIC CONTROL SIGNAL,2021-08-17 16:56:00,,,
1406,BLOOMINGTON PD,BLOOMINGTON,1,1.0,0.0,0,0,,,,W 17TH ST,N MADISON ST,,,,39.178992,-86.537792,LOCAL/CITY RD,N,URBAN,N,N,N,,DAYLIGHT,CLEAR,DRY,,FOUR-WAY INTERSECTION,STRAIGHT/HILLCREST,ASPHALT,OVERCORRECTING/OVERSTEERING,RAN OFF RD,NMADISONSTW17THST,TRAFFIC CONTROL SIGNAL,2021-08-17 17:55:00,,,
1407,INDIANA UNIV BLOOMINGTON PD,BLOOMINGTON,2,0.0,0.0,0,0,,,,ST RD 45/46,E 10TH ST,,,,0.0,0.0,ST RD,Y,URBAN,N,N,N,,DAYLIGHT,CLOUDY,DRY,,FOUR-WAY INTERSECTION,STRAIGHT/LEVEL,ASPHALT,UNSAFE SPEED,REAR END,ST RD 45ST RD 46,TRAFFIC CONTROL SIGNAL,2021-08-17 18:00:00,,,
1408,BLOOMINGTON PD,BLOOMINGTON,2,0.0,0.0,0,0,,,,S ADAMS ST,ENTRANCE TO MARATHON GAS STATION,,,,39.16342,-86.551249,LOCAL/CITY RD,N,URBAN,N,N,N,,DAYLIGHT,CLEAR,DRY,,FOUR-WAY INTERSECTION,STRAIGHT/LEVEL,ASPHALT,FOLLOWING TOO CLOSELY,REAR END,SPATTERSONDRW 3RDST,TRAFFIC CONTROL SIGNAL,2021-08-17 18:20:00,,,
1409,MONROE SD,BLOOMINGTON,1,1.0,0.0,0,0,1907,,,W LANCASTER RD,N MAPLE GROVE RD,,,,39.21103608,-86.56000065,LOCAL/CITY RD,N,RURAL,N,N,N,,DAYLIGHT,CLEAR,DRY,,NO JUNCTION INVOLVED,CURVE/GRADE,CONCRETE,IMPROPER TURNING,RAN OFF RD,WLANCASTERDR,NONE,2021-08-17 18:22:00,,,
1410,BLOOMINGTON PD,BLOOMINGTON,2,0.0,0.0,0,0,3462,,,E JOHN HINKLE PL,,,,,39.1693392,-86.4919832,LOCAL/CITY RD,N,URBAN,N,N,N,,DAYLIGHT,CLEAR,DRY,,NO JUNCTION INVOLVED,STRAIGHT/LEVEL,ASPHALT,FAILURE TO YIELD RIGHT OF WAY,BACKING CRASH,EJOHNHICKLEPL,NONE,2021-08-17 18:40:00,,,
1411,BLOOMINGTON PD,BLOOMINGTON,2,0.0,1.0,0,0,,,,N WALNUT ST,W 14TH ST,,,,39.175952,-86.53344,LOCAL/CITY RD,N,URBAN,N,N,N,,DAYLIGHT,CLEAR,DRY,,FOUR-WAY INTERSECTION,STRAIGHT/GRADE,ASPHALT,IMPROPER TURNING,SAME DIRECTION SIDESWIPE,NORTHWALNUTSTWEST14THST,STOP SIGN,2021-08-17 19:44:00,,,
1412,BLOOMINGTON PD,BLOOMINGTON,2,0.0,1.0,0,0,,,,N WALNUT ST,,,200.0,S,39.16864,-86.533568,LOCAL/CITY RD,N,URBAN,N,N,Y,LN CLOSURE,DAYLIGHT,FOG/SMOKE/SMOG,DRY,,NO JUNCTION INVOLVED,STRAIGHT/LEVEL,ASPHALT,UNSAFE LN MOVEMENT,SAME DIRECTION SIDESWIPE,NWALNUTSTW7THST,LN CONTROL,2021-08-17 20:53:00,,,
1413,BLOOMINGTON PD,BLOOMINGTON,2,0.0,1.0,0,0,,,,S COLLEGE AVE,W 11TH ST,,,,39.173232,-86.534752,LOCAL/CITY RD,N,URBAN,N,N,N,,DARK (LIGHTED),CLEAR,DRY,,FOUR-WAY INTERSECTION,STRAIGHT/HILLCREST,ASPHALT,DRIVER DISTRACTED - EXPLAIN IN NARRATIVE,RIGHT ANGLE,SCOLLEGEAVEW11THST,TRAFFIC CONTROL SIGNAL,2021-08-17 21:14:00,,,
1414,BLOOMINGTON PD,BLOOMINGTON,3,0.0,1.0,0,0,,,,E WINSLOW RD,S HIGHLAND AVE,,15.0,W,39.136048,-86.518496,LOCAL/CITY RD,N,URBAN,N,N,N,,DAYLIGHT,CLOUDY,DRY,,T-INTERSECTION,STRAIGHT/GRADE,ASPHALT,FOLLOWING TOO CLOSELY,REAR END,EWINSLOWRDSHIGHLANDAVE,NONE,2021-08-16 08:16:00,,,