_id,Agency,City,Vehicles Involved,Trailers Involved,Number Injured,Number Dead,Number Deer,House Number,Roadway Interchange,Roadway Ramp,Roadway Id,Intersecting Road,Interchange,Feet From,Direction,Latitude,Longitude,Roadway Class,Hit and Run?,Locality,School Zone?,Rumble Strips?,Construction?,Construction Type,Light Condition,Weather Conditions,Surface Condition,Type of Median,Roadway Junction Type,Road Character,Roadway Surface,Primary Factor,Manner of Collision,Unique Location Id,Traffic Control,DateTime,Address Number,Cyclist Involved,Pedestrian Involved
1415,BLOOMINGTON PD,BLOOMINGTON,2,0.0,0.0,0,0,,,,W 3RD ST,S YANCY LN,,,,39.164532,-86.569474,LOCAL/CITY RD,N,URBAN,N,N,N,,DAYLIGHT,CLEAR,DRY,,T-INTERSECTION,STRAIGHT/GRADE,ASPHALT,BRAKE FAILURE OR DEFECTIVE,REAR END,SOUTHYANCYLNWEST3RDST,STOP SIGN,2021-08-16 14:23:00,,,
1416,BLOOMINGTON PD,BLOOMINGTON,2,0.0,0.0,0,0,,,,ST RD 48,S WELMIR DR,,,,39.164714,-86.579129,LOCAL/CITY RD,N,URBAN,N,N,N,,DAYLIGHT,CLOUDY,DRY,,T-INTERSECTION,STRAIGHT/GRADE,ASPHALT,IMPROPER TURNING,RIGHT ANGLE,RUNKLEWAYW 3RDST,NONE,2021-08-16 14:50:00,,,
1417,BLOOMINGTON PD,BLOOMINGTON,2,0.0,0.0,0,0,,,,E 2ND ST,S WOODLAWN AVE,,,,39.161312,-86.522576,LOCAL/CITY RD,N,URBAN,N,N,N,,DAYLIGHT,CLEAR,DRY,,FOUR-WAY INTERSECTION,STRAIGHT/LEVEL,ASPHALT,DISREGARD SIGNAL/REG SIGN,RIGHT ANGLE,EAST2NDSTSOUTHWOODLAWNAVE,STOP SIGN,2021-08-16 17:08:00,,,
1418,ISP BLOOMINGTON 33,BLOOMINGTON,3,,2.0,0,0,,,,ST RD 46,E KERR CREEK RD,,150.0,,39.16655044,-86.4632391,ST RD,,RURAL,N,N,N,,DAYLIGHT,CLOUDY,DRY,,NO JUNCTION INVOLVED,,ASPHALT,UNSAFE SPEED,REAR END,StateRd46KerrCreekRd,,2021-08-16 17:55:00,,,
1419,INDIANA UNIV BLOOMINGTON PD,BLOOMINGTON,2,0.0,0.0,0,0,,,,N FEE LN,E LAW LN,,,,39.17378795,-86.51785229,LOCAL/CITY RD,N,URBAN,N,N,N,,DAYLIGHT,CLEAR,DRY,,T-INTERSECTION,STRAIGHT/GRADE,ASPHALT,DRIVER DISTRACTED - EXPLAIN IN NARRATIVE,REAR END,ELAWLNNFEELN,LN CONTROL,2021-08-16 19:25:00,,,
1420,BLOOMINGTON PD,BLOOMINGTON,2,0.0,0.0,0,0,,,,E 9TH ST,N WASHINGTON ST,,50.0,W,39.170544,-86.5324,LOCAL/CITY RD,N,URBAN,N,N,N,,DAWN/DUSK,CLEAR,DRY,,NO JUNCTION INVOLVED,STRAIGHT/GRADE,ASPHALT,UNSAFE BACKING,BACKING CRASH,EAST9THSTNORTHWASHINGTONST,NONE,2021-08-16 20:09:00,,,
1421,BLOOMINGTON PD,BLOOMINGTON,2,0.0,1.0,0,0,,,,ST RD 45/46,N WALNUT ST,,2500.0,E,39.186268,-86.53480534,LOCAL/CITY RD,N,URBAN,N,N,N,,DAYLIGHT,CLEAR,DRY,,NO JUNCTION INVOLVED,STRAIGHT/GRADE,ASPHALT,FOLLOWING TOO CLOSELY,REAR END,INDIANA4546BYPNWALNUTST,NONE,2021-08-16 22:54:00,,,
1422,BLOOMINGTON PD,BLOOMINGTON,2,0.0,0.0,0,0,,,,E MAXWELL LN,S HAWTHORNE DR,,150.0,W,39.15781,-86.52015502,LOCAL/CITY RD,N,URBAN,N,N,N,,DARK (LIGHTED),CLEAR,DRY,,FOUR-WAY INTERSECTION,STRAIGHT/LEVEL,ASPHALT,OTHER (DRIVER) - EXPLAIN IN NARRATIVE,SAME DIRECTION SIDESWIPE,EMAXWELLLNSHAWTHORNEDR,NONE,2021-08-15 03:26:00,,,
1423,ISP BLOOMINGTON 33,BLOOMINGTON,2,,1.0,0,0,,,,ST RD 37,E MONROE DAM RD,,0.0,,39.01931563,-86.53651765,ST RD,,RURAL,N,N,Y,LN CLOSURE,DAYLIGHT,CLOUDY,DRY,,NO JUNCTION INVOLVED,,ASPHALT,FAILURE TO YIELD RIGHT OF WAY,REAR END,StateRd37MonroeDamRd.,,2021-08-15 08:50:00,,,
1424,BLOOMINGTON PD,BLOOMINGTON,2,0.0,0.0,0,0,,,,E ROGERS ST,S SARE RD,,,,39.13584,-86.496288,LOCAL/CITY RD,N,URBAN,N,N,N,,DAYLIGHT,CLOUDY,DRY,,TRAFFIC CIRCLE/ROUNDABOUT,CURVE/LEVEL,ASPHALT,FAILURE TO YIELD RIGHT OF WAY,LEFT TURN,EROGERSRDSSARERD,YIELD SIGN,2021-08-15 14:19:00,,,
1425,BLOOMINGTON PD,BLOOMINGTON,2,1.0,0.0,0,0,,,14,ST RD 45,I-69 S,,,,0.0,0.0,LOCAL/CITY RD,N,URBAN,N,N,N,,DAYLIGHT,CLEAR,DRY,,RAMP,CURVE/LEVEL,ASPHALT,FOLLOWING TOO CLOSELY,REAR END,US69SWBLOOMFIELDRD,YIELD SIGN,2021-08-15 14:35:00,,,
1426,MONROE SD,BLOOMINGTON,2,0.0,0.0,0,0,5470,,,W ERS WAY,,,,,39.148128,-86.581536,UNKNOWN,N,RURAL,N,N,N,,DAYLIGHT,CLEAR,DRY,,NO JUNCTION INVOLVED,STRAIGHT/GRADE,CONCRETE,BRAKE FAILURE OR DEFECTIVE,BACKING CRASH,SFARMERSDR,NONE,2021-08-15 14:57:00,,,
1427,INDIANA UNIV BLOOMINGTON PD,BLOOMINGTON,2,0.0,0.0,0,0,,,,S SWAIN AVE,E 3RD ST,,,,39.164261,-86.515275,LOCAL/CITY RD,N,URBAN,N,N,N,,DAYLIGHT,CLOUDY,DRY,,T-INTERSECTION,STRAIGHT/LEVEL,ASPHALT,IMPROPER TURNING,LEFT TURN,SWAINAVE 3RDST,NONE,2021-08-15 15:35:00,,,
1428,BLOOMINGTON PD,BLOOMINGTON,2,0.0,0.0,0,0,,,,E KIRKWOOD AVE,S WASHINGTON ST,,100.0,W,39.16664,-86.5324,LOCAL/CITY RD,Y,URBAN,N,N,N,,DAYLIGHT,CLOUDY,DRY,,NO JUNCTION INVOLVED,STRAIGHT/LEVEL,ASPHALT,UNSAFE LN MOVEMENT,SAME DIRECTION SIDESWIPE,EKIRKWOODDRSWASHINGTONST,NONE,2021-08-15 17:28:00,,,
1429,ELLETTSVILLE PD,ELLETTSVILLE,2,0.0,0.0,0,0,,,,ST RD 46,N DEER PARK DR,,,,39.212048,-86.5872,ST RD,N,URBAN,N,N,N,,DAWN/DUSK,CLOUDY,DRY,,T-INTERSECTION,STRAIGHT/LEVEL,ASPHALT,FAILURE TO YIELD RIGHT OF WAY,LEFT/RIGHT TURN,DEERPARKDRST RD 46 W,STOP SIGN,2021-08-15 19:26:00,,,
1430,INDIANA UNIV BLOOMINGTON PD,BLOOMINGTON,2,0.0,0.0,0,0,,,,N SUNRISE DR,,,300.0,N,39.20026351,-86.512407,LOCAL/CITY RD,N,URBAN,N,N,N,,DARK (LIGHTED),CLEAR,DRY,,NO JUNCTION INVOLVED,STRAIGHT/GRADE,ASPHALT,UNSAFE BACKING,BACKING CRASH,E7THSTNSUNRISEDR,NONE,2021-08-15 22:00:00,,,
1431,MONROE SD,BLOOMINGTON,1,0.0,0.0,0,0,,,,S HARMONY RD,ST RD 45,,,,39.267329,-86.252054,LOCAL/CITY RD,Y,RURAL,N,N,N,,DARK (NOT LIGHTED),CLEAR,DRY,,T-INTERSECTION,CURVE/LEVEL,ASPHALT,RAN OFF RD RIGHT,RAN OFF RD,HARMONYRDWESTSTATERD45RD,STOP SIGN,2021-08-15 22:45:00,,,
1432,MONROE SD,BLOOMINGTON,2,0.0,0.0,0,0,,,Y,ST RD 37,E MONROE DAM RD,,,,39.020048,-86.536096,ST RD,N,RURAL,N,N,Y,LN CLOSURE,DARK (LIGHTED),CLEAR,DRY,,RAMP,CURVE/GRADE,ASPHALT,FAILURE TO YIELD RIGHT OF WAY,SAME DIRECTION SIDESWIPE,MONROEDAMRDS ST RD 37,YIELD SIGN,2021-08-14 05:36:00,,,
1433,BLOOMINGTON PD,BLOOMINGTON,1,0.0,1.0,0,0,,,,S WALNUT ST PK,E WINSLOW RD,,,,39.1359818,-86.5310843,LOCAL/CITY RD,N,URBAN,N,N,N,,DAYLIGHT,CLEAR,DRY,,FOUR-WAY INTERSECTION,STRAIGHT/LEVEL,ASPHALT,FAILURE TO YIELD RIGHT OF WAY,RIGHT ANGLE,EWINSLOWRDSWALNUTSTPK,STOP SIGN,2021-08-14 10:20:00,,True,
1434,ELLETTSVILLE PD,ELLETTSVILLE,2,0.0,0.0,0,0,,,,ST RD 46,N HARTSTRAIT RD,,,,39.227624,-86.615919,ST RD,N,URBAN,N,N,N,,DAYLIGHT,CLEAR,DRY,,FOUR-WAY INTERSECTION,STRAIGHT/GRADE,ASPHALT,FOLLOWING TOO CLOSELY,REAR TO REAR,HARTSTRAITRDST RD 46 W,TRAFFIC CONTROL SIGNAL,2021-08-14 12:33:00,,,
1435,BLOOMINGTON PD,BLOOMINGTON,2,0.0,2.0,0,0,,,,S PATTERSON DR,S FAIRVIEW ST,,,,39.153819,-86.541097,LOCAL/CITY RD,N,URBAN,N,N,N,,DAYLIGHT,CLEAR,DRY,,FOUR-WAY INTERSECTION,STRAIGHT/LEVEL,ASPHALT,FOLLOWING TOO CLOSELY,REAR END,SFAIRVIEWSTSPATTERSONDR,TRAFFIC CONTROL SIGNAL,2021-08-14 14:35:00,,,
1436,BLOOMINGTON PD,BLOOMINGTON,2,0.0,0.0,0,0,,,,N WALNUT ST,W 7TH ST,,,,39.16864,-86.533568,LOCAL/CITY RD,N,URBAN,N,N,N,,DAYLIGHT,CLEAR,DRY,,FOUR-WAY INTERSECTION,STRAIGHT/LEVEL,ASPHALT,FAILURE TO YIELD RIGHT OF WAY,SAME DIRECTION SIDESWIPE,NWALNUTSTW7THST,TRAFFIC CONTROL SIGNAL,2021-08-14 15:20:00,,,
1437,BLOOMINGTON PD,BLOOMINGTON,2,0.0,3.0,0,0,,,,W ST RD 37,N STONE MILL RD,,,,39.18462341,-86.53527433,LOCAL/CITY RD,N,URBAN,N,N,N,,DAYLIGHT,CLEAR,DRY,,FOUR-WAY INTERSECTION,STRAIGHT/LEVEL,ASPHALT,FAILURE TO YIELD RIGHT OF WAY,RIGHT ANGLE,NOLDSTATERD37RDNSTONEMILLRD,STOP SIGN,2021-08-14 15:21:00,,,
1438,BLOOMINGTON PD,BLOOMINGTON,2,0.0,0.0,0,0,,,,E 3RD ST,S JEFFERSON ST,,,,39.164304,-86.506992,LOCAL/CITY RD,N,URBAN,N,N,N,,DAYLIGHT,CLEAR,DRY,,T-INTERSECTION,STRAIGHT/LEVEL,ASPHALT,FOLLOWING TOO CLOSELY,REAR END,E 3RDSTSJEFFERSONST,NONE,2021-08-14 16:20:00,,,
1439,MONROE SD,BLOOMINGTON,2,1.0,0.0,0,0,,,,I-69 N,N ST RD 37,,,,0.0,0.0,INTERSTATE,N,RURAL,N,N,N,,DAYLIGHT,CLEAR,DRY,,RAMP,STRAIGHT/LEVEL,ASPHALT,FAILURE TO YIELD RIGHT OF WAY,SAME DIRECTION SIDESWIPE,COLLEGEAVEI-69 N,NONE,2021-08-14 18:48:00,,,
1440,MONROE SD,BLOOMINGTON,1,0.0,0.0,0,0,,,,ST RD 45,S WOODBINE DR,,,,0.0,0.0,ST RD,N,URBAN,N,N,N,,DAYLIGHT,CLEAR,DRY,,T-INTERSECTION,STRAIGHT/LEVEL,ASPHALT,RAN OFF RD RIGHT,RAN OFF RD,ST RD 45 WWOODBINDRD,NONE,2021-08-14 19:58:00,,,
1441,BLOOMINGTON PD,BLOOMINGTON,2,0.0,0.0,0,0,,,,W 3RD ST,S CORY LN,,,,39.164544,-86.560096,LOCAL/CITY RD,N,URBAN,N,N,N,,DARK (LIGHTED),CLEAR,DRY,,FOUR-WAY INTERSECTION,STRAIGHT/LEVEL,ASPHALT,OTHER (DRIVER) - EXPLAIN IN NARRATIVE,REAR END,SCORYLNW 3RDST,TRAFFIC CONTROL SIGNAL,2021-08-14 22:28:00,,,
1442,BLOOMINGTON PD,BLOOMINGTON,2,0.0,0.0,0,0,,,,E HUNTER AVE,S WOODLAWN AVE,,50.0,E,39.16224,-86.522576,LOCAL/CITY RD,Y,URBAN,Y,N,N,,UNKNOWN,CLEAR,DRY,,NO JUNCTION INVOLVED,STRAIGHT/LEVEL,ASPHALT,OVERCORRECTING/OVERSTEERING,OPPOSITE DIRECTION SIDESWIPE,EHUNTERAVESWOODLAWNAVE,NONE,2021-08-13 07:36:00,,,
1443,BLOOMINGTON PD,BLOOMINGTON,2,0.0,0.0,0,0,,,,S COLLEGE AVE,W 3RD ST,,,,39.16464,-86.534816,LOCAL/CITY RD,N,URBAN,N,N,N,,DAYLIGHT,CLEAR,DRY,,FOUR-WAY INTERSECTION,STRAIGHT/LEVEL,ASPHALT,FAILURE TO YIELD RIGHT OF WAY,RIGHT ANGLE,SCOLLEGEAVEW 3RDST,TRAFFIC CONTROL SIGNAL,2021-08-13 11:45:00,,,
1444,BLOOMINGTON PD,BLOOMINGTON,2,0.0,0.0,0,0,,,,W 3RD ST,S WALNUT ST,,,,39.16464,-86.5336,LOCAL/CITY RD,N,URBAN,N,N,N,,DAYLIGHT,CLOUDY,DRY,,FOUR-WAY INTERSECTION,STRAIGHT/HILLCREST,ASPHALT,FOLLOWING TOO CLOSELY,REAR END,SWALNUTSTW 3RDST,TRAFFIC CONTROL SIGNAL,2021-08-13 12:10:00,,,
1445,BLOOMINGTON PD,BLOOMINGTON,2,0.0,0.0,0,0,,,,W ARLINGTON RD,W 20TH ST,,50.0,E,39.1839111,-86.55017806,LOCAL/CITY RD,N,URBAN,N,N,N,,DAYLIGHT,CLEAR,DRY,,NO JUNCTION INVOLVED,CURVE/GRADE,ASPHALT,IMPROPER TURNING,LEFT TURN,20THSTARLINGTONRD,LN CONTROL,2021-08-13 12:18:00,,,
1446,BLOOMINGTON PD,BLOOMINGTON,2,0.0,0.0,0,0,317,,,W 17TH ST,N MADISON ST,,,,39.178762,-86.537456,UNKNOWN,N,URBAN,N,N,N,,DAYLIGHT,CLOUDY,DRY,,NO JUNCTION INVOLVED,STRAIGHT/GRADE,ASPHALT,FAILURE TO YIELD RIGHT OF WAY,BACKING CRASH,WEST17THST,NONE,2021-08-13 14:07:00,,,
1447,BLOOMINGTON PD,BLOOMINGTON,3,0.0,0.0,0,0,,,,S COLLEGE MALL RD,E COVENANTER DR,,,,0.0,0.0,LOCAL/CITY RD,N,URBAN,N,N,N,,DAYLIGHT,CLEAR,DRY,,FOUR-WAY INTERSECTION,STRAIGHT/LEVEL,ASPHALT,FAILURE TO YIELD RIGHT OF WAY,RIGHT ANGLE,COLLEGEMALLRDECOVENANTERDR,TRAFFIC CONTROL SIGNAL,2021-08-13 14:28:00,,,
1448,BLOOMINGTON PD,BLOOMINGTON,2,0.0,0.0,0,0,3205,,,ST RD 45,ENTRANCE TO SAM'S CLUB,,,,39.125552,-86.610192,LOCAL/CITY RD,N,URBAN,N,N,N,,DAYLIGHT,CLEAR,DRY,,NO JUNCTION INVOLVED,STRAIGHT/LEVEL,ASPHALT,FAILURE TO YIELD RIGHT OF WAY,RIGHT ANGLE,WSTATERD45SAMSCLUBRD,NONE,2021-08-13 15:49:00,,,
1449,BLOOMINGTON PD,BLOOMINGTON,2,0.0,0.0,0,0,,,,N WALNUT ST,W 9TH ST,,,,39.170544,-86.533536,LOCAL/CITY RD,N,URBAN,N,N,N,,DAYLIGHT,CLEAR,DRY,,FOUR-WAY INTERSECTION,STRAIGHT/GRADE,ASPHALT,IMPROPER TURNING,LEFT TURN,NORTHWALNUTSTWEST9THST,STOP SIGN,2021-08-13 16:11:00,,,
1450,MONROE SD,BLOOMINGTON,2,0.0,1.0,0,0,,,,S SMITH RD,E ST REMY DR,,250.0,S,39.11575303,-86.480386,COUNTY RD,Y,RURAL,N,N,N,,DAYLIGHT,CLEAR,DRY,,NO JUNCTION INVOLVED,STRAIGHT/GRADE,ASPHALT,FOLLOWING TOO CLOSELY,REAR END,REMYDRSMITHRD,NONE,2021-08-13 19:13:00,,,
1451,MONROE SD,BLOOMINGTON,1,0.0,0.0,0,0,,,,N STINESVILLE RD,W MT CARMEL RD,,150.0,S,39.28016009,-86.659471,COUNTY RD,N,RURAL,N,N,N,,DARK (NOT LIGHTED),CLEAR,DRY,,NO JUNCTION INVOLVED,CURVE/GRADE,ASPHALT,ANIMAL/OBJECT IN RDWAY,RAN OFF RD,MTCARMELRDSTINESVILLERD,NONE,2021-08-13 21:50:00,,,
1452,ISP BLOOMINGTON 33,BLOOMINGTON,2,,0.0,0,0,,,,W TAPP RD,S ROCKPORT RD,,0.0,,39.13637258,-86.54920631,LOCAL/CITY RD,,URBAN,N,N,N,,DAWN/DUSK,CLEAR,DRY,,FOUR-WAY INTERSECTION,,ASPHALT,UNSAFE LN MOVEMENT,SAME DIRECTION SIDESWIPE,WTappRdSRockportRd,,2021-08-12 07:12:00,,,
1453,MONROE SD,BLOOMINGTON,1,0.0,4.0,0,0,,,,E NORTHSHORE DR,,,2000.0,N,0.0,0.0,LOCAL/CITY RD,N,RURAL,N,N,N,,DAYLIGHT,CLEAR,DRY,,NO JUNCTION INVOLVED,STRAIGHT/GRADE,ASPHALT,RAN OFF RD RIGHT,RAN OFF RD,ENORTHSHOREDRESPILLWAYRD,NONE,2021-08-12 08:20:00,,,
1454,BLOOMINGTON PD,BLOOMINGTON,2,0.0,1.0,0,0,,,,E SMITH AVE,S DUNN ST,,,,39.162792,-86.528411,LOCAL/CITY RD,N,URBAN,N,N,N,,DAYLIGHT,CLEAR,DRY,,FOUR-WAY INTERSECTION,STRAIGHT/HILLCREST,ASPHALT,DISREGARD SIGNAL/REG SIGN,RIGHT ANGLE,ESMITHAVESDUNNST,STOP SIGN,2021-08-12 10:20:00,,,
1455,BLOOMINGTON PD,BLOOMINGTON,2,0.0,1.0,0,0,,,,ST RD 46,E 3RD ST,,200.0,N,39.16424,-86.473296,ST RD,N,URBAN,N,N,N,,DAYLIGHT,CLEAR,DRY,,NO JUNCTION INVOLVED,STRAIGHT/GRADE,ASPHALT,CELL PHONE USAGE,REAR END,E 3RDSTST RD 46S,LN CONTROL,2021-08-12 12:12:00,,,
1456,BLOOMINGTON PD,BLOOMINGTON,2,0.0,0.0,0,0,,,,W 6TH ST,N MORTON ST,,40.0,E,39.167664,-86.536,LOCAL/CITY RD,N,URBAN,N,N,N,,DAYLIGHT,CLEAR,DRY,,NO JUNCTION INVOLVED,STRAIGHT/LEVEL,ASPHALT,IMPROPER TURNING,SAME DIRECTION SIDESWIPE,NORTHMORTONSTWEST6THST,NONE,2021-08-12 17:08:00,,,
1457,BLOOMINGTON PD,BLOOMINGTON,1,0.0,0.0,0,0,,118,S,ST RD 48,I-69 S,,,,0.0,0.0,LOCAL/CITY RD,N,URBAN,N,N,N,,DARK (LIGHTED),RAIN,WET,,RAMP,CURVE/GRADE,ASPHALT,RAN OFF RD RIGHT,RAN OFF RD,STRD37OPAS,TRAFFIC CONTROL SIGNAL,2021-08-12 20:40:00,,,
1458,BLOOMINGTON PD,BLOOMINGTON,1,0.0,0.0,0,0,,,,W 11TH ST,N MAPLE ST,,,,39.173408,-86.542,LOCAL/CITY RD,N,URBAN,N,N,N,,DARK (LIGHTED),RAIN,WET,,NO JUNCTION INVOLVED,STRAIGHT/GRADE,ASPHALT,RAN OFF RD RIGHT,RAN OFF RD,11THSTMAPLEST,STOP SIGN,2021-08-12 20:52:00,,,
1459,MONROE SD,BLOOMINGTON,1,0.0,1.0,0,0,5265,,,ST RD 45,,,,,39.18636,-86.533048,ST RD,N,RURAL,N,N,N,,DARK (LIGHTED),CLEAR,DRY,,NO JUNCTION INVOLVED,STRAIGHT/LEVEL,ASPHALT,RAN OFF RD RIGHT,RAN OFF RD,ST RD 45,LN CONTROL,2021-08-12 23:30:00,,,
1460,BLOOMINGTON PD,BLOOMINGTON,2,0.0,0.0,0,0,,,,W HOWE ST,S ROGERS ST,,20.0,E,39.1624,-86.538592,LOCAL/CITY RD,Y,URBAN,N,N,N,,UNKNOWN,CLEAR,DRY,,NO JUNCTION INVOLVED,STRAIGHT/GRADE,ASPHALT,UNSAFE LN MOVEMENT,SAME DIRECTION SIDESWIPE,SROGERSSTWHOWEST,NONE,2021-08-11 00:00:00,,,
1461,MONROE SD,BLOOMINGTON,1,0.0,0.0,0,1,,,,ST RD 446,,,2500.0,S,38.81758378,-86.41880668,ST RD,N,RURAL,N,Y,N,,DAYLIGHT,CLEAR,DRY,,T-INTERSECTION,STRAIGHT/GRADE,ASPHALT,ANIMAL/OBJECT IN RDWAY,COLLISION WITH DEER,SSCHWARTZRIDGERDST RD 446S,NONE,2021-08-11 07:02:00,,,
1462,BLOOMINGTON PD,BLOOMINGTON,2,0.0,0.0,0,0,,,,N KINSER PK,ST RD 45/46,,,,39.186437,-86.537723,LOCAL/CITY RD,N,URBAN,N,N,N,,DAYLIGHT,CLEAR,DRY,,FOUR-WAY INTERSECTION,STRAIGHT/LEVEL,ASPHALT,FAILURE TO YIELD RIGHT OF WAY,LEFT/RIGHT TURN,NKINSERPKWSTRD4546BYP,NONE,2021-08-11 13:15:00,,,
1463,MONROE SD,BLOOMINGTON,2,0.0,0.0,0,0,,,,N DANIEL'S WAY,W ZENITH DR,,,,39.170137,-86.598301,LOCAL/CITY RD,N,RURAL,N,N,N,,DAYLIGHT,CLEAR,DRY,,T-INTERSECTION,STRAIGHT/LEVEL,ASPHALT,FAILURE TO YIELD RIGHT OF WAY,RIGHT ANGLE,DANIELSWAYZENITHDR,STOP SIGN,2021-08-11 16:00:00,,,
1464,MONROE SD,BLOOMINGTON,1,0.0,0.0,0,0,4410,,,ST RD 446,S OLD RICHARDSON RD,,,,39.135648,-86.462248,ST RD,N,URBAN,N,N,N,,DAYLIGHT,CLEAR,DRY,,T-INTERSECTION,CURVE/LEVEL,ASPHALT,UNSAFE SPEED,RAN OFF RD,ST RD 446S,LN CONTROL,2021-08-11 18:40:00,,,
1465,BLOOMINGTON PD,BLOOMINGTON,2,0.0,0.0,0,0,,,,S WALNUT ST,W COUNTRY CLUB DR,,,,39.1359818,-86.5310843,LOCAL/CITY RD,Y,URBAN,N,N,N,,DARK (LIGHTED),CLEAR,DRY,,FOUR-WAY INTERSECTION,STRAIGHT/LEVEL,ASPHALT,FAILURE TO YIELD RIGHT OF WAY,LEFT TURN,SWALNUTSTWCOUNTRYCLUBDR,TRAFFIC CONTROL SIGNAL,2021-08-11 21:41:00,,,
1466,MONROE SD,BLOOMINGTON,2,0.0,1.0,0,0,,,,ST RD 37,S ST RD 37,,,,39.085462,-86.542568,ST RD,Y,URBAN,N,Y,N,,DARK (LIGHTED),CLEAR,DRY,,FOUR-WAY INTERSECTION,STRAIGHT/LEVEL,ASPHALT,DISREGARD SIGNAL/REG SIGN,RIGHT ANGLE,SOLDST37RDS ST RD 37,TRAFFIC CONTROL SIGNAL,2021-08-10 03:00:00,,,
1467,ISP BLOOMINGTON 33,BLOOMINGTON,2,,1.0,0,0,,,,W DILLMAN RD,ST RD 37,,0.0,,39.09296203,-86.54594726,ST RD,,RURAL,N,N,N,,DAWN/DUSK,CLEAR,DRY,,FOUR-WAY INTERSECTION,,ASPHALT,FAILURE TO YIELD RIGHT OF WAY,LEFT TURN,WDillmanRdStateRd37,,2021-08-10 07:05:00,,,
1468,ELLETTSVILLE PD,ELLETTSVILLE,2,0.0,2.0,0,0,,,,ST RD 46,S POPLAR DR,,,,39.237248,-86.629296,ST RD,N,URBAN,N,N,N,,DAYLIGHT,RAIN,WET,,T-INTERSECTION,STRAIGHT/LEVEL,ASPHALT,FAILURE TO YIELD RIGHT OF WAY,RIGHT ANGLE,POPLARDRST RD 46 W,STOP SIGN,2021-08-10 08:08:00,,,
1469,BLOOMINGTON PD,BLOOMINGTON,2,0.0,0.0,0,0,,,,S CURRY PK,ST RD 45,,,,0.0,0.0,LOCAL/CITY RD,N,URBAN,N,N,N,,DAYLIGHT,CLOUDY,DRY,,FOUR-WAY INTERSECTION,STRAIGHT/LEVEL,ASPHALT,FOLLOWING TOO CLOSELY,REAR END,SCURRYPKWST RD 45HWY,TRAFFIC CONTROL SIGNAL,2021-08-10 08:25:00,,,
1470,BLOOMINGTON PD,BLOOMINGTON,1,0.0,0.0,0,0,,,,W 11TH ST,N WALNUT ST,,75.0,E,39.173248,-86.533488,LOCAL/CITY RD,N,URBAN,N,N,Y,INTERMITTENT OR MOVING WORK,DAYLIGHT,CLEAR,DRY,,NO JUNCTION INVOLVED,STRAIGHT/LEVEL,ASPHALT,OTHER (DRIVER) - EXPLAIN IN NARRATIVE,OTHER - EXPLAIN IN NARRATIVE,NWALNUTSTW11THST,LN CONTROL,2021-08-10 14:53:00,,,
1471,BLOOMINGTON PD,BLOOMINGTON,4,0.0,0.0,0,0,,,,ST RD 45,W INDUSTRIAL BLVD,,,,0.0,0.0,ST RD,Y,URBAN,N,N,N,,DAYLIGHT,CLEAR,DRY,,FOUR-WAY INTERSECTION,STRAIGHT/LEVEL,ASPHALT,UNSAFE LN MOVEMENT,SAME DIRECTION SIDESWIPE,ST RD 45 WWINDUSTRIALBLVD,TRAFFIC CONTROL SIGNAL,2021-08-10 16:31:00,,,
1472,MONROE SD,BLOOMINGTON,2,0.0,0.0,0,0,,,,E RHORER RD,S WALNUT ST PK,,,,39.12144,-86.526496,LOCAL/CITY RD,N,URBAN,N,N,N,,DAYLIGHT,CLEAR,DRY,,FOUR-WAY INTERSECTION,STRAIGHT/GRADE,ASPHALT,UNSAFE BACKING,BACKING CRASH,ERHORERRDSOUTHWALNUTSTPK,TRAFFIC CONTROL SIGNAL,2021-08-10 17:18:00,,,
1473,MONROE SD,BLOOMINGTON,2,0.0,0.0,0,0,,,,W MONARCH CT,,,1000.0,N,39.26451843,-86.6046576,LOCAL/CITY RD,N,URBAN,N,N,N,,DAYLIGHT,CLEAR,DRY,,NO JUNCTION INVOLVED,STRAIGHT/LEVEL,ASPHALT,IMPROPER TURNING,SAME DIRECTION SIDESWIPE,SFIELDSTONEBLVDWMONARCHCT,NONE,2021-08-10 17:23:00,,,
1474,INDIANA UNIV BLOOMINGTON PD,BLOOMINGTON,2,0.0,0.0,0,0,,,,ST RD 45/46,E 10TH ST,,500.0,N,39.26049491,-86.2440072,ST RD,N,URBAN,N,N,N,,DAYLIGHT,CLEAR,DRY,,NO JUNCTION INVOLVED,STRAIGHT/LEVEL,ASPHALT,FOLLOWING TOO CLOSELY,REAR END,10THSTSTST RD 46S,NONE,2021-08-10 17:55:00,,,
1475,BLOOMINGTON PD,BLOOMINGTON,1,0.0,0.0,0,0,1410,,,W 15TH ST,N ILLINOIS ST,,,,39.176848,-86.55187363,UNKNOWN,Y,URBAN,N,N,N,,DAWN/DUSK,CLEAR,DRY,,NO JUNCTION INVOLVED,STRAIGHT/LEVEL,ASPHALT,RAN OFF RD RIGHT,RAN OFF RD,W15THST,NONE,2021-08-10 20:35:00,,,