_id,Agency,City,Vehicles Involved,Trailers Involved,Number Injured,Number Dead,Number Deer,House Number,Roadway Interchange,Roadway Ramp,Roadway Id,Intersecting Road,Interchange,Feet From,Direction,Latitude,Longitude,Roadway Class,Hit and Run?,Locality,School Zone?,Rumble Strips?,Construction?,Construction Type,Light Condition,Weather Conditions,Surface Condition,Type of Median,Roadway Junction Type,Road Character,Roadway Surface,Primary Factor,Manner of Collision,Unique Location Id,Traffic Control,DateTime,Address Number,Cyclist Involved,Pedestrian Involved
1476,MONROE SD,BLOOMINGTON,1,0.0,0.0,0,1,,,,ST RD 37,S ST RD 37,,300.0,S,39.33695424,-86.4843835,ST RD,N,URBAN,N,N,N,,DAYLIGHT,RAIN,WET,,NO JUNCTION INVOLVED,CURVE/HILLCREST,ASPHALT,ANIMAL/OBJECT IN RDWAY,COLLISION WITH DEER,OLDSTATERD37SOUTHRDS ST RD 37,NONE,2021-08-09 07:12:00,,,
1477,ISP BLOOMINGTON 33,BLOOMINGTON,3,,0.0,0,0,,,,ST RD 37,S WALNUT ST,,0.0,,39.08510099,-86.54213852,ST RD,,RURAL,N,N,Y,LN CLOSURE,DAYLIGHT,RAIN,WET,,NO JUNCTION INVOLVED,,ASPHALT,FOLLOWING TOO CLOSELY,REAR END,ST RD 37southofOldS ST RD 37,,2021-08-09 07:17:00,,,
1478,BLOOMINGTON PD,BLOOMINGTON,2,0.0,0.0,0,0,,,,S ROGERS ST,W COUNTRY CLUB DR,,,,39.136014,-86.538267,LOCAL/CITY RD,N,URBAN,N,N,N,,DAYLIGHT,RAIN,WET,,FOUR-WAY INTERSECTION,STRAIGHT/LEVEL,ASPHALT,FAILURE TO YIELD RIGHT OF WAY,HEAD ON BETWEEN TWO MOTOR VEHICLES,COUNTRYCLUBDRIVEROGERSST,TRAFFIC CONTROL SIGNAL,2021-08-09 07:57:00,,,
1479,MONROE SD,ELLETTSVILLE,2,0.0,0.0,0,0,,,,N SMITH PK,W FORREST PARK DR,,,,0.0,0.0,LOCAL/CITY RD,N,URBAN,N,N,N,,DAYLIGHT,RAIN,WET,,T-INTERSECTION,STRAIGHT/HILLCREST,ASPHALT,RDWAY SURFACE CONDITION,REAR END,NSMITHPKWFORRESTPARKDR,LN CONTROL,2021-08-09 10:12:00,,,
1480,MONROE SD,BLOOMINGTON,2,0.0,0.0,0,0,,,,ST RD 45,S HARMONY RD,,,,39.111024,-86.638304,ST RD,N,RURAL,N,N,N,,DAYLIGHT,RAIN,WET,,FOUR-WAY INTERSECTION,STRAIGHT/LEVEL,ASPHALT,UNSAFE LN MOVEMENT,SAME DIRECTION SIDESWIPE,SHARMONYRDST RD 45 W,NONE,2021-08-09 11:30:00,,,
1481,ELLETTSVILLE PD,ELLETTSVILLE,2,0.0,0.0,0,0,,,,ST RD 46,N TUPELO DR,,,,39.212935,-86.589672,ST RD,N,URBAN,N,N,N,,DAYLIGHT,RAIN,WET,,NO JUNCTION INVOLVED,STRAIGHT/LEVEL,ASPHALT,FAILURE TO YIELD RIGHT OF WAY,RIGHT ANGLE,ST RD 46 WTUPELODR,LN CONTROL,2021-08-09 11:34:00,,,
1482,ELLETTSVILLE PD,ELLETTSVILLE,2,0.0,0.0,0,0,,,,ST RD 46,W FORREST PARK DR,,,,39.212096,-86.587196,ST RD,N,URBAN,N,N,N,,DAYLIGHT,RAIN,WET,,NO JUNCTION INVOLVED,STRAIGHT/LEVEL,ASPHALT,FAILURE TO YIELD RIGHT OF WAY,RIGHT ANGLE,FORRESTPARKFARMSDRST RD 46 W,STOP SIGN,2021-08-09 11:36:00,,,
1483,BLOOMINGTON PD,BLOOMINGTON,2,0.0,0.0,0,0,812,,,W COUNTRY CLUB DR,,,200.0,E,39.136304,-86.544592,LOCAL/CITY RD,N,URBAN,N,N,N,,DAYLIGHT,RAIN,WET,,NO JUNCTION INVOLVED,STRAIGHT/GRADE,ASPHALT,FOLLOWING TOO CLOSELY,REAR END,SOUTHBANTAAVEWESTCOUNTRYCLUBDR,NONE,2021-08-09 13:23:00,,,
1484,BLOOMINGTON PD,BLOOMINGTON,2,0.0,0.0,0,0,,,,ST RD 46,E 10TH ST,,500.0,S,0.0,0.0,LOCAL/CITY RD,N,URBAN,N,N,N,,DAYLIGHT,RAIN,WET,,NO JUNCTION INVOLVED,STRAIGHT/LEVEL,ASPHALT,UNSAFE LN MOVEMENT,REAR END,E 10THSTESTRD46BYP,NONE,2021-08-09 14:02:00,,,
1485,INDIANA UNIV BLOOMINGTON PD,BLOOMINGTON,2,0.0,0.0,0,0,,,,S SWAIN AVE,E 3RD ST,,,,39.164261,-86.515275,LOCAL/CITY RD,N,URBAN,N,N,N,,DAYLIGHT,CLOUDY,WET,,T-INTERSECTION,STRAIGHT/LEVEL,ASPHALT,IMPROPER TURNING,LEFT TURN,SWAINAVE 3RDST,NONE,2021-08-09 14:15:00,,,
1486,BLOOMINGTON PD,BLOOMINGTON,2,0.0,2.0,0,0,,,,W 3RD ST,S LANDMARK AVE,,,,39.164416,-86.556302,LOCAL/CITY RD,N,URBAN,N,N,N,,DAYLIGHT,CLOUDY,WET,,FOUR-WAY INTERSECTION,STRAIGHT/GRADE,ASPHALT,FAILURE TO YIELD RIGHT OF WAY,RIGHT ANGLE,SLANDMARKAVEW 3RDST,TRAFFIC CONTROL SIGNAL,2021-08-09 14:41:00,,,
1487,BLOOMINGTON PD,BLOOMINGTON,2,0.0,0.0,0,0,513,,,W HOOSIER CT AVE,,,,,39.18478,-86.5381767,UNKNOWN,N,URBAN,N,N,N,,DAYLIGHT,CLEAR,DRY,,NO JUNCTION INVOLVED,STRAIGHT/LEVEL,ASPHALT,UNSAFE BACKING,BACKING CRASH,WESTGOURLEYPK,NONE,2021-08-09 19:36:00,,,
1488,MONROE SD,BLOOMINGTON,2,0.0,2.0,0,0,,,,W FLATWOODS RD,,,2500.0,E,39.25264,-86.684096,LOCAL/CITY RD,N,RURAL,N,N,N,,DAWN/DUSK,CLEAR,DRY,,NO JUNCTION INVOLVED,STRAIGHT/LEVEL,ASPHALT,LEFT OF CENTER,HEAD ON BETWEEN TWO MOTOR VEHICLES,NCOUNTYLINERDWFLATWOODSRD,NONE,2021-08-09 20:43:00,,,
1489,BLOOMINGTON PD,BLOOMINGTON,2,0.0,0.0,1,0,,,,N WALNUT ST,W KIRKWOOD AVE,,,,39.16664,-86.5336,LOCAL/CITY RD,N,URBAN,N,N,N,,DARK (LIGHTED),CLEAR,DRY,,FOUR-WAY INTERSECTION,STRAIGHT/LEVEL,ASPHALT,UNSAFE SPEED,REAR END,KIRKWOODAVENWALNUTST,TRAFFIC CONTROL SIGNAL,2021-08-08 00:45:00,,,
1490,MONROE SD,ELLETTSVILLE,2,0.0,0.0,0,0,,,,ST RD 46,N UNION VALLEY RD,,,,39.215152,-86.5928,ST RD,N,URBAN,N,N,N,,DAYLIGHT,CLEAR,DRY,,FOUR-WAY INTERSECTION,STRAIGHT/LEVEL,ASPHALT,FAILURE TO YIELD RIGHT OF WAY,RIGHT TURN,NUNIONVALLEYRDST RD 46 W,TRAFFIC CONTROL SIGNAL,2021-08-08 12:22:00,,,
1491,MONROE SD,BLOOMINGTON,1,0.0,0.0,0,0,,,,ST RD 45,N RICHARDSON RD,,,,39.23984,-86.387696,ST RD,N,RURAL,N,N,N,,DAYLIGHT,CLEAR,LOOSE MATERIAL ON RD,,NO JUNCTION INVOLVED,CURVE/LEVEL,ASPHALT,RDWAY SURFACE CONDITION,NON-COLLISION,NORTHRICHARDSONRDST RD 45E,NONE,2021-08-08 15:13:00,,,
1492,MONROE SD,BLOOMINGTON,2,0.0,0.0,0,0,,,,ST RD 45,N INDUSTRIAL BLVD,,,,39.143552,-86.580528,ST RD,N,RURAL,N,N,N,,DAYLIGHT,CLEAR,DRY,,NO JUNCTION INVOLVED,STRAIGHT/LEVEL,ASPHALT,DISREGARD SIGNAL/REG SIGN,HEAD ON BETWEEN TWO MOTOR VEHICLES,NORTHINDUSTRIALBLVDST RD 45 W,TRAFFIC CONTROL SIGNAL,2021-08-08 16:57:00,,,
1493,ELLETTSVILLE PD,ELLETTSVILLE,2,0.0,0.0,0,0,,,,ST RD 46,N UNION VALLEY RD,,,,39.215152,-86.5928,ST RD,N,URBAN,N,N,N,,DAYLIGHT,CLEAR,DRY,,NO JUNCTION INVOLVED,STRAIGHT/LEVEL,ASPHALT,FAILURE TO YIELD RIGHT OF WAY,LEFT TURN,ST RD 46 WUNIONVALLEYRD,TRAFFIC CONTROL SIGNAL,2021-08-08 17:34:00,,,
1494,BLOOMINGTON PD,BLOOMINGTON,2,0.0,0.0,0,0,415,,,ALLEY,,,,,39.169776,-86.52824,UNKNOWN,N,URBAN,N,N,N,,DAYLIGHT,CLEAR,DRY,,NO JUNCTION INVOLVED,STRAIGHT/LEVEL,ASPHALT,IMPROPER TURNING,LEFT/RIGHT TURN,SDUNNST,NONE,2021-08-08 18:10:00,,,
1495,MONROE SD,BLOOMINGTON,1,0.0,0.0,1,0,9999,,,ST RD 46,W FOSTER FISCUS RD,,1200.0,E,39.28068623,-86.68078353,ST RD,N,URBAN,N,N,N,,UNKNOWN,CLEAR,DRY,,NO JUNCTION INVOLVED,CURVE/LEVEL,ASPHALT,RAN OFF RD RIGHT,RAN OFF RD,NCOUNTYLINERDST RD 46 W,LN CONTROL,2021-08-07 06:00:00,,,
1496,ELLETTSVILLE PD,ELLETTSVILLE,2,0.0,0.0,0,0,,,,ST RD 46,N BRIAR GATE DR,,,,0.0,0.0,ST RD,N,URBAN,N,N,N,,DAYLIGHT,CLOUDY,DRY,,NO JUNCTION INVOLVED,STRAIGHT/LEVEL,ASPHALT,IMPROPER LN USAGE,REAR END,BRIARGATELNST RD 46 W,LN CONTROL,2021-08-07 19:35:00,,,
1497,MONROE SD,BLOOMINGTON,1,1.0,0.0,0,0,,,,ST RD 446,E BURGOON CHURCH RD,,,,39.055498,-86.408942,ST RD,N,RURAL,N,N,N,,DARK (NOT LIGHTED),CLEAR,DRY,,NO JUNCTION INVOLVED,CURVE/GRADE,ASPHALT,RAN OFF RD RIGHT,RAN OFF RD,BURGOONCHURCHRDST RD 446,NONE,2021-08-07 21:10:00,,,
1498,MONROE SD,BLOOMINGTON,1,0.0,0.0,0,0,,,,S SHIELDS RIDGE RD,,,2000.0,E,39.073088,-86.461184,COUNTY RD,N,RURAL,N,N,N,,DARK (NOT LIGHTED),CLEAR,DRY,,NO JUNCTION INVOLVED,CURVE/GRADE,ASPHALT,TIRE FAILURE OR DEFECTIVE,RAN OFF RD,7900SSHIELDSRIDGERDSSHADYSIDEDR,NONE,2021-08-07 22:48:00,,,
1499,BLOOMINGTON PD,BLOOMINGTON,3,0.0,0.0,0,0,,,,W 8TH ST,N HAY ST,,,,39.169605,-86.553479,LOCAL/CITY RD,N,URBAN,N,N,N,,DAYLIGHT,CLEAR,DRY,,FOUR-WAY INTERSECTION,STRAIGHT/LEVEL,ASPHALT,OTHER (VEHICLE) - EXPLAIN IN NARRATIVE,SAME DIRECTION SIDESWIPE,8THSTHAYST,NONE,2021-08-06 06:39:00,,,
1500,MONROE SD,BLOOMINGTON,2,0.0,0.0,0,0,,,,I-69 N,,,100.0,S,0.0,0.0,INTERSTATE,N,URBAN,N,N,N,,DAYLIGHT,CLEAR,DRY,,NO JUNCTION INVOLVED,CURVE/GRADE,ASPHALT,IMPROPER LN USAGE,SAME DIRECTION SIDESWIPE,I-69 N128.5,NONE,2021-08-06 08:00:00,,,
1501,INDIANA UNIV BLOOMINGTON PD,BLOOMINGTON,2,0.0,0.0,0,0,,,,ST RD 45/46,E DISCOVERY PKWY,,,,39.171474,-86.495398,ST RD,N,URBAN,N,N,N,,DAYLIGHT,CLEAR,DRY,,T-INTERSECTION,STRAIGHT/LEVEL,ASPHALT,FOLLOWING TOO CLOSELY,REAR END,DISCOVERYPKWYST RD 45S,TRAFFIC CONTROL SIGNAL,2021-08-06 12:01:00,,,
1502,BLOOMINGTON PD,BLOOMINGTON,2,0.0,0.0,0,0,,,,E WINSLOW RD,ENTRANCE TO EL RANCHERO,,250.0,E,39.1359818,-86.53110593,LOCAL/CITY RD,N,URBAN,N,N,N,,DAYLIGHT,CLEAR,DRY,,NO JUNCTION INVOLVED,STRAIGHT/LEVEL,ASPHALT,FAILURE TO YIELD RIGHT OF WAY,LEFT TURN,EWINSLOWRDSWALNUTST,NONE,2021-08-06 14:13:00,,,
1503,ELLETTSVILLE PD,ELLETTSVILLE,2,0.0,0.0,0,0,,,,ST RD 46,N MATTHEWS DR (N),,,,39.236096,-86.625168,LOCAL/CITY RD,N,URBAN,N,N,N,,DAYLIGHT,CLEAR,DRY,,FOUR-WAY INTERSECTION,STRAIGHT/LEVEL,ASPHALT,FAILURE TO YIELD RIGHT OF WAY,SAME DIRECTION SIDESWIPE,MAINSTMATTHEWSDR,NONE,2021-08-06 15:45:00,,,
1504,BLOOMINGTON PD,BLOOMINGTON,2,0.0,0.0,0,0,,,,W COUNTRY CLUB DR,S ROGERS ST,,,,39.13608,-86.538096,LOCAL/CITY RD,N,URBAN,N,N,N,,DAYLIGHT,CLEAR,DRY,,FOUR-WAY INTERSECTION,STRAIGHT/GRADE,ASPHALT,IMPROPER TURNING,LEFT TURN,SOUTHROGERSSTWESTCOUNTRYCLUBRD,TRAFFIC CONTROL SIGNAL,2021-08-06 16:59:00,,,
1505,MONROE SD,BLOOMINGTON,3,0.0,0.0,0,0,,,,ST RD 46,N SMITH PK,,50.0,E,39.21005745,-86.58306296,ST RD,N,RURAL,N,N,N,,DAYLIGHT,CLEAR,DRY,,FOUR-WAY INTERSECTION,STRAIGHT/LEVEL,ASPHALT,FOLLOWING TOO CLOSELY,REAR END,NSMITHPKST RD 46 W,NONE,2021-08-06 17:35:00,,,
1506,BLOOMINGTON PD,BLOOMINGTON,2,0.0,1.0,0,0,,,,S CURRY PK,ST RD 48,,,,39.16465,-86.582939,LOCAL/CITY RD,N,URBAN,N,N,N,,DAYLIGHT,CLEAR,DRY,,FOUR-WAY INTERSECTION,STRAIGHT/LEVEL,ASPHALT,FAILURE TO YIELD RIGHT OF WAY,RIGHT ANGLE,SOUTHCURRYPKWEST3RDST,TRAFFIC CONTROL SIGNAL,2021-08-06 18:07:00,,,
1507,BLOOMINGTON PD,BLOOMINGTON,2,0.0,0.0,0,0,,,,ST RD 46,S SMITH RD,,,,39.16424,-86.480688,LOCAL/CITY RD,Y,URBAN,N,N,N,,DAYLIGHT,CLEAR,DRY,,FOUR-WAY INTERSECTION,STRAIGHT/HILLCREST,ASPHALT,FOLLOWING TOO CLOSELY,REAR END,E 3RDSTSSMITHRD,TRAFFIC CONTROL SIGNAL,2021-08-06 18:17:00,,,
1508,INDIANA UNIV BLOOMINGTON PD,BLOOMINGTON,2,0.0,0.0,0,0,,,,N DUNN ST,ENTRANCE TO IU  9,,377.0,N,39.22287437,-86.52834,LOCAL/CITY RD,Y,URBAN,N,N,N,,DAYLIGHT,CLEAR,DRY,,T-INTERSECTION,STRAIGHT/HILLCREST,ASPHALT,RAN OFF RD RIGHT,RAN OFF RD,DUNNSTEVARSITYLN,NONE,2021-08-05 06:58:00,,,
1509,BLOOMINGTON PD,BLOOMINGTON,2,0.0,0.0,0,0,,,,S ROGERS ST,,,500.0,S,39.14507588,-86.53872743,LOCAL/CITY RD,Y,URBAN,N,N,N,,DAYLIGHT,CLEAR,DRY,,NO JUNCTION INVOLVED,STRAIGHT/GRADE,ASPHALT,FOLLOWING TOO CLOSELY,REAR END,ROCKPORTRDROGERSST,LN CONTROL,2021-08-05 08:09:00,,,
1510,BLOOMINGTON PD,BLOOMINGTON,2,0.0,0.0,0,0,,,,N WALNUT ST,ST RD 45/46,,,,39.186268,-86.534589,LOCAL/CITY RD,N,URBAN,N,N,N,,DAYLIGHT,CLEAR,DRY,,FOUR-WAY INTERSECTION,STRAIGHT/LEVEL,ASPHALT,FAILURE TO YIELD RIGHT OF WAY,RIGHT ANGLE,NWALNUTSTWSTRD4546BYP,LN CONTROL,2021-08-05 12:26:00,,,
1511,MONROE SD,BLOOMINGTON,1,0.0,0.0,0,0,,,,S ISON RD,,,1200.0,S,39.122352,-86.6056,COUNTY RD,N,URBAN,N,N,N,,DAYLIGHT,CLEAR,DRY,,NO JUNCTION INVOLVED,STRAIGHT/GRADE,ASPHALT,RAN OFF RD RIGHT,RAN OFF RD,SOUTHISONRDWESTLEONARDSPRINGSRD,NONE,2021-08-05 12:52:00,,,
1512,BLOOMINGTON PD,BLOOMINGTON,2,0.0,0.0,0,0,,,,E 3RD ST,S OVERHILL DR,,,,39.164272,-86.501488,LOCAL/CITY RD,N,URBAN,N,N,N,,DAYLIGHT,CLEAR,DRY,,T-INTERSECTION,STRAIGHT/LEVEL,ASPHALT,FAILURE TO YIELD RIGHT OF WAY,RIGHT ANGLE,E 3RDSTSOVERHILLDR,LN CONTROL,2021-08-05 17:14:00,,,
1513,MONROE SD,BLOOMINGTON,2,1.0,0.0,0,0,,,,W ST RD 37,E WHISNAND RD,,,,39.222574,-86.517128,LOCAL/CITY RD,N,URBAN,N,N,N,,DAYLIGHT,CLEAR,DRY,,T-INTERSECTION,STRAIGHT/LEVEL,ASPHALT,OVERSIZE/OVERWEIGHT LOAD,OPPOSITE DIRECTION SIDESWIPE,OLDST RD 37RDWHISENANDRDRD,NONE,2021-08-05 18:05:00,,,
1514,MONROE SD,BLOOMINGTON,2,0.0,0.0,1,0,,,,ST RD 45,S DUNLAP RD,,,,0.0,0.0,ST RD,N,URBAN,N,N,N,,DARK (NOT LIGHTED),CLEAR,DRY,,NO JUNCTION INVOLVED,CURVE/GRADE,ASPHALT,UNSAFE SPEED,REAR END,DUNLAPRDST RD 45,NONE,2021-08-05 23:21:00,,,
1515,BLOOMINGTON PD,BLOOMINGTON,2,0.0,0.0,0,0,,,,E SMITH AVE,S LINCOLN ST,,,,39.162826,-86.5312,LOCAL/CITY RD,N,URBAN,N,N,N,,DARK (NOT LIGHTED),CLOUDY,DRY,,FOUR-WAY INTERSECTION,STRAIGHT/LEVEL,ASPHALT,OTHER (DRIVER) - EXPLAIN IN NARRATIVE,REAR END,LINCOLNSTSMITHAVE,STOP SIGN,2021-08-04 01:00:00,,,
1516,BLOOMINGTON PD,BLOOMINGTON,2,0.0,0.0,0,0,,,,ST RD 46,S MEADOWBROOK DR,,60.0,W,39.16424,-86.484384,LOCAL/CITY RD,N,URBAN,N,N,N,,DAYLIGHT,CLEAR,DRY,,NO JUNCTION INVOLVED,STRAIGHT/LEVEL,ASPHALT,FOLLOWING TOO CLOSELY,REAR END,E 3RDSTSMEADOWBROOKDR,LN CONTROL,2021-08-04 07:29:00,,,
1517,BLOOMINGTON PD,BLOOMINGTON,2,0.0,0.0,0,0,,,,S COLLEGE AVE,W SMITH AVE,,,,39.162944,-86.534832,LOCAL/CITY RD,N,URBAN,N,N,N,,DAYLIGHT,CLEAR,DRY,,NO JUNCTION INVOLVED,STRAIGHT/LEVEL,ASPHALT,FOLLOWING TOO CLOSELY,REAR END,SCOLLEGEAVESMITHAVE,LN CONTROL,2021-08-04 12:11:00,,,
1518,BLOOMINGTON PD,BLOOMINGTON,2,0.0,1.0,0,0,,,,E 3RD ST,S GRANT ST,,,,39.16464,-86.529728,LOCAL/CITY RD,N,URBAN,N,N,N,,DAYLIGHT,CLEAR,DRY,,FOUR-WAY INTERSECTION,STRAIGHT/GRADE,ASPHALT,LEFT OF CENTER,HEAD ON BETWEEN TWO MOTOR VEHICLES,E 3RDSTSGRANTST,LN CONTROL,2021-08-04 13:19:00,,,
1519,BLOOMINGTON PD,BLOOMINGTON,2,0.0,0.0,0,0,,,,S WALNUT ST,E S DR,,,,39.142048,-86.531088,LOCAL/CITY RD,N,URBAN,N,N,N,,DAYLIGHT,CLEAR,DRY,,FOUR-WAY INTERSECTION,STRAIGHT/LEVEL,ASPHALT,FAILURE TO YIELD RIGHT OF WAY,SAME DIRECTION SIDESWIPE,EASTSOUTHDRSOUTHWALNUTST,TRAFFIC CONTROL SIGNAL,2021-08-04 15:04:00,,,
1520,MONROE SD,BLOOMINGTON,2,0.0,0.0,0,0,,,,W FULLERTON PK,S SIMS DR,,1000.0,E,39.12327573,-86.57906853,COUNTY RD,N,RURAL,N,N,N,,DAYLIGHT,CLEAR,DRY,,NO JUNCTION INVOLVED,CURVE/LEVEL,ASPHALT,FOLLOWING TOO CLOSELY,REAR END,FULLERTONPKLEONARDSPRINGSRD,NONE,2021-08-04 15:10:00,,,
1521,MONROE SD,BLOOMINGTON,2,0.0,1.0,0,0,,,,ST RD 48,N PROFILE PKWY,,,,0.0,0.0,ST RD,Y,RURAL,N,N,N,,DAYLIGHT,CLEAR,DRY,,FOUR-WAY INTERSECTION,STRAIGHT/GRADE,ASPHALT,DISREGARD SIGNAL/REG SIGN,RIGHT ANGLE,PROFILEPKWYST RD 48W,TRAFFIC CONTROL SIGNAL,2021-08-04 18:15:00,,,
1522,BLOOMINGTON PD,BLOOMINGTON,2,0.0,1.0,0,0,,,,S WALNUT ST,E 2ND ST,,,,39.16144,-86.5336,LOCAL/CITY RD,N,URBAN,N,N,N,,DAYLIGHT,CLEAR,DRY,,FOUR-WAY INTERSECTION,STRAIGHT/LEVEL,ASPHALT,FOLLOWING TOO CLOSELY,REAR END,EAST2NDSTSOUTHWALNUTST,TRAFFIC CONTROL SIGNAL,2021-08-04 18:55:00,,,
1523,INDIANA UNIV BLOOMINGTON PD,BLOOMINGTON,2,0.0,1.0,0,0,,,,ST RD 46,ST RD 45,,,,0.0,0.0,ST RD,N,URBAN,N,N,N,,DAYLIGHT,CLEAR,DRY,,FOUR-WAY INTERSECTION,STRAIGHT/LEVEL,ASPHALT,FAILURE TO YIELD RIGHT OF WAY,LEFT TURN,ST RD 45ST RD 46,NONE,2021-08-04 20:51:00,,,
1524,MONROE SD,BLOOMINGTON,1,0.0,1.0,0,0,,,,ST RD 37,S VICTOR PK,,200.0,W,39.1055865,-86.55134568,ST RD,N,RURAL,N,N,N,,DARK (LIGHTED),CLEAR,DRY,,NO JUNCTION INVOLVED,STRAIGHT/LEVEL,ASPHALT,RAN OFF RD RIGHT,RAN OFF RD,ST RD 37VICTORPK,LN CONTROL,2021-08-03 03:55:00,,,
1525,BLOOMINGTON PD,BLOOMINGTON,2,0.0,0.0,0,0,,,,S CURRY PK,ST RD 48,,,,39.16465,-86.582939,LOCAL/CITY RD,N,URBAN,N,N,N,,DARK (LIGHTED),CLEAR,DRY,,FOUR-WAY INTERSECTION,CURVE/GRADE,ASPHALT,IMPROPER LN USAGE,SAME DIRECTION SIDESWIPE,CURRYPK3RDST,LN CONTROL,2021-08-03 05:46:00,,,
1526,ISP BLOOMINGTON 33,BLOOMINGTON,2,,0.0,0,0,,,,S VICTOR PK,ST RD 37,,0.0,,39.10575854,-86.55127815,LOCAL/CITY RD,,RURAL,N,N,N,,DAYLIGHT,CLEAR,DRY,,FOUR-WAY INTERSECTION,,ASPHALT,IMPROPER PASSING,RIGHT TURN,VictorPikeStateRoad37,,2021-08-03 09:40:00,,,
1527,MONROE SD,BLOOMINGTON,1,0.0,0.0,0,0,,,,S WICKENS ST,W RANGEVIEW CIR,,,,0.0,0.0,LOCAL/CITY RD,N,URBAN,N,N,N,,DAYLIGHT,CLEAR,DRY,,NO JUNCTION INVOLVED,STRAIGHT/GRADE,ASPHALT,RDWAY SURFACE CONDITION,COLLISION WITH OBJECT IN RD,SOUTHWICKENSSTWESTRANGEVIEWCIR,NONE,2021-08-03 11:40:00,,,
1528,BLOOMINGTON PD,BLOOMINGTON,2,0.0,0.0,0,0,,,,S HENDERSON ST,E WINSLOW RD,,,,39.136,-86.526893,LOCAL/CITY RD,N,URBAN,N,N,N,,DAYLIGHT,CLEAR,DRY,,FOUR-WAY INTERSECTION,STRAIGHT/LEVEL,ASPHALT,FAILURE TO YIELD RIGHT OF WAY,RIGHT ANGLE,EWINSLOWRDSHENDERSONST,TRAFFIC CONTROL SIGNAL,2021-08-03 11:46:00,,,
1529,ELLETTSVILLE PD,ELLETTSVILLE,2,0.0,0.0,0,0,,,,ST RD 46,S SALE ST,,100.0,W,39.23396399,-86.62501913,ST RD,N,URBAN,N,N,N,,DAYLIGHT,CLEAR,DRY,,NO JUNCTION INVOLVED,STRAIGHT/LEVEL,ASPHALT,FOLLOWING TOO CLOSELY,REAR END,SALESTST RD 46 W,NONE,2021-08-03 14:35:00,,,
1530,ELLETTSVILLE PD,ELLETTSVILLE,1,0.0,0.0,0,0,546,,,APACHE DR,NAVAHO DR,,,,0.0,0.0,LOCAL/CITY RD,N,URBAN,N,N,N,,DAYLIGHT,CLEAR,DRY,,NO JUNCTION INVOLVED,STRAIGHT/LEVEL,ASPHALT,RAN OFF RD RIGHT,RAN OFF RD,POTOWATMICT,NONE,2021-08-03 15:49:00,,,
1531,BLOOMINGTON PD,BLOOMINGTON,3,0.0,0.0,0,0,,,,ST RD 45,N PETE LLIS DR,,50.0,E,39.171504,-86.495312,LOCAL/CITY RD,N,URBAN,N,N,N,,DAYLIGHT,CLEAR,DRY,,FOUR-WAY INTERSECTION,STRAIGHT/LEVEL,ASPHALT,FOLLOWING TOO CLOSELY,REAR END,EAST10THSTNORTHPETEELLISDR,LN CONTROL,2021-08-03 18:10:00,,,
1532,MONROE SD,BLOOMINGTON,2,0.0,4.0,0,0,,,,E RHORER RD,,,500.0,E,39.121454,-86.51700025,LOCAL/CITY RD,N,URBAN,N,N,N,,DAYLIGHT,CLEAR,DRY,,NO JUNCTION INVOLVED,STRAIGHT/GRADE,ASPHALT,DRIVER ASLEEP OR FATIGUED,HEAD ON BETWEEN TWO MOTOR VEHICLES,ERHORERRDSTWOCREEKSLN,NONE,2021-08-02 08:38:00,,,
1533,MONROE SD,BLOOMINGTON,3,0.0,1.0,0,0,,,,ST RD 48,S GARRISON CHAPEL RD,,200.0,W,39.16382241,-86.6503102,ST RD,N,RURAL,N,N,N,,DARK (NOT LIGHTED),CLEAR,DRY,,NO JUNCTION INVOLVED,CURVE/GRADE,ASPHALT,LEFT OF CENTER,HEAD ON BETWEEN TWO MOTOR VEHICLES,SGARRISONCHAPELRDST RD 48W,LN CONTROL,2021-08-02 23:03:00,,,
1534,ISP BLOOMINGTON 33,BLOOMINGTON,1,,0.0,0,0,,,,I-69 S,,,0.0,,39.0961928,-86.56488366,INTERSTATE,,RURAL,N,Y,N,,DAYLIGHT,CLEAR,DRY,,NO JUNCTION INVOLVED,,ASPHALT,OVERCORRECTING/OVERSTEERING,RAN OFF RD,I-69113,,2021-08-01 01:00:00,,,
1535,MONROE SD,BLOOMINGTON,1,0.0,0.0,0,0,,,,W ARLINGTON RD,W STOUTES CREEK RD,,753.0,E,39.197648,-86.558304,LOCAL/CITY RD,N,RURAL,N,N,N,,DAYLIGHT,CLOUDY,DRY,,NO JUNCTION INVOLVED,CURVE/GRADE,ASPHALT,DRIVER ASLEEP OR FATIGUED,RAN OFF RD,WESTARLINGTONRDWESTSTOUTESCREEKRD,NONE,2021-08-01 16:35:00,,,
1536,MONROE SD,BLOOMINGTON,2,0.0,0.0,0,0,3710,,,W MAYBURY MALL,W INDIAN CREEK DR,,300.0,W,39.13217143,-86.57831143,LOCAL/CITY RD,N,RURAL,N,N,N,,DAYLIGHT,CLEAR,DRY,,NO JUNCTION INVOLVED,STRAIGHT/LEVEL,ASPHALT,STEERING FAILURE,REAR END,3710WMAYBURYMALLRDSINDIANACREEKDR,NONE,2021-08-01 16:55:00,,,