_id,Agency,City,Vehicles Involved,Trailers Involved,Number Injured,Number Dead,Number Deer,House Number,Roadway Interchange,Roadway Ramp,Roadway Id,Intersecting Road,Interchange,Feet From,Direction,Latitude,Longitude,Roadway Class,Hit and Run?,Locality,School Zone?,Rumble Strips?,Construction?,Construction Type,Light Condition,Weather Conditions,Surface Condition,Type of Median,Roadway Junction Type,Road Character,Roadway Surface,Primary Factor,Manner of Collision,Unique Location Id,Traffic Control,DateTime,Address Number,Cyclist Involved,Pedestrian Involved
1537,MONROE SD,BLOOMINGTON,1,0.0,0.0,0,0,,,,ST RD 46,,,400.0,W,39.15197007,-86.39088538,ST RD,Y,RURAL,N,N,N,,DAYLIGHT,CLEAR,DRY,,NO JUNCTION INVOLVED,STRAIGHT/GRADE,ASPHALT,DRIVER ILLNESS,RAN OFF RD,NBRUMMETTSCREEKRDST RD 46E,NONE,2021-08-01 19:00:00,,,
1538,MONROE SD,BLOOMINGTON,1,0.0,0.0,0,1,,,,ST RD 446,S OAK RIDGE DR,,,,39.131872,-86.451639,ST RD,N,RURAL,N,N,N,,DARK (NOT LIGHTED),CLEAR,DRY,,NO JUNCTION INVOLVED,STRAIGHT/LEVEL,ASPHALT,ANIMAL/OBJECT IN RDWAY,COLLISION WITH DEER,OAKRIDGEDRST RD 446S,NONE,2021-08-01 21:28:00,,,
1539,BLOOMINGTON PD,BLOOMINGTON,2,0.0,0.0,0,0,,,,W PATTERSON ST,S FAIRVIEW ST,,,,39.153819,-86.541097,LOCAL/CITY RD,N,URBAN,N,N,N,,DAWN/DUSK,CLOUDY,DRY,,FOUR-WAY INTERSECTION,STRAIGHT/GRADE,ASPHALT,FOLLOWING TOO CLOSELY,REAR END,SFAIRVIEWSTWPATTERSONST,TRAFFIC CONTROL SIGNAL,2021-07-31 06:54:00,,,
1540,MONROE SD,BLOOMINGTON,2,0.0,0.0,0,0,,,,S CURRY PK,W BELLE AVE,,,,39.163552,-86.582896,COUNTY RD,N,RURAL,N,N,N,,DAYLIGHT,RAIN,WET,,T-INTERSECTION,STRAIGHT/GRADE,ASPHALT,FAILURE TO YIELD RIGHT OF WAY,LEFT TURN,SOUTHCURRYPKWESTBELLEAVE,STOP SIGN,2021-07-31 13:14:00,,,
1541,BLOOMINGTON PD,BLOOMINGTON,2,0.0,3.0,0,0,,,,W COUNTRY CLUB DR,ENTRANCE TO FAIRWAY APARTMENTS,,100.0,W,39.136304,-86.544592,LOCAL/CITY RD,N,URBAN,N,N,N,,DAYLIGHT,RAIN,WET,,NO JUNCTION INVOLVED,STRAIGHT/GRADE,ASPHALT,SPEED TOO FAST FOR WEATHER CONDITIONS,RAN OFF RD,SBANTASTWCOUNTRYCLUBDR,NONE,2021-07-31 14:52:00,,,
1542,BLOOMINGTON PD,BLOOMINGTON,2,0.0,0.0,0,0,,,,N SMITH RD,ENTRANCE TO MEADOW PARK APARTMENTS (N),,200.0,N,39.168848,-86.481296,LOCAL/CITY RD,Y,URBAN,N,N,N,,DAYLIGHT,RAIN,WET,,NO JUNCTION INVOLVED,STRAIGHT/GRADE,ASPHALT,FOLLOWING TOO CLOSELY,REAR END,EGRANDVIEWDRNSMITHRD,NONE,2021-07-31 15:16:00,,,
1543,MONROE SD,BLOOMINGTON,2,0.0,1.0,0,0,,,,S ROCKPORT RD,,,1000.0,N,39.10810144,-86.5898901,COUNTY RD,N,RURAL,N,N,N,,DARK (NOT LIGHTED),CLEAR,DRY,,Y-INTERSECTION,STRAIGHT/GRADE,ASPHALT,IMPROPER LN USAGE,RAN OFF RD,SROCKPORTRDWPOPCORNRD,NONE,2021-07-31 21:28:00,,,
1544,BLOOMINGTON PD,BLOOMINGTON,3,0.0,2.0,0,0,,,,E 2ND ST,,,100.0,W,39.161348,-86.52986134,LOCAL/CITY RD,N,URBAN,N,N,N,,DARK (NOT LIGHTED),CLOUDY,DRY,,NO JUNCTION INVOLVED,STRAIGHT/GRADE,ASPHALT,OTHER (DRIVER) - EXPLAIN IN NARRATIVE,SAME DIRECTION SIDESWIPE,GRANTSTSECONDST,LN CONTROL,2021-07-31 22:37:00,,,
1545,BLOOMINGTON PD,BLOOMINGTON,2,0.0,0.0,0,0,,,,E 10TH ST,N GRANT ST,,,,39.171696,-86.529696,LOCAL/CITY RD,N,URBAN,N,N,N,,DARK (LIGHTED),CLOUDY,WET,,FOUR-WAY INTERSECTION,STRAIGHT/GRADE,ASPHALT,FAILURE TO YIELD RIGHT OF WAY,RIGHT ANGLE,E 10THSTNGRANTST,STOP SIGN,2021-07-30 00:50:00,,,
1546,ISP BLOOMINGTON 33,BLOOMINGTON,1,,0.0,0,0,,,,I-69 N,W TAPP RD,,581.0,,39.14538772,-86.57297135,INTERSTATE,,URBAN,N,N,N,,DARK (LIGHTED),CLEAR,DRY,,NO JUNCTION INVOLVED,,ASPHALT,ANIMAL/OBJECT IN RDWAY,COLLISION WITH OBJECT IN RD,I-69,,2021-07-30 03:38:00,,,
1547,MONROE SD,BLOOMINGTON,2,0.0,0.0,0,0,,,,ST RD 46,ENTRANCE TO MCDONALD'S,,275.0,E,39.2153592,-86.59303511,ST RD,N,URBAN,N,N,N,,DAYLIGHT,CLEAR,DRY,,T-INTERSECTION,STRAIGHT/LEVEL,ASPHALT,IMPROPER TURNING,RIGHT TURN,NOUTBACKRDST RD 46 W,LN CONTROL,2021-07-30 09:50:00,,,
1548,BLOOMINGTON PD,BLOOMINGTON,2,0.0,1.0,0,0,,,,W 3RD ST,S CORY LN,,,,39.164544,-86.560096,LOCAL/CITY RD,N,URBAN,N,N,N,,DAYLIGHT,CLEAR,DRY,,FOUR-WAY INTERSECTION,STRAIGHT/GRADE,ASPHALT,FAILURE TO YIELD RIGHT OF WAY,LEFT TURN,SCORYLNW 3RDST,TRAFFIC CONTROL SIGNAL,2021-07-30 10:22:00,,,
1549,BLOOMINGTON PD,BLOOMINGTON,2,0.0,0.0,0,0,,,,N WALNUT ST,W 10TH ST,,,,39.171744,-86.53352,LOCAL/CITY RD,N,URBAN,N,N,N,,DAYLIGHT,CLOUDY,DRY,,FOUR-WAY INTERSECTION,STRAIGHT/GRADE,ASPHALT,DISREGARD SIGNAL/REG SIGN,RIGHT ANGLE,E 10THSTNWALNUTST,TRAFFIC CONTROL SIGNAL,2021-07-30 10:28:00,,,
1550,BLOOMINGTON PD,BLOOMINGTON,2,0.0,0.0,0,0,,,,E HILLSIDE DR,S DUNN ST,,,,39.1505226,-86.5281428,LOCAL/CITY RD,N,URBAN,N,N,N,,DAYLIGHT,CLEAR,DRY,,T-INTERSECTION,STRAIGHT/LEVEL,ASPHALT,FAILURE TO YIELD RIGHT OF WAY,RIGHT ANGLE,EHILLSIDEDRSDUNNST,STOP SIGN,2021-07-30 12:29:00,,,
1551,MONROE SD,BLOOMINGTON,2,0.0,0.0,0,0,,,,I-69 S,,,100.0,N,0.0,0.0,INTERSTATE,N,URBAN,N,Y,N,,DAYLIGHT,CLEAR,DRY,,NO JUNCTION INVOLVED,CURVE/LEVEL,ASPHALT,DRIVER DISTRACTED - EXPLAIN IN NARRATIVE,REAR END,I-69S129,LN CONTROL,2021-07-30 14:18:00,,,
1552,ELLETTSVILLE PD,ELLETTSVILLE,3,0.0,0.0,0,0,,,,ST RD 46,N HARTSTRAIT RD,,,,39.227624,-86.615919,LOCAL/CITY RD,N,URBAN,N,N,N,,DAYLIGHT,CLEAR,DRY,,T-INTERSECTION,STRAIGHT/LEVEL,ASPHALT,FAILURE TO YIELD RIGHT OF WAY,LEFT TURN,HARSTRAITRDTEMPERANCEST,TRAFFIC CONTROL SIGNAL,2021-07-30 15:40:00,,,
1553,ISP BLOOMINGTON 33,BLOOMINGTON,1,,0.0,0,0,,,,S CURRY PK,ENTRANCE TO E & N MOBILE MANOR,,0.0,,39.17632331,-86.5829832,LOCAL/CITY RD,,URBAN,N,N,N,,DAYLIGHT,CLOUDY,DRY,,T-INTERSECTION,,ASPHALT,UNSAFE LN MOVEMENT,SAME DIRECTION SIDESWIPE,CurryPike900NCurryPike,,2021-07-30 15:40:00,,,
1554,BLOOMINGTON PD,BLOOMINGTON,2,0.0,1.0,0,0,,,,W 3RD ST (N),S PATTERSON DR,,,,39.16342,-86.551249,LOCAL/CITY RD,N,URBAN,N,N,N,,DAYLIGHT,CLEAR,DRY,,T-INTERSECTION,STRAIGHT/LEVEL,ASPHALT,FOLLOWING TOO CLOSELY,REAR END,SPATTERSONDRW 3RDST,TRAFFIC CONTROL SIGNAL,2021-07-30 15:50:00,,,
1555,ISP BLOOMINGTON 33,BLOOMINGTON,2,,0.0,0,0,,,,S CURRY PK,ENTRANCE TO E & N MOBILE MANOR,,0.0,,39.17615297,-86.58305969,LOCAL/CITY RD,,URBAN,N,N,N,,DAYLIGHT,CLEAR,DRY,,T-INTERSECTION,,ASPHALT,FAILURE TO YIELD RIGHT OF WAY,REAR END,Currypike900NCurryPIke,,2021-07-30 16:34:00,,,
1556,BLOOMINGTON PD,BLOOMINGTON,2,0.0,0.0,0,0,,,,ST RD 46,S MEADOWBROOK DR,,,,39.16424,-86.484384,LOCAL/CITY RD,N,URBAN,N,N,N,,DAYLIGHT,CLEAR,DRY,,FOUR-WAY INTERSECTION,STRAIGHT/LEVEL,ASPHALT,FOLLOWING TOO CLOSELY,REAR END,MEADOWBROOKLNW 3RDST,STOP SIGN,2021-07-30 16:36:00,,,
1557,BLOOMINGTON PD,BLOOMINGTON,2,0.0,0.0,0,0,,,,S GATES DR,ST RD 48,,,,39.16466,-86.576125,LOCAL/CITY RD,N,URBAN,N,N,N,,DAYLIGHT,CLEAR,DRY,,FOUR-WAY INTERSECTION,STRAIGHT/GRADE,ASPHALT,FOLLOWING TOO CLOSELY,REAR END,SGATESDRW 3RDST,TRAFFIC CONTROL SIGNAL,2021-07-30 17:07:00,,,
1558,BLOOMINGTON PD,BLOOMINGTON,2,0.0,0.0,0,0,,,,W 7TH ST,N MORTON ST,,100.0,W,39.168672,-86.536,LOCAL/CITY RD,Y,URBAN,N,N,N,,DARK (LIGHTED),CLEAR,DRY,,NO JUNCTION INVOLVED,STRAIGHT/LEVEL,ASPHALT,UNSAFE LN MOVEMENT,OTHER - EXPLAIN IN NARRATIVE,NMORTONSTW7THST,NONE,2021-07-30 18:15:00,,,
1559,MONROE SD,BLOOMINGTON,2,0.0,0.0,0,0,,,,E RHORER RD,S NIMIT DR,,175.0,E,39.121428,-86.52383514,LOCAL/CITY RD,N,RURAL,N,N,N,,DAYLIGHT,CLEAR,DRY,,NO JUNCTION INVOLVED,STRAIGHT/LEVEL,ASPHALT,FOLLOWING TOO CLOSELY,REAR END,ERHORERRDSNIMITDR,NONE,2021-07-30 18:41:00,,,
1560,MONROE SD,BLOOMINGTON,2,0.0,1.0,0,0,,,,ST RD 46,E KERR CREEK RD,,300.0,W,39.16658216,-86.46355185,ST RD,N,RURAL,N,Y,N,,DAYLIGHT,CLEAR,DRY,,T-INTERSECTION,STRAIGHT/LEVEL,ASPHALT,FOLLOWING TOO CLOSELY,REAR END,EKERRCREEKRDST RD 46E,NONE,2021-07-30 19:01:00,,,
1561,BLOOMINGTON PD,BLOOMINGTON,2,0.0,0.0,0,0,,,,S WALNUT ST,W GRIMES LN,,,,39.15344,-86.5336,LOCAL/CITY RD,N,URBAN,N,N,N,,DAYLIGHT,CLOUDY,DRY,,FOUR-WAY INTERSECTION,STRAIGHT/LEVEL,ASPHALT,FOLLOWING TOO CLOSELY,REAR END,SWALNUTSTWGRIMESLN,TRAFFIC CONTROL SIGNAL,2021-07-29 11:45:00,,,
1562,ELLETTSVILLE PD,ELLETTSVILLE,2,0.0,0.0,0,0,,,,ST RD 46,ENTRANCE TO CHANDLER FUNERAL HOME,,200.0,W,39.2318101,-86.62181793,ST RD,N,URBAN,N,N,N,,DAYLIGHT,CLOUDY,DRY,,NO JUNCTION INVOLVED,STRAIGHT/LEVEL,ASPHALT,IMPROPER TURNING,LEFT TURN,SOUTH1STSTST RD 46 W,LN CONTROL,2021-07-29 12:15:00,,,
1563,BLOOMINGTON PD,BLOOMINGTON,2,0.0,0.0,0,0,,,,E 2ND ST,S GRANT ST,,,,39.161348,-86.52987,LOCAL/CITY RD,N,URBAN,N,N,N,,DAYLIGHT,CLEAR,DRY,,FOUR-WAY INTERSECTION,STRAIGHT/LEVEL,ASPHALT,FAILURE TO YIELD RIGHT OF WAY,RIGHT ANGLE,E 2NDSTSGRANTST,STOP SIGN,2021-07-29 13:13:00,,,
1564,BLOOMINGTON PD,BLOOMINGTON,2,0.0,0.0,0,0,,,,S PATTERSON DR,W ISAACS DR,,,,39.1644,-86.55207,LOCAL/CITY RD,N,URBAN,Y,N,N,,DAYLIGHT,CLOUDY,DRY,,FOUR-WAY INTERSECTION,CURVE/LEVEL,ASPHALT,FAILURE TO YIELD RIGHT OF WAY,SAME DIRECTION SIDESWIPE,SPATTERSONDRW 3RDST,STOP SIGN,2021-07-29 13:51:00,,,
1565,BLOOMINGTON PD,BLOOMINGTON,2,0.0,0.0,0,0,,,,W 3RD ST,S CORY LN,,100.0,E,39.164544,-86.560096,LOCAL/CITY RD,N,URBAN,N,N,N,,DAYLIGHT,CLEAR,DRY,,NO JUNCTION INVOLVED,STRAIGHT/GRADE,ASPHALT,FOLLOWING TOO CLOSELY,REAR END,SCORYLNW 3RDST,NONE,2021-07-29 16:34:00,,,
1566,MONROE SD,BLOOMINGTON,1,0.0,0.0,0,0,1800,,,E TOWER RIDGE RD,,,,,39.014765,-86.400254,COUNTY RD,Y,RURAL,N,N,N,,DARK (NOT LIGHTED),CLOUDY,DRY,,T-INTERSECTION,STRAIGHT/LEVEL,GRAVEL,RAN OFF RD RIGHT,RAN OFF RD,ETOWERRIDGERD,NONE,2021-07-29 23:12:00,,,
1567,MONROE SD,BLOOMINGTON,2,0.0,0.0,0,0,,,,I-69 S,,,100.0,S,0.0,0.0,INTERSTATE,N,RURAL,N,Y,N,,DARK (NOT LIGHTED),RAIN,WET,,NO JUNCTION INVOLVED,STRAIGHT/GRADE,ASPHALT,RDWAY SURFACE CONDITION,RAN OFF RD,I-69S124.0,LN CONTROL,2021-07-29 23:38:00,,,
1568,BLOOMINGTON PD,BLOOMINGTON,3,0.0,2.0,0,0,,,,S CURRY PK,W ROLL AVE,,,,39.14719,-86.582613,LOCAL/CITY RD,N,URBAN,N,N,N,,DAYLIGHT,CLEAR,DRY,,T-INTERSECTION,STRAIGHT/LEVEL,ASPHALT,FOLLOWING TOO CLOSELY,REAR END,SCURRYPKWROLLAVE,LN CONTROL,2021-07-28 07:52:00,,,
1569,ISP BLOOMINGTON 33,BLOOMINGTON,2,,1.0,0,0,,,,ST RD 46,N CURRY PK,,0.0,,39.19364536,-86.57117133,ST RD,,RURAL,N,N,N,,DAYLIGHT,CLEAR,DRY,,FOUR-WAY INTERSECTION,,ASPHALT,UNSAFE SPEED,REAR END,WCurryPikeStateRd46,,2021-07-28 08:54:00,,,
1570,INDIANA UNIV BLOOMINGTON PD,BLOOMINGTON,2,0.0,1.0,0,0,1033,,,SERVICE RD TO SWEENEY HALL (N),,,,,39.1653477,-86.5190192,UNKNOWN,N,URBAN,N,N,N,,DAYLIGHT,CLEAR,DRY,,NO JUNCTION INVOLVED,STRAIGHT/GRADE,ASPHALT,UNSAFE SPEED,REAR END,EAST3RDST,NONE,2021-07-28 13:39:00,,,
1571,BLOOMINGTON PD,BLOOMINGTON,2,0.0,0.0,0,0,,,,N COLLEGE AVE,W 9TH ST,,,,39.170544,-86.534768,LOCAL/CITY RD,N,URBAN,N,N,N,,DAYLIGHT,CLEAR,DRY,,NO JUNCTION INVOLVED,STRAIGHT/LEVEL,ASPHALT,IMPROPER LN USAGE,SAME DIRECTION SIDESWIPE,NCOLLEGEAVEW9THST,NONE,2021-07-28 15:29:00,,,
1572,MONROE SD,BLOOMINGTON,2,0.0,0.0,0,0,4141,,,W MIDDLE CT,,,,,39.15980824,-86.58480425,LOCAL/CITY RD,N,URBAN,N,N,N,,DARK (LIGHTED),CLEAR,DRY,,NO JUNCTION INVOLVED,STRAIGHT/LEVEL,ASPHALT,CELL PHONE USAGE,SAME DIRECTION SIDESWIPE,WMIDDLECT,NONE,2021-07-28 21:59:00,,,
1573,ELLETTSVILLE PD,ELLETTSVILLE,2,,0.0,0,0,,,,ST RD 46,N LAKEVIEW DR,,0.0,,39.22113148,-86.60547577,ST RD,,URBAN,N,N,N,,DARK (LIGHTED),CLEAR,DRY,,T-INTERSECTION,,ASPHALT,FAILURE TO YIELD RIGHT OF WAY,RIGHT ANGLE,StateRd46NLakeviewDr,,2021-07-27 05:48:00,,,
1574,MONROE SD,BLOOMINGTON,1,0.0,0.0,0,1,,,,ST RD 48,S STONECHASE CROSSING RD,,300.0,E,39.16136879,-86.5970883,ST RD,N,RURAL,N,N,N,,DARK (NOT LIGHTED),CLEAR,DRY,,NO JUNCTION INVOLVED,STRAIGHT/LEVEL,ASPHALT,ANIMAL/OBJECT IN RDWAY,COLLISION WITH DEER,SSTONECHASECROSSINGRDST RD 48W,LN CONTROL,2021-07-27 05:57:00,,,
1575,BLOOMINGTON PD,BLOOMINGTON,2,0.0,0.0,0,0,,,,E WINSLOW RD,S WALNUT ST,,80.0,E,39.136144,-86.528688,LOCAL/CITY RD,N,URBAN,N,N,N,,DAYLIGHT,CLEAR,DRY,,NO JUNCTION INVOLVED,STRAIGHT/LEVEL,ASPHALT,OTHER (DRIVER) - EXPLAIN IN NARRATIVE,REAR END,EWINSLOWRDSWALNUTST,LN CONTROL,2021-07-27 07:23:00,,,
1576,BLOOMINGTON PD,BLOOMINGTON,2,0.0,1.0,0,0,,,,W 3RD ST,S KIMBLE DR,,100.0,W,39.16464,-86.568,LOCAL/CITY RD,N,URBAN,N,N,N,,DAYLIGHT,CLEAR,DRY,,NO JUNCTION INVOLVED,STRAIGHT/GRADE,ASPHALT,FOLLOWING TOO CLOSELY,REAR END,KIMBLEDRW 3RDST,LN CONTROL,2021-07-27 11:13:00,,,
1577,BLOOMINGTON PD,BLOOMINGTON,2,0.0,0.0,0,0,,,,S AUTO MALL RD,E COVENANTER DR,,,,39.15528941,-86.49406335,LOCAL/CITY RD,N,URBAN,N,N,N,,DAYLIGHT,CLEAR,DRY,,FOUR-WAY INTERSECTION,STRAIGHT/LEVEL,ASPHALT,FAILURE TO YIELD RIGHT OF WAY,RIGHT ANGLE,AUTOMALLRDCOVENANTERDR,STOP SIGN,2021-07-27 11:34:00,,,
1578,ELLETTSVILLE PD,ELLETTSVILLE,2,0.0,0.0,0,0,,,,ST RD 46,N HARTSTRAIT RD,,,,39.227624,-86.615919,ST RD,N,URBAN,N,N,N,,DAYLIGHT,CLEAR,DRY,,NO JUNCTION INVOLVED,STRAIGHT/LEVEL,ASPHALT,BRAKE FAILURE OR DEFECTIVE,REAR END,HARTSTRAITRDSST RD 46 W,TRAFFIC CONTROL SIGNAL,2021-07-27 12:09:00,,,
1579,BLOOMINGTON PD,BLOOMINGTON,1,0.0,1.0,0,0,,,,N ADAMS ST,INDIANA RAILRD BRIDGE,,50.0,N,39.168576,-86.5496,LOCAL/CITY RD,N,URBAN,N,N,N,,DAYLIGHT,CLEAR,DRY,,NO JUNCTION INVOLVED,STRAIGHT/LEVEL,ASPHALT,OTHER (DRIVER) - EXPLAIN IN NARRATIVE,COLLISION WITH OBJECT IN RD,NADAMSSTW7THST,LN CONTROL,2021-07-27 12:12:00,,,
1580,BLOOMINGTON PD,BLOOMINGTON,1,0.0,0.0,0,1,,,,E 3RD ST,S BRYAN AVE,,,,39.16432,-86.50824,LOCAL/CITY RD,N,URBAN,Y,N,N,,DAYLIGHT,CLEAR,DRY,,FOUR-WAY INTERSECTION,STRAIGHT/GRADE,ASPHALT,ANIMAL/OBJECT IN RDWAY,COLLISION WITH ANIMAL OTHER,E 3RDSTSBRYANST,TRAFFIC CONTROL SIGNAL,2021-07-27 12:28:00,,,
1581,BLOOMINGTON PD,BLOOMINGTON,2,0.0,1.0,0,0,,,,W 13TH ST,N FAIRVIEW ST,,,,39.175152,-86.54104,LOCAL/CITY RD,N,URBAN,N,N,N,,DAYLIGHT,CLEAR,DRY,,FOUR-WAY INTERSECTION,STRAIGHT/LEVEL,ASPHALT,DISREGARD SIGNAL/REG SIGN,RIGHT ANGLE,NFAIRVIEWSTW13THST,STOP SIGN,2021-07-27 13:59:00,,,
1582,ISP BLOOMINGTON 33,HARRODSBURG,2,,0.0,0,0,,,,W HOBART RD,S ST RD 37,,0.0,,39.01367197,-86.54127257,COUNTY RD,,RURAL,N,N,N,,DAYLIGHT,CLEAR,DRY,,T-INTERSECTION,,ASPHALT,FAILURE TO YIELD RIGHT OF WAY,RIGHT ANGLE,SOldStateRoad37HobartRd,,2021-07-27 16:45:00,,,
1583,MONROE SD,BLOOMINGTON,1,0.0,0.0,0,1,,,,I-69 S,,,50.0,S,0.0,0.0,INTERSTATE,N,RURAL,N,N,N,,DARK (LIGHTED),CLEAR,DRY,,NO JUNCTION INVOLVED,CURVE/GRADE,ASPHALT,ANIMAL/OBJECT IN RDWAY,COLLISION WITH DEER,I-69S114.0,LN CONTROL,2021-07-26 04:43:00,,,
1584,MONROE SD,BLOOMINGTON,1,0.0,0.0,0,0,,Y,,I-69 S,ST RD 37,,500.0,S,0.0,0.0,INTERSTATE,N,RURAL,N,Y,N,,DARK (NOT LIGHTED),CLEAR,DRY,,RAMP,CURVE/GRADE,ASPHALT,ANIMAL/OBJECT IN RDWAY,COLLISION WITH OBJECT IN RD,I-69S114,LN CONTROL,2021-07-26 05:53:00,,,
1585,BLOOMINGTON PD,BLOOMINGTON,2,0.0,1.0,0,0,,,,E WINSLOW RD,S HENDERSON ST,,,,39.136144,-86.5268,LOCAL/CITY RD,N,URBAN,N,N,N,,DAYLIGHT,CLEAR,DRY,,FOUR-WAY INTERSECTION,STRAIGHT/LEVEL,ASPHALT,DISREGARD SIGNAL/REG SIGN,RIGHT ANGLE,EWINSLOWRDSHENDERSONST,TRAFFIC CONTROL SIGNAL,2021-07-26 07:53:00,,,
1586,ISP BLOOMINGTON 33,BLOOMINGTON,2,,0.0,0,0,,,,ST RD 37,S VICTOR PK,,0.0,,39.10556366,-86.55148318,ST RD,,RURAL,N,N,N,,DAYLIGHT,CLEAR,DRY,,FOUR-WAY INTERSECTION,,ASPHALT,DISREGARD SIGNAL/REG SIGN,RIGHT ANGLE,VictorPikeST RD 37,,2021-07-26 08:43:00,,,
1587,ISP BLOOMINGTON 33,BLOOMINGTON,2,,1.0,0,0,,103,M,ST RD 45/46,I-69 S,,0.0,,39.18712215,-86.55802777,ST RD,,RURAL,N,N,N,,DAYLIGHT,CLEAR,DRY,,INTERCHANGE,,ASPHALT,FAILURE TO YIELD RIGHT OF WAY,LEFT TURN,ST RD 46atST RD 46-103-RampM,,2021-07-26 11:34:00,,,
1588,ISP BLOOMINGTON 33,BLOOMINGTON,2,,0.0,0,0,,33,M,ST RD 45/46,I-69 S,,0.0,,39.18707644,-86.55799574,ST RD,,RURAL,N,N,N,,DAYLIGHT,CLEAR,DRY,,INTERCHANGE,,ASPHALT,OTHER (DRIVER) - EXPLAIN IN NARRATIVE,SAME DIRECTION SIDESWIPE,ST RD 45033M,,2021-07-26 11:56:00,,,
1589,MONROE SD,BLOOMINGTON,2,0.0,1.0,0,0,,,,S WALNUT ST PK,E RHORER RD,,,,39.12144,-86.526496,LOCAL/CITY RD,N,URBAN,N,N,N,,DAYLIGHT,CLEAR,DRY,,FOUR-WAY INTERSECTION,STRAIGHT/HILLCREST,ASPHALT,OTHER (DRIVER) - EXPLAIN IN NARRATIVE,REAR END,SWALNUTSTPKWRHORERRD,TRAFFIC CONTROL SIGNAL,2021-07-26 11:57:00,,,
1590,MONROE SD,BLOOMINGTON,2,0.0,0.0,0,0,,,,S ROCKPORT RD,,,1200.0,N,39.24151991,-86.570452,LOCAL/CITY RD,Y,RURAL,N,N,N,,DAYLIGHT,CLEAR,DRY,,NO JUNCTION INVOLVED,STRAIGHT/LEVEL,CONCRETE,UNSAFE BACKING,BACKING CRASH,SROCKPORTRDWSHAWRD,NONE,2021-07-26 14:24:00,,,
1591,BLOOMINGTON PD,BLOOMINGTON,2,0.0,0.0,0,0,,,,S WALNUT ST PK,E HEATHER DR,,,,39.123978,-86.526696,LOCAL/CITY RD,N,URBAN,N,N,N,,DAYLIGHT,CLEAR,DRY,,FOUR-WAY INTERSECTION,STRAIGHT/LEVEL,ASPHALT,IMPROPER TURNING,HEAD ON BETWEEN TWO MOTOR VEHICLES,EHEATHERDRSWALNUTSTPK,NONE,2021-07-26 15:01:00,,,
1592,INDIANA UNIV BLOOMINGTON PD,BLOOMINGTON,2,0.0,0.0,0,0,,,,ST RD 45/46,E DISCOVERY PKWY,,,,39.227137,-86.615218,ST RD,N,URBAN,N,N,N,,DAYLIGHT,CLEAR,DRY,,NO JUNCTION INVOLVED,STRAIGHT/LEVEL,ASPHALT,FOLLOWING TOO CLOSELY,SAME DIRECTION SIDESWIPE,EASTDISCOVERYPKWYST RD 46S,NONE,2021-07-26 17:34:00,,,
1593,BLOOMINGTON PD,BLOOMINGTON,2,0.0,0.0,0,0,,,,E 2ND ST,S GRANT ST,,100.0,W,39.16144,-86.52976,LOCAL/CITY RD,Y,URBAN,,,N,,DARK (NOT LIGHTED),CLEAR,WET,,NO JUNCTION INVOLVED,STRAIGHT/GRADE,ASPHALT,IMPROPER LN USAGE,REAR END,E 2NDSTSGRANTST,NONE,2021-07-25 04:16:00,,,
1594,MONROE SD,BLOOMINGTON,2,0.0,0.0,0,0,,,,W ST RD 37,,,2000.0,N,39.266928,-86.501424,LOCAL/CITY RD,N,RURAL,N,N,N,,DAYLIGHT,CLEAR,DRY,,NO JUNCTION INVOLVED,CURVE/LEVEL,ASPHALT,LEFT OF CENTER,HEAD ON BETWEEN TWO MOTOR VEHICLES,NFOXHOLLOWRDNOLDSTATERD37RD,NONE,2021-07-25 11:17:00,,,
1595,BLOOMINGTON PD,BLOOMINGTON,2,0.0,0.0,0,0,,,,S SMITH RD,,,500.0,S,39.17162407,-86.48129791,LOCAL/CITY RD,N,URBAN,N,N,N,,DAYLIGHT,CLOUDY,DRY,,NO JUNCTION INVOLVED,CURVE/GRADE,ASPHALT,FAILURE TO YIELD RIGHT OF WAY,RIGHT ANGLE,10THSTSMITHRD,NO PASSING ZONE,2021-07-25 12:15:00,,,
1596,BLOOMINGTON PD,BLOOMINGTON,2,0.0,0.0,0,0,,,,E HILLSIDE DR,S DORCHESTER DR,,,,39.150544,-86.512592,LOCAL/CITY RD,N,URBAN,N,N,N,,DAYLIGHT,CLEAR,DRY,,FOUR-WAY INTERSECTION,STRAIGHT/LEVEL,ASPHALT,FAILURE TO YIELD RIGHT OF WAY,LEFT TURN,EHILLSIDEDRSDORCHESTERDR,STOP SIGN,2021-07-25 16:25:00,,,
1597,BLOOMINGTON PD,BLOOMINGTON,2,0.0,1.0,0,0,,,,ST RD 46,E 10TH ST,,,,39.171648,-86.502096,ST RD,N,URBAN,N,N,N,,DAYLIGHT,CLOUDY,DRY,,FOUR-WAY INTERSECTION,STRAIGHT/LEVEL,ASPHALT,FAILURE TO YIELD RIGHT OF WAY,SAME DIRECTION SIDESWIPE,10THSTST RD 46E,TRAFFIC CONTROL SIGNAL,2021-07-25 16:45:00,,,