_id,Agency,City,Vehicles Involved,Trailers Involved,Number Injured,Number Dead,Number Deer,House Number,Roadway Interchange,Roadway Ramp,Roadway Id,Intersecting Road,Interchange,Feet From,Direction,Latitude,Longitude,Roadway Class,Hit and Run?,Locality,School Zone?,Rumble Strips?,Construction?,Construction Type,Light Condition,Weather Conditions,Surface Condition,Type of Median,Roadway Junction Type,Road Character,Roadway Surface,Primary Factor,Manner of Collision,Unique Location Id,Traffic Control,DateTime,Address Number,Cyclist Involved,Pedestrian Involved
1598,BLOOMINGTON PD,BLOOMINGTON,2,0.0,1.0,0,0,,,,S LEONARD SPRINGS RD,W TAPP RD,,,,39.13704,-86.582512,LOCAL/CITY RD,N,URBAN,N,N,N,,DAYLIGHT,CLEAR,DRY,,T-INTERSECTION,STRAIGHT/LEVEL,ASPHALT,FAILURE TO YIELD RIGHT OF WAY,LEFT TURN,SLEONARDSPRINGSRDWTAPPRD,STOP SIGN,2021-07-25 18:11:00,,,
1599,MONROE SD,BLOOMINGTON,2,0.0,0.0,0,0,4199,,,N INNISBROOKE DR,,,,,39.212232,-86.469186,UNKNOWN,N,URBAN,N,N,N,,DAYLIGHT,CLEAR,DRY,,NO JUNCTION INVOLVED,NON-RDWAY CRASH,GRAVEL,UNSAFE BACKING,BACKING CRASH,NINNISBROOKEDR,NONE,2021-07-24 09:50:00,,,
1600,BLOOMINGTON PD,BLOOMINGTON,2,0.0,2.0,0,0,,,Y,W 3RD ST,I-69 N,,,,0.0,0.0,LOCAL/CITY RD,N,URBAN,N,N,N,,DAYLIGHT,CLEAR,DRY,,FOUR-WAY INTERSECTION,STRAIGHT/LEVEL,ASPHALT,FOLLOWING TOO CLOSELY,REAR END,I-69 NW 3RDST,YIELD SIGN,2021-07-24 13:08:00,,,
1601,BLOOMINGTON PD,BLOOMINGTON,1,0.0,0.0,0,0,,,,E ATWATER AVE,S SWAIN AVE,,,,39.163048,-86.515262,LOCAL/CITY RD,N,URBAN,N,N,N,,DAYLIGHT,CLEAR,DRY,,FOUR-WAY INTERSECTION,STRAIGHT/LEVEL,ASPHALT,RAN OFF RD RIGHT,RAN OFF RD,EATWATERAVESSWAINAVE,STOP SIGN,2021-07-24 13:26:00,,,
1602,INDIANA UNIV BLOOMINGTON PD,BLOOMINGTON,3,0.0,1.0,0,0,,,,ST RD 45/46,E DISCOVERY PKWY,,300.0,S,39.13974511,-86.495398,ST RD,N,URBAN,N,N,N,,DAYLIGHT,CLEAR,DRY,,NO JUNCTION INVOLVED,STRAIGHT/LEVEL,ASPHALT,DRIVER DISTRACTED - EXPLAIN IN NARRATIVE,REAR END,DISCOVERYPKWYST RD 45S,NONE,2021-07-24 14:40:00,,,
1603,MONROE SD,BLOOMINGTON,2,0.0,0.0,0,0,,,,CUTRIGHT STATE RECREATION AREA RD,ST RD 446,,200.0,E,0.0,0.0,LOCAL/CITY RD,N,RURAL,N,N,N,,DAYLIGHT,CLEAR,DRY,,NO JUNCTION INVOLVED,STRAIGHT/LEVEL,ASPHALT,LEFT OF CENTER,HEAD ON BETWEEN TWO MOTOR VEHICLES,CUTRIGHTBOATRAMPSTATERD446HWY,NONE,2021-07-23 07:58:00,,,
1604,BLOOMINGTON PD,BLOOMINGTON,1,0.0,1.0,0,0,,,,S COLLEGE MALL RD,ENTRANCE TO EASTLAND PLAZA,,,,39.1629776,-86.4979521,LOCAL/CITY RD,N,URBAN,N,N,N,,DAYLIGHT,CLEAR,DRY,,FOUR-WAY INTERSECTION,STRAIGHT/GRADE,ASPHALT,FAILURE TO YIELD RIGHT OF WAY,RIGHT ANGLE,COLLEGEMALLRDENTRANCETOEASTLANDPLAZADR,TRAFFIC CONTROL SIGNAL,2021-07-23 09:05:00,,True,
1605,BLOOMINGTON PD,BLOOMINGTON,2,0.0,0.0,0,0,,,,ST RD 48,S CURRY PK,,,,39.16465,-86.582939,LOCAL/CITY RD,N,URBAN,N,N,N,,DAYLIGHT,CLEAR,DRY,,FOUR-WAY INTERSECTION,STRAIGHT/LEVEL,ASPHALT,FOLLOWING TOO CLOSELY,REAR END,SCURRYPKW 3RDST,TRAFFIC CONTROL SIGNAL,2021-07-23 11:14:00,,,
1606,MONROE SD,BLOOMINGTON,2,0.0,0.0,0,0,2450,,,W KARST FARM PARK DR,,,,,39.148848,-86.5964,UNKNOWN,N,RURAL,N,N,N,,DAYLIGHT,CLEAR,DRY,,NO JUNCTION INVOLVED,NON-RDWAY CRASH,ASPHALT,UNSAFE BACKING,BACKING CRASH,SENDWRIGHTRD,NONE,2021-07-23 11:50:00,,,
1607,MONROE SD,BLOOMINGTON,2,0.0,0.0,0,0,,,,N OARD,ENTRANCE TO WESTSIDE RECYCLING CENTER,,1000.0,N,39.27054797,-86.620155,LOCAL/CITY RD,N,RURAL,N,N,N,,DAYLIGHT,CLEAR,DRY,,NO JUNCTION INVOLVED,STRAIGHT/LEVEL,ASPHALT,UNSAFE BACKING,BACKING CRASH,NOARDRDSTHWY48HWY,NONE,2021-07-23 13:18:00,,,
1608,MONROE SD,BLOOMINGTON,1,0.0,0.0,0,1,,,,W TAPP RD,I-69 N,,,,0.0,0.0,LOCAL/CITY RD,N,RURAL,N,N,N,,DAYLIGHT,CLEAR,DRY,,TRAFFIC CIRCLE/ROUNDABOUT,STRAIGHT/LEVEL,ASPHALT,ANIMAL/OBJECT IN RDWAY,COLLISION WITH DEER,I-69 NWTAPPRD,NONE,2021-07-23 17:45:00,,,
1609,MONROE SD,BLOOMINGTON,1,0.0,1.0,0,0,1575,,,W SIMPSON CHAPEL RD,W LAWSON RD,,125.0,E,39.273216,-86.532176,LOCAL/CITY RD,N,RURAL,N,N,N,,DAYLIGHT,CLEAR,DRY,,NO JUNCTION INVOLVED,STRAIGHT/HILLCREST,ASPHALT,PEDESTRIAN ACTION,OTHER - EXPLAIN IN NARRATIVE,WLAWSONRDWSIMPSONCHAPELRD,NONE,2021-07-23 18:01:00,,,True
1610,BLOOMINGTON PD,BLOOMINGTON,1,0.0,0.0,0,1,,,,E 1ST,S GRANT ST,,100.0,E,39.177776,-86.5296,LOCAL/CITY RD,N,URBAN,N,N,N,,DAYLIGHT,CLEAR,DRY,,T-INTERSECTION,STRAIGHT/LEVEL,ASPHALT,ANIMAL/OBJECT IN RDWAY,COLLISION WITH DEER,E1STSTSGRANTST,NONE,2021-07-23 19:36:00,,,
1611,BLOOMINGTON PD,BLOOMINGTON,1,0.0,0.0,0,0,1901,,,S LIBERTY DR,ENTRANCE TO CENTER 37,,,,39.145264,-86.577616,UNKNOWN,N,URBAN,N,N,N,,DAYLIGHT,CLEAR,DRY,,NO JUNCTION INVOLVED,NON-RDWAY CRASH,ASPHALT,RAN OFF RD RIGHT,RAN OFF RD,SLIBERTYDR,NONE,2021-07-22 11:52:00,,,
1612,BLOOMINGTON PD,BLOOMINGTON,2,0.0,0.0,0,0,,,,E HEATHER DR,E PEPPERIDGE DR,,,,39.125985,-86.523026,LOCAL/CITY RD,N,URBAN,N,N,N,,UNKNOWN,CLEAR,DRY,,T-INTERSECTION,STRAIGHT/GRADE,ASPHALT,FAILURE TO YIELD RIGHT OF WAY,SAME DIRECTION SIDESWIPE,EASTHEATHERDREASTPEPPERIDGEDR,STOP SIGN,2021-07-22 13:14:00,,,
1613,MONROE SD,BLOOMINGTON,2,0.0,1.0,0,0,,,,N SMITH PK,W CARMOLA DR,,175.0,S,39.204448,-86.583168,LOCAL/CITY RD,N,URBAN,N,N,N,,DAYLIGHT,CLOUDY,DRY,,NO JUNCTION INVOLVED,STRAIGHT/LEVEL,ASPHALT,DRIVER DISTRACTED - EXPLAIN IN NARRATIVE,REAR END,NORTHSMITHPKWESTCARMOLADR,NONE,2021-07-22 15:10:00,,,
1614,INDIANA UNIV BLOOMINGTON PD,BLOOMINGTON,2,0.0,0.0,0,0,1800,,,JOHN MELLENCAMP PAVILION ACCESS RD,,,,,39.18279,-86.523885,UNKNOWN,N,URBAN,N,N,N,,DAYLIGHT,CLOUDY,DRY,,NO JUNCTION INVOLVED,STRAIGHT/LEVEL,ASPHALT,LEFT OF CENTER,OPPOSITE DIRECTION SIDESWIPE,NORTHDUNNST,NONE,2021-07-22 15:32:00,,,
1615,ELLETTSVILLE PD,ELLETTSVILLE,2,0.0,2.0,0,0,,,,ST RD 46,N HARTSTRAIT RD,,,,39.227624,-86.615919,ST RD,N,URBAN,N,N,N,,DAYLIGHT,CLEAR,DRY,,FOUR-WAY INTERSECTION,STRAIGHT/LEVEL,ASPHALT,DISREGARD SIGNAL/REG SIGN,OTHER - EXPLAIN IN NARRATIVE,HARTSTRAITRDST RD 46 W,TRAFFIC CONTROL SIGNAL,2021-07-22 15:50:00,,,
1616,BLOOMINGTON PD,BLOOMINGTON,2,0.0,0.0,0,0,,,,E 1ST,S BALLANTINE RD,,,,39.159273,-86.519119,LOCAL/CITY RD,N,URBAN,N,N,N,,DAYLIGHT,CLEAR,DRY,,T-INTERSECTION,STRAIGHT/LEVEL,ASPHALT,FAILURE TO YIELD RIGHT OF WAY,RIGHT ANGLE,E1STSTSBALLANTINERD,STOP SIGN,2021-07-22 16:39:00,,,
1617,BLOOMINGTON PD,BLOOMINGTON,2,0.0,0.0,0,0,,,,E HILLSIDE DR,S WALNUT ST,,,,39.150544,-86.5336,LOCAL/CITY RD,N,URBAN,N,N,N,,DAYLIGHT,CLEAR,DRY,,FOUR-WAY INTERSECTION,STRAIGHT/GRADE,ASPHALT,FOLLOWING TOO CLOSELY,REAR END,EASTHILLSIDEDRSOUTHWALNUTST,TRAFFIC CONTROL SIGNAL,2021-07-22 17:06:00,,,
1618,BLOOMINGTON PD,BLOOMINGTON,2,0.0,0.0,0,0,,,,S WALNUT ST,W KIRKWOOD AVE,,,,39.16664,-86.5336,LOCAL/CITY RD,N,URBAN,N,N,N,,DAYLIGHT,CLEAR,DRY,,FOUR-WAY INTERSECTION,STRAIGHT/GRADE,ASPHALT,IMPROPER TURNING,SAME DIRECTION SIDESWIPE,EKIRKWOODAVENWALNUTST,LN CONTROL,2021-07-22 18:40:00,,,
1619,BLOOMINGTON PD,BLOOMINGTON,2,0.0,0.0,0,0,3206,,,S WALNUT SPRINGS DR,,,,,39.12542895,-86.52670546,UNKNOWN,Y,URBAN,N,N,N,,DARK (LIGHTED),CLEAR,DRY,,NO JUNCTION INVOLVED,STRAIGHT/LEVEL,ASPHALT,UNSAFE BACKING,BACKING CRASH,SWALNUTSPRINGSDR,NONE,2021-07-21 01:00:00,,,
1620,INDIANA UNIV BLOOMINGTON PD,BLOOMINGTON,1,0.0,0.0,0,0,,,,E 7TH ST,N SUNRISE DR,,,,39.168537,-86.512407,LOCAL/CITY RD,N,URBAN,N,N,N,,DARK (LIGHTED),CLEAR,DRY,,NO JUNCTION INVOLVED,CURVE/GRADE,CONCRETE,UNSAFE BACKING,OTHER - EXPLAIN IN NARRATIVE,E7THSTNSUNRISEDR,NONE,2021-07-21 01:10:00,,,
1621,BLOOMINGTON PD,BLOOMINGTON,1,0.0,0.0,0,0,,,,S SUGAR MAPLE CIR,S WOODSIDE DR,,,,39.156288,-86.5888,LOCAL/CITY RD,N,URBAN,N,N,N,,DAYLIGHT,CLEAR,DRY,,T-INTERSECTION,STRAIGHT/LEVEL,ASPHALT,RAN OFF RD RIGHT,RAN OFF RD,SSUGARMAPLECIRSWOODSIDEDR,NONE,2021-07-21 08:31:00,,,
1622,MONROE SD,BLOOMINGTON,1,0.0,0.0,0,0,,,,S STRAIN RIDGE RD,E SMITHVILLE RD,,,,39.07112,-86.507008,LOCAL/CITY RD,N,RURAL,N,N,N,,DAYLIGHT,CLEAR,DRY,,T-INTERSECTION,STRAIGHT/GRADE,ASPHALT,RAN OFF RD RIGHT,RAN OFF RD,ESMITHVILLERDSSTRAINRIDGERD,STOP SIGN,2021-07-21 08:51:00,,,
1623,BLOOMINGTON PD,BLOOMINGTON,2,0.0,0.0,0,0,,,,S SARE RD,E CATHCART ST,,,,39.14885175,-86.49920105,LOCAL/CITY RD,N,URBAN,N,N,N,,DAYLIGHT,CLEAR,DRY,,T-INTERSECTION,STRAIGHT/LEVEL,ASPHALT,FAILURE TO YIELD RIGHT OF WAY,LEFT TURN,CATHCARTSTSARERD,STOP SIGN,2021-07-21 09:27:00,,,
1624,BLOOMINGTON PD,BLOOMINGTON,1,1.0,0.0,0,0,,,,S CORY LN,ENTRANCE TO LOYAL ORDER OF THE MOOSE,,380.0,S,39.164544,-86.560096,LOCAL/CITY RD,N,URBAN,N,N,N,,DAYLIGHT,CLOUDY,DRY,,NO JUNCTION INVOLVED,STRAIGHT/LEVEL,ASPHALT,OTHER (DRIVER) - EXPLAIN IN NARRATIVE,OTHER - EXPLAIN IN NARRATIVE,SOUTHCORYLNWESTCORYDR,LN CONTROL,2021-07-21 09:50:00,,,
1625,BLOOMINGTON PD,BLOOMINGTON,3,0.0,0.0,0,0,,,,E HILLSIDE DR,S HIGHLAND AVE,,,,39.15053,-86.516971,LOCAL/CITY RD,Y,URBAN,N,N,N,,DAYLIGHT,CLEAR,DRY,,T-INTERSECTION,STRAIGHT/LEVEL,ASPHALT,FAILURE TO YIELD RIGHT OF WAY,RIGHT TURN,EHILLSIDEAVESHIGHLANDAVE,STOP SIGN,2021-07-21 13:30:00,,,
1626,MONROE SD,BLOOMINGTON,1,0.0,1.0,0,0,,,,W GIFFORD,,,279.0,E,0.0,0.0,LOCAL/CITY RD,N,URBAN,N,N,N,,DAYLIGHT,CLOUDY,DRY,,NO JUNCTION INVOLVED,STRAIGHT/LEVEL,ASPHALT,RAN OFF RD RIGHT,RAN OFF RD,APPLETREEPLWESTGIFFORDRD,NONE,2021-07-21 15:22:00,,,
1627,INDIANA UNIV BLOOMINGTON PD,BLOOMINGTON,2,1.0,1.0,0,0,,,,ST RD 45/46,E 17TH ST,,,,0.0,0.0,ST RD,N,URBAN,N,N,N,,DAYLIGHT,CLEAR,DRY,,T-INTERSECTION,STRAIGHT/LEVEL,ASPHALT,FOLLOWING TOO CLOSELY,REAR END,EAST17THSTST RD 46,TRAFFIC CONTROL SIGNAL,2021-07-21 16:30:00,,,
1628,MONROE SD,BLOOMINGTON,1,0.0,1.0,0,0,,,,W ST RD 37,,,500.0,N,39.28909855,-86.51842001,ST RD,N,RURAL,N,N,N,,DAYLIGHT,CLEAR,DRY,,NO JUNCTION INVOLVED,CURVE/GRADE,ASPHALT,UNSAFE SPEED,RAN OFF RD,FOXHOLLOWRDN ST RD 37,NONE,2021-07-21 19:25:00,,,
1629,BLOOMINGTON PD,BLOOMINGTON,2,0.0,0.0,0,0,,,,S WALNUT ST,W 4TH ST,,,,39.165601,-86.533635,LOCAL/CITY RD,N,URBAN,N,N,N,,DAYLIGHT,CLEAR,DRY,,FOUR-WAY INTERSECTION,STRAIGHT/LEVEL,ASPHALT,DISREGARD SIGNAL/REG SIGN,RIGHT ANGLE,FOURTHSTWALNUTST,TRAFFIC CONTROL SIGNAL,2021-07-21 19:40:00,,,
1630,INDIANA UNIV BLOOMINGTON PD,BLOOMINGTON,1,0.0,0.0,0,0,150,,,N ROSE AVE,E JONES AVE,,,,39.166138,-86.510364,LOCAL/CITY RD,N,URBAN,N,N,N,,DARK (LIGHTED),CLEAR,DRY,,T-INTERSECTION,STRAIGHT/LEVEL,ASPHALT,RAN OFF RD RIGHT,RAN OFF RD,NROSEAVE,NONE,2021-07-21 21:32:00,,,
1631,BLOOMINGTON PD,BLOOMINGTON,2,0.0,1.0,0,0,,,118,I-69 S,ST RD 48,,100.0,S,0.0,0.0,ST RD,N,URBAN,N,N,N,,DARK (LIGHTED),CLEAR,DRY,,NO JUNCTION INVOLVED,STRAIGHT/LEVEL,ASPHALT,IMPROPER LN USAGE,RIGHT TURN,S ST RD 37117,NONE,2021-07-21 21:48:00,,,
1632,ISP BLOOMINGTON 33,BLOOMINGTON,1,,0.0,0,0,,,,I-69 N,,,800.0,S,39.06850797,-86.67337201,INTERSTATE,,RURAL,N,N,N,,DAYLIGHT,CLEAR,DRY,,NO JUNCTION INVOLVED,,CONCRETE,,,I-69800'southof106.5MM,,2021-07-20 07:30:00,,,
1633,BLOOMINGTON PD,BLOOMINGTON,2,0.0,0.0,0,0,,,,W ARLINGTON VALLEY DR,N WILLIS DR,,75.0,W,39.1828,-86.54429668,LOCAL/CITY RD,N,URBAN,N,N,N,,DAYLIGHT,CLEAR,DRY,,NO JUNCTION INVOLVED,CURVE/LEVEL,ASPHALT,DRIVER DISTRACTED - EXPLAIN IN NARRATIVE,SAME DIRECTION SIDESWIPE,ARLINGTONVALLEYRDNWILLISDR,LN CONTROL,2021-07-20 11:45:00,,,
1634,BLOOMINGTON PD,BLOOMINGTON,2,0.0,0.0,0,0,,,,ST RD 46,S CLARIZZ BLVD,,,,39.16424,-86.4908,LOCAL/CITY RD,N,URBAN,N,N,B,,DAYLIGHT,CLEAR,DRY,,FOUR-WAY INTERSECTION,STRAIGHT/LEVEL,ASPHALT,FOLLOWING TOO CLOSELY,REAR END,E 3RDSTSCLARIZZBLVD,TRAFFIC CONTROL SIGNAL,2021-07-20 12:07:00,,,
1635,BLOOMINGTON PD,BLOOMINGTON,1,0.0,0.0,0,0,,,,ST RD 45,N GRANDVIEW DR,,150.0,W,39.17184,-86.487488,LOCAL/CITY RD,N,URBAN,N,N,N,,DAYLIGHT,CLEAR,DRY,,NO JUNCTION INVOLVED,STRAIGHT/HILLCREST,ASPHALT,RAN OFF RD RIGHT,RAN OFF RD,E 10THSTGRANDVIEWDR,LN CONTROL,2021-07-20 16:26:00,,,
1636,BLOOMINGTON PD,BLOOMINGTON,2,0.0,0.0,0,0,,,,W 2ND ST,S ROGERS ST,,,,39.16138,-86.53867,LOCAL/CITY RD,N,URBAN,N,N,N,,DAYLIGHT,CLEAR,DRY,,FOUR-WAY INTERSECTION,STRAIGHT/LEVEL,ASPHALT,DISREGARD SIGNAL/REG SIGN,RIGHT ANGLE,SOUTHROGERSSTWEST2NDST,TRAFFIC CONTROL SIGNAL,2021-07-20 16:33:00,,,
1637,BLOOMINGTON PD,BLOOMINGTON,2,0.0,1.0,0,0,,,,S MULLER PKWY,ENTRANCE TO LONGVIEW MOBILE PARK (E),,250.0,S,39.13803298,-86.562709,LOCAL/CITY RD,N,URBAN,N,N,N,,DAYLIGHT,CLEAR,DRY,,NO JUNCTION INVOLVED,STRAIGHT/LEVEL,ASPHALT,FAILURE TO YIELD RIGHT OF WAY,LEFT TURN,SMULLERPKWYW 3RDST,NONE,2021-07-20 16:55:00,,,
1638,MONROE SD,BLOOMINGTON,2,0.0,0.0,0,0,,,,W TAPP RD,I-69 S,,,,0.0,0.0,COUNTY RD,Y,RURAL,N,N,N,,DAYLIGHT,CLEAR,DRY,,TRAFFIC CIRCLE/ROUNDABOUT,STRAIGHT/LEVEL,ASPHALT,UNSAFE SPEED,SAME DIRECTION SIDESWIPE,I-69SWTAPPRD,YIELD SIGN,2021-07-20 17:22:00,,,
1639,BLOOMINGTON PD,BLOOMINGTON,2,0.0,0.0,0,0,,,,S STULL AVE,,,300.0,N,39.15336,-86.524688,LOCAL/CITY RD,N,URBAN,N,N,N,,DARK (LIGHTED),CLEAR,DRY,,NO JUNCTION INVOLVED,STRAIGHT/GRADE,ASPHALT,UNSAFE BACKING,BACKING CRASH,GRIMESLNSTULLAVE,NONE,2021-07-19 05:50:00,,,
1640,BLOOMINGTON PD,BLOOMINGTON,2,0.0,0.0,0,0,,,,S GRIMES LN,S MORTON ST,,,,39.15344,-86.536304,LOCAL/CITY RD,N,URBAN,N,N,N,,DAYLIGHT,CLEAR,DRY,,T-INTERSECTION,STRAIGHT/LEVEL,ASPHALT,FOLLOWING TOO CLOSELY,REAR END,SGRIMESLNSMORTONST,LN CONTROL,2021-07-19 13:58:00,,,
1641,MONROE SD,BLOOMINGTON,2,0.0,1.0,0,0,,,,ST RD 37,,,500.0,N,39.16424,-86.480688,ST RD,Y,RURAL,N,N,N,,DAYLIGHT,CLEAR,DRY,,NO JUNCTION INVOLVED,CURVE/GRADE,ASPHALT,UNSAFE LN MOVEMENT,REAR END,SMITHVILLERDN ST RD 37,NONE,2021-07-19 16:38:00,,,
1642,BLOOMINGTON PD,BLOOMINGTON,4,0.0,0.0,0,0,,,,N WALNUT ST,W 7TH ST,,,,39.16864,-86.533568,LOCAL/CITY RD,N,URBAN,N,N,N,,DAYLIGHT,CLEAR,DRY,,FOUR-WAY INTERSECTION,STRAIGHT/GRADE,ASPHALT,IMPROPER TURNING,RIGHT ANGLE,7THSTWALNUTST,TRAFFIC CONTROL SIGNAL,2021-07-19 17:30:00,,,
1643,INDIANA UNIV BLOOMINGTON PD,BLOOMINGTON,2,0.0,2.0,0,0,,,,ST RD 45/46,N FEE LN,,,,0.0,0.0,ST RD,N,URBAN,N,N,N,,DAWN/DUSK,CLEAR,DRY,,FOUR-WAY INTERSECTION,CURVE/LEVEL,ASPHALT,FAILURE TO YIELD RIGHT OF WAY,RIGHT ANGLE,MATLOCKRDST RD 46,TRAFFIC CONTROL SIGNAL,2021-07-19 20:59:00,,,
1644,BLOOMINGTON PD,BLOOMINGTON,2,0.0,0.0,0,0,1469,,,W ALLEN ST (W/I WHITTINGTON COMMONS),,,,,39.15456,-86.5500183,LOCAL/CITY RD,Y,URBAN,N,N,N,,DARK (LIGHTED),CLEAR,DRY,,NO JUNCTION INVOLVED,STRAIGHT/GRADE,ASPHALT,UNSAFE LN MOVEMENT,SAME DIRECTION SIDESWIPE,WALLENST,NONE,2021-07-18 00:00:00,,,
1645,BLOOMINGTON PD,BLOOMINGTON,2,0.0,0.0,0,0,,,,E 6TH ST,N WALNUT ST,,50.0,W,39.167648,-86.533584,LOCAL/CITY RD,Y,URBAN,N,N,N,,DARK (LIGHTED),CLEAR,DRY,,NO JUNCTION INVOLVED,STRAIGHT/GRADE,ASPHALT,UNSAFE BACKING,BACKING CRASH,E6THSTNWALNUTST,NONE,2021-07-18 13:45:00,,,
1646,MONROE SD,BLOOMINGTON,2,0.0,0.0,0,0,6140,,,W DUVALL RD,,,1000.0,N,39.08199462,-86.619792,LOCAL/CITY RD,N,RURAL,N,N,N,,DAYLIGHT,CLEAR,DRY,,NO JUNCTION INVOLVED,STRAIGHT/GRADE,ASPHALT,FAILURE TO YIELD RIGHT OF WAY,RIGHT ANGLE,DUVALLRDKOONTZRD,NONE,2021-07-18 17:29:00,,,
1647,BLOOMINGTON PD,BLOOMINGTON,2,0.0,0.0,0,0,204,,,S WESTPLEX AVE,,,,,39.18056,-86.543968,UNKNOWN,Y,URBAN,N,N,N,,DAYLIGHT,CLEAR,DRY,,NO JUNCTION INVOLVED,STRAIGHT/GRADE,ASPHALT,OTHER (DRIVER) - EXPLAIN IN NARRATIVE,HEAD ON BETWEEN TWO MOTOR VEHICLES,SWESTPLEXAVE,NONE,2021-07-18 19:00:00,,,
1648,ELLETTSVILLE PD,ELLETTSVILLE,2,0.0,0.0,0,0,,,,ST RD 46,S PARK ST,,,,39.2292755,-86.618466,LOCAL/CITY RD,N,URBAN,N,N,N,,DAYLIGHT,CLEAR,DRY,,T-INTERSECTION,STRAIGHT/LEVEL,ASPHALT,OTHER (DRIVER) - EXPLAIN IN NARRATIVE,SAME DIRECTION SIDESWIPE,PARKSTTEMPERANCEST,NONE,2021-07-18 19:49:00,,,
1649,BLOOMINGTON PD,BLOOMINGTON,2,0.0,0.0,0,0,,,,N WALNUT ST,ST RD 45/46,,,,39.186368,-86.5344,LOCAL/CITY RD,N,URBAN,N,N,N,,DARK (LIGHTED),RAIN,WET,,FOUR-WAY INTERSECTION,STRAIGHT/LEVEL,ASPHALT,FOLLOWING TOO CLOSELY,REAR END,EST RD 4546RDNWALNUTST,TRAFFIC CONTROL SIGNAL,2021-07-17 00:35:00,,,
1650,ELLETTSVILLE PD,BLOOMINGTON,1,,0.0,0,1,,,,W RATLIFF RD,N STARNES RD,,0.0,,39.21690187,-86.66063962,LOCAL/CITY RD,,RURAL,N,N,N,,DARK (NOT LIGHTED),RAIN,WET,,NO JUNCTION INVOLVED,,ASPHALT,ANIMAL/OBJECT IN RDWAY,COLLISION WITH DEER,WRatliffRdNStarnesRd,,2021-07-17 01:30:00,,,
1651,ELLETTSVILLE PD,ELLETTSVILLE,2,0.0,0.0,0,0,,,,ST RD 46,N OUTBACK RD,,,,39.215152,-86.5928,ST RD,N,URBAN,N,N,N,,DAYLIGHT,CLEAR,DRY,,NO JUNCTION INVOLVED,STRAIGHT/LEVEL,ASPHALT,FAILURE TO YIELD RIGHT OF WAY,RIGHT ANGLE,ST RD 46 WUNIONVALLEYDR,TRAFFIC CONTROL SIGNAL,2021-07-17 12:00:00,,,
1652,BLOOMINGTON PD,BLOOMINGTON,1,0.0,0.0,0,0,,,,N ADAMS ST,INDIANA RAILRD BRIDGE,,33.0,S,39.16626897,-86.549643,LOCAL/CITY RD,N,URBAN,N,N,N,,DAYLIGHT,CLEAR,DRY,,NO JUNCTION INVOLVED,STRAIGHT/LEVEL,ASPHALT,OVERSIZE/OVERWEIGHT LOAD,OTHER - EXPLAIN IN NARRATIVE,FOUNTAINDRNADAMSST,OTHER,2021-07-17 19:13:00,,,
1653,INDIANA UNIV BLOOMINGTON PD,BLOOMINGTON,2,0.0,0.0,0,0,,,,N WOODLAWN AVE,E 9TH ST,,,,39.170431,-86.523479,LOCAL/CITY RD,N,URBAN,N,N,N,,DARK (LIGHTED),CLEAR,DRY,,NO JUNCTION INVOLVED,STRAIGHT/LEVEL,ASPHALT,OTHER (VEHICLE) - EXPLAIN IN NARRATIVE,REAR END,NINTHSTWOODLAWNAVE,NONE,2021-07-17 21:50:00,,,
1654,MONROE SD,BLOOMINGTON,1,0.0,0.0,0,0,,,,I-69 S,,,200.0,S,0.0,0.0,ST RD,N,URBAN,N,N,N,,DARK (NOT LIGHTED),RAIN,WATER (STANDING OR MOVING),,NO JUNCTION INVOLVED,CURVE/LEVEL,ASPHALT,SPEED TOO FAST FOR WEATHER CONDITIONS,RAN OFF RD,SR69S125.5,LN CONTROL,2021-07-16 02:30:00,,,
1655,MONROE SD,BLOOMINGTON,2,2.0,0.0,0,0,,,,S VICTOR PK,,,2800.0,S,39.093088,-86.559312,LOCAL/CITY RD,N,RURAL,N,N,N,,DAYLIGHT,RAIN,WET,,NO JUNCTION INVOLVED,CURVE/GRADE,ASPHALT,LEFT OF CENTER,OPPOSITE DIRECTION SIDESWIPE,SVICTORPKWDILLMANRD,NONE,2021-07-16 09:10:00,,,
1656,BLOOMINGTON PD,BLOOMINGTON,1,0.0,1.0,0,0,,,,E SOUTHERN DR,S HENDERSON ST,,50.0,W,39.14984,-86.52712037,LOCAL/CITY RD,N,URBAN,N,N,N,,DAYLIGHT,CLEAR,WET,,FOUR-WAY INTERSECTION,STRAIGHT/LEVEL,CONCRETE,PEDESTRIAN ACTION,COLLISION WITH OBJECT IN RD,HENDERSONSTSOUTHERNDR,NONE,2021-07-16 13:27:00,,,True
1657,BLOOMINGTON PD,BLOOMINGTON,2,0.0,2.0,0,0,,,,E MOORES PK,S HIGH ST,,50.0,E,39.150544,-86.508288,LOCAL/CITY RD,N,URBAN,N,N,N,,DAYLIGHT,CLEAR,DRY,,FOUR-WAY INTERSECTION,STRAIGHT/GRADE,ASPHALT,FOLLOWING TOO CLOSELY,REAR END,EASTMOORESPKSOUTHHIGHST,TRAFFIC CONTROL SIGNAL,2021-07-16 13:47:00,,,