_id,Agency,City,Vehicles Involved,Trailers Involved,Number Injured,Number Dead,Number Deer,House Number,Roadway Interchange,Roadway Ramp,Roadway Id,Intersecting Road,Interchange,Feet From,Direction,Latitude,Longitude,Roadway Class,Hit and Run?,Locality,School Zone?,Rumble Strips?,Construction?,Construction Type,Light Condition,Weather Conditions,Surface Condition,Type of Median,Roadway Junction Type,Road Character,Roadway Surface,Primary Factor,Manner of Collision,Unique Location Id,Traffic Control,DateTime,Address Number,Cyclist Involved,Pedestrian Involved
1658,INDIANA UNIV BLOOMINGTON PD,BLOOMINGTON,2,0.0,0.0,0,0,,,,S CLIFTON AVE,E 3RD ST,,,,39.16426,-86.5097,LOCAL/CITY RD,N,URBAN,N,N,N,,DAYLIGHT,CLOUDY,WET,,T-INTERSECTION,STRAIGHT/LEVEL,ASPHALT,FAILURE TO YIELD RIGHT OF WAY,REAR END,CLIFTONAVE 3RDST,STOP SIGN,2021-07-16 15:10:00,,,
1659,INDIANA UNIV BLOOMINGTON PD,BLOOMINGTON,2,0.0,0.0,0,0,,,,ST RD 45/46,N FEE LN,,,,39.186032,-86.51984,ST RD,N,URBAN,N,N,N,,DAYLIGHT,CLOUDY,DRY,,FOUR-WAY INTERSECTION,STRAIGHT/LEVEL,ASPHALT,FOLLOWING TOO CLOSELY,REAR END,FEELNST RD 46E,TRAFFIC CONTROL SIGNAL,2021-07-16 15:40:00,,,
1660,BLOOMINGTON PD,BLOOMINGTON,2,0.0,0.0,0,0,,,,S WALNUT ST,E 3RD ST,,100.0,S,39.16464,-86.5336,LOCAL/CITY RD,N,URBAN,N,N,N,,DAYLIGHT,RAIN,WET,,FOUR-WAY INTERSECTION,STRAIGHT/LEVEL,ASPHALT,FOLLOWING TOO CLOSELY,REAR END,EAST3RDSTSOUTHWALNUTST,TRAFFIC CONTROL SIGNAL,2021-07-16 16:26:00,,,
1661,INDIANA UNIV BLOOMINGTON PD,BLOOMINGTON,2,0.0,1.0,0,0,,,,ST RD 45/46,E 10TH ST,,,,0.0,0.0,ST RD,N,URBAN,N,N,N,,DAYLIGHT,RAIN,WET,,FOUR-WAY INTERSECTION,STRAIGHT/LEVEL,ASPHALT,FOLLOWING TOO CLOSELY,REAR END,ST RD 46UNIONVILLERD,TRAFFIC CONTROL SIGNAL,2021-07-16 16:45:00,,,
1662,MONROE SD,BLOOMINGTON,1,0.0,0.0,0,0,,,,I-69 S,,,4600.0,S,0.0,0.0,INTERSTATE,N,RURAL,N,Y,N,,DAYLIGHT,RAIN,WET,,NO JUNCTION INVOLVED,STRAIGHT/LEVEL,CONCRETE,SPEED TOO FAST FOR WEATHER CONDITIONS,RAN OFF RD,ESAMPLERDI-69S,NONE,2021-07-16 17:54:00,,,
1663,BLOOMINGTON PD,BLOOMINGTON,2,0.0,0.0,0,0,,,,ST RD 46,E 3RD ST,,,,39.16424,-86.473296,ST RD,N,URBAN,N,N,N,,DARK (LIGHTED),RAIN,WET,,FOUR-WAY INTERSECTION,STRAIGHT/GRADE,ASPHALT,FOLLOWING TOO CLOSELY,REAR END,3RDSTST RD 46E,TRAFFIC CONTROL SIGNAL,2021-07-16 21:15:00,,,
1664,BLOOMINGTON PD,BLOOMINGTON,2,0.0,0.0,0,0,,,,S WALNUT ST,E HILLSIDE DR,,,,39.150544,-86.5336,LOCAL/CITY RD,N,URBAN,N,Y,N,,DARK (NOT LIGHTED),RAIN,WET,,FOUR-WAY INTERSECTION,STRAIGHT/GRADE,ASPHALT,IMPROPER TURNING,RIGHT ANGLE,HILLSIDEDRSWALNUTST,TRAFFIC CONTROL SIGNAL,2021-07-16 22:15:00,,,
1665,MONROE SD,BLOOMINGTON,1,0.0,0.0,0,0,,,,I-69 S,,,0.0,S,0.0,0.0,INTERSTATE,N,RURAL,N,N,N,,DARK (NOT LIGHTED),CLEAR,DRY,,NO JUNCTION INVOLVED,STRAIGHT/LEVEL,ASPHALT,ANIMAL/OBJECT IN RDWAY,COLLISION WITH OBJECT IN RD,I-69S113.0,LN CONTROL,2021-07-15 00:20:00,,,
1666,MONROE SD,BLOOMINGTON,2,0.0,0.0,0,0,,,,N LOESCH RD,W VERNAL PK,,,,39.186352,-86.592896,LOCAL/CITY RD,N,RURAL,N,N,N,,DAWN/DUSK,CLEAR,DRY,,FOUR-WAY INTERSECTION,STRAIGHT/LEVEL,ASPHALT,IMPROPER TURNING,HEAD ON BETWEEN TWO MOTOR VEHICLES,NLOESCHRDWVERNALPK,STOP SIGN,2021-07-15 06:19:00,,,
1667,BLOOMINGTON PD,BLOOMINGTON,1,0.0,0.0,0,0,,,,W 2ND ST,ENTRANCE TO KROGER (E),,50.0,W,39.16144,-86.534848,LOCAL/CITY RD,N,URBAN,N,N,N,,DAYLIGHT,CLEAR,DRY,,NO JUNCTION INVOLVED,STRAIGHT/LEVEL,ASPHALT,OTHER (DRIVER) - EXPLAIN IN NARRATIVE,OTHER - EXPLAIN IN NARRATIVE,COLLEGEAVEW 2NDST,NONE,2021-07-15 06:43:00,,,
1668,BLOOMINGTON PD,BLOOMINGTON,2,0.0,0.0,0,0,,,,W BLOOMFIELD RD,S STONE DR,,,,39.152848,-86.566592,LOCAL/CITY RD,N,URBAN,N,N,N,,DAYLIGHT,CLEAR,DRY,,T-INTERSECTION,STRAIGHT/GRADE,ASPHALT,FOLLOWING TOO CLOSELY,REAR END,BLOOMFIELDRDSTONEDR,LN CONTROL,2021-07-15 07:55:00,,,
1669,BLOOMINGTON PD,BLOOMINGTON,2,0.0,0.0,0,0,,,,S WALNUT ST,E 2ND ST,,,,39.161363,-86.533648,LOCAL/CITY RD,N,URBAN,N,N,N,,DAYLIGHT,CLEAR,DRY,,FOUR-WAY INTERSECTION,STRAIGHT/LEVEL,ASPHALT,FOLLOWING TOO CLOSELY,REAR END,ESECONDSTSWALNUTST,TRAFFIC CONTROL SIGNAL,2021-07-15 10:14:00,,,
1670,ISP BLOOMINGTON 33,BLOOMINGTON,3,,0.0,0,0,,,,ST RD 45/46,N KINSER PK,,0.0,,39.18652705,-86.53763472,ST RD,,URBAN,N,N,N,,DAYLIGHT,CLEAR,DRY,,FOUR-WAY INTERSECTION,,ASPHALT,FAILURE TO YIELD RIGHT OF WAY,LEFT TURN,StateRd46NKinserPike,,2021-07-15 10:40:00,,,
1671,BLOOMINGTON PD,BLOOMINGTON,2,0.0,0.0,0,0,,,,E 4TH ST,S GRANT ST,,,,39.165648,-86.529712,LOCAL/CITY RD,Y,URBAN,N,N,N,,DAYLIGHT,CLEAR,DRY,,FOUR-WAY INTERSECTION,STRAIGHT/LEVEL,ASPHALT,IMPROPER TURNING,LEFT TURN,E4THSTSGRANTST,STOP SIGN,2021-07-15 12:30:00,,,
1672,BLOOMINGTON PD,BLOOMINGTON,2,0.0,0.0,0,0,,,,N MADISON ST,W 14TH ST,,,,39.176048,-86.537696,LOCAL/CITY RD,N,URBAN,N,N,N,,DAYLIGHT,CLEAR,DRY,,T-INTERSECTION,CURVE/GRADE,ASPHALT,UNSAFE BACKING,BACKING CRASH,NORTHMADISONSTWEST14THST,LN CONTROL,2021-07-15 14:14:00,,,
1673,BLOOMINGTON PD,BLOOMINGTON,2,0.0,0.0,0,0,,,,ST RD 48,S GATES DR,,,,39.16466,-86.576125,LOCAL/CITY RD,N,URBAN,N,N,N,,DAYLIGHT,CLEAR,DRY,,FOUR-WAY INTERSECTION,STRAIGHT/LEVEL,ASPHALT,FOLLOWING TOO CLOSELY,REAR END,SGATESDRW 3RDST,LN CONTROL,2021-07-15 16:02:00,,,
1674,BLOOMINGTON PD,BLOOMINGTON,2,0.0,0.0,0,0,,,,W ALEXANDER DR,ENTRANCE TO LOWE'S,,150.0,W,39.1687823,-86.57355671,LOCAL/CITY RD,N,URBAN,N,N,N,,DAYLIGHT,CLEAR,DRY,,NO JUNCTION INVOLVED,STRAIGHT/LEVEL,ASPHALT,FAILURE TO YIELD RIGHT OF WAY,RIGHT ANGLE,ALEXANDERDRNORTHJACOBDR,STOP SIGN,2021-07-15 16:10:00,,,
1675,BLOOMINGTON PD,BLOOMINGTON,3,0.0,1.0,0,0,,,,E MOORES PK,S CLARIZZ BLVD,,,,39.150326,-86.491312,LOCAL/CITY RD,N,URBAN,N,N,N,,DAYLIGHT,CLEAR,DRY,,T-INTERSECTION,STRAIGHT/LEVEL,ASPHALT,FAILURE TO YIELD RIGHT OF WAY,RIGHT ANGLE,EMOORESPKSCLARIZZBLVD,STOP SIGN,2021-07-15 16:27:00,,,
1676,BLOOMINGTON PD,BLOOMINGTON,2,0.0,1.0,0,0,,,,S WALNUT ST PK,ENTRANCE TO COLLEGE SQUARE APARTMENTS,,300.0,N,39.1583618,-86.5313811,LOCAL/CITY RD,Y,URBAN,N,N,N,,DAYLIGHT,CLEAR,DRY,,NO JUNCTION INVOLVED,STRAIGHT/LEVEL,ASPHALT,FOLLOWING TOO CLOSELY,REAR END,EBURKSDRSWALNUTSTPK,NONE,2021-07-15 17:06:00,,,
1677,MONROE SD,BLOOMINGTON,2,1.0,0.0,0,0,,,,ST RD 37,W DILLMAN RD,,300.0,S,39.0612997,-86.546052,ST RD,N,RURAL,N,N,Y,LN CLOSURE,DAYLIGHT,CLEAR,DRY,,NO JUNCTION INVOLVED,CURVE/LEVEL,ASPHALT,UNSAFE LN MOVEMENT,SAME DIRECTION SIDESWIPE,N ST RD 37WDILLMANRD,LN CONTROL,2021-07-15 17:15:00,,,
1678,INDIANA UNIV BLOOMINGTON PD,BLOOMINGTON,2,0.0,0.0,0,0,,,,ST RD 45/46,ST RD 45,,,,0.0,0.0,ST RD,N,URBAN,N,N,N,,DAYLIGHT,CLEAR,DRY,,FOUR-WAY INTERSECTION,STRAIGHT/LEVEL,ASPHALT,FOLLOWING TOO CLOSELY,REAR END,ST RD 45ST RD 46,TRAFFIC CONTROL SIGNAL,2021-07-15 17:30:00,,,
1679,ISP BLOOMINGTON 33,UNIONVILLE(MONROE),2,,1.0,0,0,,,,ST RD 45,N MT GILEAD RD (NE),,0.0,,39.23074571,-86.42414758,ST RD,,RURAL,N,N,N,,DAYLIGHT,CLOUDY,DRY,,T-INTERSECTION,,ASPHALT,FAILURE TO YIELD RIGHT OF WAY,LEFT TURN,StateRd45NMountGileadRd,,2021-07-15 17:35:00,,,
1680,BLOOMINGTON PD,BLOOMINGTON,2,0.0,1.0,0,0,,,,S LANDMARK AVE,ENTRANCE TO WILLIAMS BROS HEALTH CARE PHARMACY,,100.0,N,39.17050618,-86.55386,LOCAL/CITY RD,N,URBAN,N,N,N,,DAYLIGHT,CLEAR,DRY,,NO JUNCTION INVOLVED,STRAIGHT/GRADE,ASPHALT,FAILURE TO YIELD RIGHT OF WAY,LEFT TURN,SLANDMARKAVEWBLOOMFIELDRD,NONE,2021-07-14 14:08:00,,,
1681,MONROE SD,ELLETTSVILLE,1,0.0,1.0,0,0,,,,W MCNEELY ST,N ABIGAIL LN,,,,39.237613,-86.603331,COUNTY RD,N,RURAL,N,N,N,,DAYLIGHT,CLEAR,DRY,,NO JUNCTION INVOLVED,STRAIGHT/LEVEL,ASPHALT,RAN OFF RD RIGHT,RAN OFF RD,MCNEELYSTNABIGAILLN,NONE,2021-07-14 16:02:00,,,
1682,MONROE SD,BLOOMINGTON,1,0.0,1.0,0,1,,,,E LDRIDGE RD,,,600.0,E,39.14666761,-86.39411379,COUNTY RD,N,RURAL,N,N,N,,DAYLIGHT,CLEAR,WET,,T-INTERSECTION,STRAIGHT/LEVEL,GRAVEL,ANIMAL/OBJECT IN RDWAY,COLLISION WITH DEER,EELDRIDGERDSMCGOWANRD,NONE,2021-07-14 19:56:00,,,
1683,BLOOMINGTON PD,BLOOMINGTON,1,0.0,0.0,0,1,,,,ST RD 46,ST RD 446,,,,39.16664,-86.462496,ST RD,N,RURAL,N,N,N,,DARK (NOT LIGHTED),CLEAR,DRY,,T-INTERSECTION,CURVE/LEVEL,ASPHALT,ANIMAL/OBJECT IN RDWAY,COLLISION WITH DEER,ST RD 446SST RD 46E,TRAFFIC CONTROL SIGNAL,2021-07-13 04:45:00,,,
1684,MONROE SD,BLOOMINGTON,1,0.0,0.0,0,1,,,,ST RD 446,,,2000.0,S,39.07978951,-86.41784109,ST RD,N,RURAL,N,N,N,,DAWN/DUSK,CLEAR,DRY,,NO JUNCTION INVOLVED,STRAIGHT/LEVEL,ASPHALT,ANIMAL/OBJECT IN RDWAY,COLLISION WITH DEER,ERUSHRIDGERDST RD 446S,LN CONTROL,2021-07-13 06:09:00,,,
1685,BLOOMINGTON PD,BLOOMINGTON,2,0.0,0.0,0,0,,,,W 9TH ST,ENTRANCE TO TEACHERS WAREHOUSE,,50.0,E,39.170448,-86.540992,LOCAL/CITY RD,N,URBAN,N,N,N,,DAYLIGHT,CLOUDY,DRY,,FOUR-WAY INTERSECTION,STRAIGHT/GRADE,ASPHALT,IMPROPER PASSING,SAME DIRECTION SIDESWIPE,NFAIRVIEWSTW9THST,NONE,2021-07-13 09:27:00,,,
1686,MONROE SD,BLOOMINGTON,2,0.0,0.0,0,0,,,,S HARMONY RD,W MAY RD,,200.0,S,39.093744,-86.638304,COUNTY RD,N,RURAL,N,N,N,,DAYLIGHT,CLOUDY,WET,,T-INTERSECTION,STRAIGHT/GRADE,ASPHALT,IMPROPER PASSING,SAME DIRECTION SIDESWIPE,SOUTHHARMONYRDWESTMAYRD,NONE,2021-07-13 12:20:00,,,
1687,INDIANA UNIV BLOOMINGTON PD,BLOOMINGTON,2,0.0,0.0,0,0,,,,E 3RD ST,S EAGLESON AVE,,,,39.164263,-86.516394,LOCAL/CITY RD,N,URBAN,N,N,N,,DAYLIGHT,CLEAR,DRY,,FOUR-WAY INTERSECTION,STRAIGHT/LEVEL,ASPHALT,IMPROPER TURNING,LEFT TURN,3RDSTEAGLESON AVEAVE,TRAFFIC CONTROL SIGNAL,2021-07-13 13:20:00,,,
1688,BLOOMINGTON PD,BLOOMINGTON,2,0.0,0.0,0,0,,,,ST RD 48,S GATES DR,,,,39.16466,-86.576125,LOCAL/CITY RD,N,URBAN,N,N,N,,DAYLIGHT,CLOUDY,DRY,,FOUR-WAY INTERSECTION,STRAIGHT/LEVEL,ASPHALT,UNSAFE LN MOVEMENT,SAME DIRECTION SIDESWIPE,SGATESDRW 3RDST,LN CONTROL,2021-07-13 14:13:00,,,
1689,BLOOMINGTON PD,BLOOMINGTON,2,0.0,0.0,0,0,,,,N COLLEGE AVE,W 10TH ST,,,,39.171744,-86.534768,LOCAL/CITY RD,N,URBAN,N,N,N,,DAYLIGHT,CLOUDY,WET,,FOUR-WAY INTERSECTION,STRAIGHT/GRADE,ASPHALT,IMPROPER TURNING,LEFT TURN,NORTHCOLLEGEAVEWEST10THST,TRAFFIC CONTROL SIGNAL,2021-07-13 14:57:00,,,
1690,BLOOMINGTON PD,BLOOMINGTON,2,0.0,0.0,0,0,,,,ST RD 45,ENTRANCE TO SAM'S CLUB,,,,0.0,0.0,LOCAL/CITY RD,N,URBAN,N,N,N,,DAYLIGHT,CLEAR,WET,,FOUR-WAY INTERSECTION,STRAIGHT/LEVEL,ASPHALT,FAILURE TO YIELD RIGHT OF WAY,RIGHT ANGLE,I-69OPASWESTBLOOMFIEILDRD,TRAFFIC CONTROL SIGNAL,2021-07-13 16:24:00,,,
1691,MONROE SD,BLOOMINGTON,1,0.0,0.0,0,0,,,,ST RD 37,E MONROE DAM RD,,50.0,N,39.02539672,-86.536289,ST RD,N,RURAL,N,Y,Y,WORK ON SHOULDER,DARK (NOT LIGHTED),CLEAR,DRY,,INTERCHANGE,STRAIGHT/LEVEL,ASPHALT,IMPROPER LN USAGE,OTHER - EXPLAIN IN NARRATIVE,EMONROEDAMRDS ST RD 37,NONE,2021-07-13 21:20:00,,,
1692,BLOOMINGTON PD,BLOOMINGTON,2,0.0,0.0,0,0,1332,,,W ARCH HAVEN AVE,S DOLIMAH AVE,,,,39.161238,-86.551718,LOCAL/CITY RD,N,URBAN,N,N,N,,DAYLIGHT,CLEAR,DRY,,NO JUNCTION INVOLVED,STRAIGHT/LEVEL,ASPHALT,UNSAFE BACKING,REAR TO REAR,WARCHHAVENAVE,NONE,2021-07-12 09:56:00,,,
1693,BLOOMINGTON PD,BLOOMINGTON,2,0.0,0.0,0,0,,,,N KINSER PK,ST RD 45/46,,,,39.186544,-86.537888,LOCAL/CITY RD,N,URBAN,N,N,N,,DAYLIGHT,CLEAR,DRY,,FOUR-WAY INTERSECTION,STRAIGHT/GRADE,ASPHALT,FOLLOWING TOO CLOSELY,REAR END,NORTHKINSERPKWESTSTATERD4546BYP,TRAFFIC CONTROL SIGNAL,2021-07-12 12:48:00,,,
1694,INDIANA UNIV BLOOMINGTON PD,BLOOMINGTON,2,0.0,0.0,0,0,,,,INDIANA MEMORIAL UNION CIRCLE DR,,,199.0,W,39.168465,-86.52112178,UNKNOWN,N,URBAN,N,N,N,,DAYLIGHT,CLEAR,DRY,,NO JUNCTION INVOLVED,CURVE/LEVEL,ASPHALT,UNSAFE BACKING,BACKING CRASH,E7THSTNFORRESTAVE,NONE,2021-07-12 13:35:00,,,
1695,MONROE SD,BLOOMINGTON,1,0.0,0.0,0,0,,,,S FAIRFAX RD,E MARIE LN,,,,39.105694,-86.52248,LOCAL/CITY RD,N,RURAL,N,N,N,,DAYLIGHT,CLEAR,WET,,T-INTERSECTION,CURVE/GRADE,ASPHALT,RAN OFF RD RIGHT,RAN OFF RD,MARIELNSFAIRFAXRD,LN CONTROL,2021-07-11 10:41:00,,,
1696,BLOOMINGTON PD,BLOOMINGTON,2,0.0,0.0,0,0,,,,E 3RD ST,S HIGH ST,,,,39.164352,-86.508288,LOCAL/CITY RD,N,URBAN,Y,N,N,,DAYLIGHT,CLOUDY,WET,,T-INTERSECTION,STRAIGHT/GRADE,ASPHALT,DRIVER DISTRACTED - EXPLAIN IN NARRATIVE,REAR END,3RDSTHIGHST,TRAFFIC CONTROL SIGNAL,2021-07-11 11:20:00,,,
1697,MONROE SD,BLOOMINGTON,1,0.0,0.0,0,0,,,,N CURRY PK,,,2000.0,N,39.39073249,-86.583074,LOCAL/CITY RD,N,URBAN,N,N,N,,DARK (NOT LIGHTED),RAIN,WATER (STANDING OR MOVING),,FOUR-WAY INTERSECTION,STRAIGHT/LEVEL,ASPHALT,RDWAY SURFACE CONDITION,RAN OFF RD,CURRYPKVERNALPK,NONE,2021-07-11 11:32:00,,,
1698,BLOOMINGTON PD,BLOOMINGTON,2,0.0,0.0,0,0,,,,ST RD 45/46,N WALNUT ST,,,,39.186368,-86.5344,ST RD,Y,URBAN,N,N,N,,DAYLIGHT,CLEAR,DRY,,FOUR-WAY INTERSECTION,STRAIGHT/LEVEL,ASPHALT,IMPROPER LN USAGE,SAME DIRECTION SIDESWIPE,NWALNUTSTST RD 4546 W,TRAFFIC CONTROL SIGNAL,2021-07-11 16:31:00,,,
1699,MONROE SD,BLOOMINGTON,1,0.0,0.0,0,0,,,,ST RD 48,,,3000.0,E,39.16865518,-86.67086285,ST RD,N,RURAL,N,N,N,,DAYLIGHT,CLEAR,WET,,NO JUNCTION INVOLVED,STRAIGHT/LEVEL,ASPHALT,RAN OFF RD RIGHT,RAN OFF RD,ST RD 43SST RD 48W,NO PASSING ZONE,2021-07-10 06:57:00,,,
1700,MONROE SD,BLOOMINGTON,2,0.0,0.0,0,0,,,,N CURRY PK,W JONATHAN DR,,,,39.168325,-86.582976,LOCAL/CITY RD,Y,URBAN,N,N,N,,DAYLIGHT,CLOUDY,DRY,,FIVE POINT OR MORE,STRAIGHT/LEVEL,ASPHALT,IMPROPER LN USAGE,SAME DIRECTION SIDESWIPE,NORTHCURRYPKWESTJONATHANDR,TRAFFIC CONTROL SIGNAL,2021-07-10 09:40:00,,,
1701,MONROE SD,BLOOMINGTON,2,0.0,0.0,0,0,,,,E WINERY RD,N THAMES DR,,,,39.280423,-86.52214,LOCAL/CITY RD,N,RURAL,N,N,N,,DAYLIGHT,CLOUDY,WET,,T-INTERSECTION,CURVE/GRADE,ASPHALT,DISREGARD SIGNAL/REG SIGN,RIGHT ANGLE,THAMESDRWINERYRD,STOP SIGN,2021-07-10 16:21:00,,,
1702,INDIANA UNIV BLOOMINGTON PD,BLOOMINGTON,2,0.0,2.0,0,0,,,,ST RD 45/46,E 10TH ST,,400.0,N,39.21397118,-86.52255708,LOCAL/CITY RD,N,URBAN,N,N,N,,DAYLIGHT,RAIN,WET,,FOUR-WAY INTERSECTION,STRAIGHT/LEVEL,ASPHALT,SPEED TOO FAST FOR WEATHER CONDITIONS,REAR END,10THST4546BYP,LN CONTROL,2021-07-10 16:28:00,,,
1703,MONROE SD,BLOOMINGTON,2,0.0,0.0,0,0,,,,ST RD 45,E MARTIN DR,,50.0,W,39.20472862,-86.46350162,ST RD,N,RURAL,N,N,N,,DAYLIGHT,CLEAR,DRY,,T-INTERSECTION,CURVE/LEVEL,ASPHALT,IMPROPER LN USAGE,HEAD ON BETWEEN TWO MOTOR VEHICLES,EMARTINDRST RD 45E,NONE,2021-07-10 17:39:00,,,
1704,BLOOMINGTON PD,BLOOMINGTON,2,0.0,0.0,0,0,,,,S WALNUT ST PK,E SUNNY SLOPES DR,,,,39.1325358,-86.5268341,LOCAL/CITY RD,N,URBAN,N,N,N,,DARK (NOT LIGHTED),RAIN,WET,,FOUR-WAY INTERSECTION,CURVE/GRADE,ASPHALT,FOLLOWING TOO CLOSELY,REAR END,SWALNUTSTPKSUNNYSLOPESDR,STOP SIGN,2021-07-10 20:02:00,,,
1705,MONROE SD,BLOOMINGTON,1,0.0,0.0,0,0,,,,S HOFF LN,W GARDNER RD,,,,39.133376,-86.648848,COUNTY RD,N,RURAL,N,N,N,,DARK (NOT LIGHTED),RAIN,WET,,T-INTERSECTION,STRAIGHT/LEVEL,ASPHALT,OTHER (VEHICLE) - EXPLAIN IN NARRATIVE,RAN OFF RD,SHOFFLNWGARDNERRD,NONE,2021-07-10 21:59:00,,,
1706,BLOOMINGTON PD,BLOOMINGTON,2,0.0,0.0,0,0,,69,S,ST RD 48,I-69 S,,,,0.0,0.0,LOCAL/CITY RD,N,URBAN,N,N,N,,DAYLIGHT,CLEAR,DRY,,RAMP,CURVE/GRADE,ASPHALT,FOLLOWING TOO CLOSELY,REAR END,W 3RDST,YIELD SIGN,2021-07-09 08:03:00,,,
1707,BLOOMINGTON PD,BLOOMINGTON,3,0.0,1.0,0,0,,,,W 3RD ST,S LANDMARK AVE,,100.0,W,39.164416,-86.55629334,LOCAL/CITY RD,N,URBAN,N,N,N,,DAYLIGHT,CLEAR,DRY,,NO JUNCTION INVOLVED,STRAIGHT/GRADE,ASPHALT,FOLLOWING TOO CLOSELY,REAR END,LANDMARKAVEW 3RDST,LN CONTROL,2021-07-09 09:09:00,,,
1708,BLOOMINGTON PD,BLOOMINGTON,2,0.0,0.0,0,0,,,,N GATES DR,W JACOB DR,,,,0.0,0.0,LOCAL/CITY RD,N,URBAN,N,N,N,,DAYLIGHT,CLEAR,DRY,,Y-INTERSECTION,STRAIGHT/LEVEL,ASPHALT,FAILURE TO YIELD RIGHT OF WAY,SAME DIRECTION SIDESWIPE,NGATESDRNJACOBDR,NONE,2021-07-09 12:15:00,,,
1709,BLOOMINGTON PD,BLOOMINGTON,2,1.0,0.0,0,0,,,,N MADISON ST,W 14TH ST,,,,39.176048,-86.537696,LOCAL/CITY RD,N,URBAN,N,N,N,,DAYLIGHT,CLOUDY,DRY,,FOUR-WAY INTERSECTION,CURVE/GRADE,ASPHALT,IMPROPER PASSING,SAME DIRECTION SIDESWIPE,NMADISONAVEW14THST,NONE,2021-07-09 14:06:00,,,
1710,BLOOMINGTON PD,BLOOMINGTON,4,0.0,1.0,0,0,,,,E WINSLOW RD,S HENDERSON ST,,,,39.136144,-86.5268,LOCAL/CITY RD,N,URBAN,N,N,N,,DAYLIGHT,CLOUDY,DRY,,FOUR-WAY INTERSECTION,STRAIGHT/LEVEL,ASPHALT,FOLLOWING TOO CLOSELY,REAR END,EWINSLOWRDSHENDERSONST,TRAFFIC CONTROL SIGNAL,2021-07-09 17:14:00,,,
1711,BLOOMINGTON PD,BLOOMINGTON,2,0.0,0.0,0,0,,,,W 3RD ST,I-69,,,,39.16470795,-86.59211954,LOCAL/CITY RD,N,URBAN,N,N,N,,DAYLIGHT,CLEAR,DRY,,FOUR-WAY INTERSECTION,STRAIGHT/LEVEL,ASPHALT,FOLLOWING TOO CLOSELY,REAR END,ST RD 37RTEW 3RDST,TRAFFIC CONTROL SIGNAL,2021-07-09 21:04:00,,,
1712,BLOOMINGTON PD,BLOOMINGTON,2,0.0,0.0,0,0,,,,N LINDBERGH DR,,,400.0,S,39.176848,-86.552592,LOCAL/CITY RD,Y,URBAN,N,N,N,,DARK (LIGHTED),CLEAR,DRY,,NO JUNCTION INVOLVED,STRAIGHT/GRADE,ASPHALT,IMPROPER PASSING,SAME DIRECTION SIDESWIPE,15THSTNLINDBERGHDR,NONE,2021-07-08 01:45:00,,,
1713,ISP BLOOMINGTON 33,BLOOMINGTON,2,,0.0,0,0,,,,E SMITHVILLE RD,ST RD 37,,0.0,,39.07086705,-86.53594896,COUNTY RD,,RURAL,N,N,N,,DAYLIGHT,CLOUDY,DRY,,FOUR-WAY INTERSECTION,,ASPHALT,DRIVER DISTRACTED - EXPLAIN IN NARRATIVE,REAR END,S ST RD 37mithvilleRoad,,2021-07-08 07:54:00,,,
1714,BLOOMINGTON PD,BLOOMINGTON,2,0.0,0.0,0,0,,,,ST RD 46,S SMITH RD,,,,39.16424,-86.480688,LOCAL/CITY RD,N,URBAN,N,N,N,,DAYLIGHT,CLEAR,DRY,,FOUR-WAY INTERSECTION,STRAIGHT/LEVEL,ASPHALT,FOLLOWING TOO CLOSELY,REAR END,E 3RDSTSMITHRD,TRAFFIC CONTROL SIGNAL,2021-07-08 09:52:00,,,
1715,BLOOMINGTON PD,BLOOMINGTON,2,0.0,0.0,0,0,,,,S COLLEGE MALL RD,E 2ND ST,,,,39.160944,-86.497696,LOCAL/CITY RD,N,URBAN,N,N,N,,DAYLIGHT,CLEAR,DRY,,FOUR-WAY INTERSECTION,STRAIGHT/LEVEL,ASPHALT,UNSAFE LN MOVEMENT,SAME DIRECTION SIDESWIPE,E 2NDSTSCOLLEGEMALLRD,NONE,2021-07-08 10:23:00,,,
1716,MONROE SD,BLOOMINGTON,1,0.0,1.0,0,0,,,,S FAIRFAX RD,E CAROWINDS CT,,200.0,N,39.06104,-86.498448,LOCAL/CITY RD,N,RURAL,N,N,N,,DAYLIGHT,CLEAR,DRY,,NO JUNCTION INVOLVED,CURVE/LEVEL,ASPHALT,RAN OFF RD RIGHT,RAN OFF RD,ECAROWINDSCTSFAIRFAXRD,NONE,2021-07-08 11:34:00,,,
1717,BLOOMINGTON PD,BLOOMINGTON,2,0.0,0.0,0,0,,,,E 3RD ST,S COLLEGE MALL RD,,,,39.16424,-86.4984,LOCAL/CITY RD,N,URBAN,N,N,N,,DAYLIGHT,CLEAR,DRY,,FOUR-WAY INTERSECTION,STRAIGHT/LEVEL,ASPHALT,FOLLOWING TOO CLOSELY,REAR END,COLLEGEMALLRDE 3RDST,TRAFFIC CONTROL SIGNAL,2021-07-08 11:49:00,,,
1718,ISP BLOOMINGTON 33,BLOOMINGTON,2,,0.0,0,0,,,,ST RD 48,I-69,,0.0,,39.16462024,-86.57224364,ST RD,,URBAN,N,N,N,,DAYLIGHT,CLEAR,DRY,,RAMP,,ASPHALT,UNSAFE SPEED,REAR END,ST RD 48I-69,,2021-07-08 13:25:00,,,