_id,Agency,City,Vehicles Involved,Trailers Involved,Number Injured,Number Dead,Number Deer,House Number,Roadway Interchange,Roadway Ramp,Roadway Id,Intersecting Road,Interchange,Feet From,Direction,Latitude,Longitude,Roadway Class,Hit and Run?,Locality,School Zone?,Rumble Strips?,Construction?,Construction Type,Light Condition,Weather Conditions,Surface Condition,Type of Median,Roadway Junction Type,Road Character,Roadway Surface,Primary Factor,Manner of Collision,Unique Location Id,Traffic Control,DateTime,Address Number,Cyclist Involved,Pedestrian Involved
1719,ISP BLOOMINGTON 33,BLOOMINGTON,2,,1.0,0,0,,118,B,W 3RD ST,I-69 N,,0.0,,39.16466183,-86.57246894,ST RD,,URBAN,N,N,N,,DAWN/DUSK,RAIN,WET,,FOUR-WAY INTERSECTION,,ASPHALT,FAILURE TO YIELD RIGHT OF WAY,RIGHT ANGLE,W3rdStatI-69-118-B,,2021-07-08 13:30:00,,,
1720,BLOOMINGTON PD,BLOOMINGTON,2,0.0,0.0,0,0,,,,N ROGERS ST,W 11TH ST,,70.0,N,39.173184,-86.538528,LOCAL/CITY RD,N,URBAN,N,N,N,,DAYLIGHT,CLOUDY,DRY,,FOUR-WAY INTERSECTION,CURVE/GRADE,ASPHALT,FOLLOWING TOO CLOSELY,SAME DIRECTION SIDESWIPE,NORTHROGERSSTWEST11THST,LN CONTROL,2021-07-08 13:34:00,,,
1721,BLOOMINGTON PD,BLOOMINGTON,2,0.0,0.0,0,0,,,,S HENDERSON ST,E WINSLOW RD,,,,39.136144,-86.5268,LOCAL/CITY RD,Y,URBAN,N,N,N,,DAYLIGHT,CLOUDY,DRY,,FOUR-WAY INTERSECTION,STRAIGHT/LEVEL,ASPHALT,UNSAFE BACKING,BACKING CRASH,EASTWINSLOWRDSOUTHHENDERSONST,TRAFFIC CONTROL SIGNAL,2021-07-08 15:15:00,,,
1722,MONROE SD,BLOOMINGTON,1,1.0,0.0,0,0,,,,I-69 S,,,,,0.0,0.0,INTERSTATE,Y,RURAL,N,N,N,,DAYLIGHT,RAIN,WET,,INTERCHANGE,STRAIGHT/GRADE,ASPHALT,SPEED TOO FAST FOR WEATHER CONDITIONS,OTHER - EXPLAIN IN NARRATIVE,I-69S115.0,NONE,2021-07-08 16:27:00,,,
1723,ISP BLOOMINGTON 33,BLOOMINGTON,1,,0.0,0,0,,,,I-69 N,,,50.0,,39.23146245,-86.54285359,INTERSTATE,,RURAL,N,N,N,,DAYLIGHT,RAIN,WATER (STANDING OR MOVING),,NO JUNCTION INVOLVED,,CONCRETE,SPEED TOO FAST FOR WEATHER CONDITIONS,OTHER - EXPLAIN IN NARRATIVE,I-69,,2021-07-08 16:40:00,,,
1724,MONROE SD,BLOOMINGTON,3,0.0,0.0,0,0,,,,ST RD 48,S CAVE RD,,,,39.163152,-86.629104,ST RD,N,RURAL,N,N,N,,DAYLIGHT,RAIN,WET,,T-INTERSECTION,STRAIGHT/GRADE,ASPHALT,SPEED TOO FAST FOR WEATHER CONDITIONS,REAR END,CAVERDST RD 48W,NONE,2021-07-08 17:03:00,,,
1725,BLOOMINGTON PD,BLOOMINGTON,2,0.0,0.0,0,0,,,,S ROGERS ST,W 3RD ST,,,,39.16472,-86.538592,LOCAL/CITY RD,N,URBAN,N,N,N,,DAYLIGHT,CLEAR,DRY,,FOUR-WAY INTERSECTION,STRAIGHT/GRADE,ASPHALT,DISREGARD SIGNAL/REG SIGN,RIGHT ANGLE,SOUTHROGERSSTWEST3RDST,TRAFFIC CONTROL SIGNAL,2021-07-08 19:20:00,,,
1726,MONROE SD,BLOOMINGTON,1,0.0,0.0,0,0,8521,,,W HINDS RD,,,,,39.0939305,-86.65568839,COUNTY RD,Y,RURAL,N,N,N,,DAWN/DUSK,CLEAR,WET,,NO JUNCTION INVOLVED,CURVE/GRADE,ASPHALT,UNSAFE SPEED,RAN OFF RD,WHINDSRD,NONE,2021-07-08 20:41:00,,,
1727,ISP BLOOMINGTON 33,BLOOMINGTON,1,,1.0,0,0,,,,ST RD 37,,,2000.0,N,38.99837014,-86.5374719,ST RD,,RURAL,N,N,N,,DARK (NOT LIGHTED),CLEAR,WET,,NO JUNCTION INVOLVED,,ASPHALT,OVERCORRECTING/OVERSTEERING,RAN OFF RD,StateRd37IngramRoad,,2021-07-08 21:52:00,,,
1728,ISP BLOOMINGTON 33,BLOOMINGTON,2,,0.0,0,0,,,,I-69 S,,,0.0,,39.22085695,-86.55036741,INTERSTATE,,RURAL,N,N,N,,DAYLIGHT,CLEAR,DRY,,NO JUNCTION INVOLVED,,ASPHALT,UNSAFE LN MOVEMENT,SAME DIRECTION SIDESWIPE,I-69122,,2021-07-07 07:05:00,,,
1729,BLOOMINGTON PD,BLOOMINGTON,2,0.0,0.0,0,0,,,,W 6TH ST,N COLLEGE AVE,,,,39.167648,-86.534784,LOCAL/CITY RD,N,URBAN,N,N,N,,DAYLIGHT,CLEAR,DRY,,FOUR-WAY INTERSECTION,STRAIGHT/GRADE,ASPHALT,FAILURE TO YIELD RIGHT OF WAY,BACKING CRASH,NCOLLEGEAVEW6THST,TRAFFIC CONTROL SIGNAL,2021-07-07 07:59:00,,,
1730,BLOOMINGTON PD,BLOOMINGTON,2,0.0,1.0,0,0,,,,E WINSLOW RD,S WALNUT ST,,100.0,E,39.136144,-86.528688,LOCAL/CITY RD,N,URBAN,N,N,N,,DAYLIGHT,CLOUDY,DRY,,FOUR-WAY INTERSECTION,STRAIGHT/LEVEL,ASPHALT,FOLLOWING TOO CLOSELY,REAR END,EWINSLOWRDSWALNUTST,TRAFFIC CONTROL SIGNAL,2021-07-07 15:58:00,,,
1731,BLOOMINGTON PD,BLOOMINGTON,4,0.0,0.0,0,0,,,,E SMITH AVE,ALLEY E OF S WALNUT ST,,200.0,E,39.162848,-86.5336,LOCAL/CITY RD,N,URBAN,Y,N,N,,DAYLIGHT,CLEAR,DRY,,FOUR-WAY INTERSECTION,STRAIGHT/LEVEL,ASPHALT,FAILURE TO YIELD RIGHT OF WAY,RIGHT ANGLE,ESMITHRDSWALNUTST,NONE,2021-07-07 16:32:00,,,
1732,BLOOMINGTON PD,BLOOMINGTON,2,0.0,0.0,0,0,,,,ST RD 46,S SMITH RD,,,,39.16424,-86.480688,LOCAL/CITY RD,N,URBAN,N,N,N,,DARK (LIGHTED),CLEAR,WET,,FOUR-WAY INTERSECTION,STRAIGHT/GRADE,ASPHALT,UNSAFE SPEED,REAR END,3RDSTSMITHRD,TRAFFIC CONTROL SIGNAL,2021-07-07 22:25:00,,,
1733,INDIANA UNIV BLOOMINGTON PD,BLOOMINGTON,1,0.0,0.0,0,0,744,,,ALLEY,,,,,39.16364,-86.524141,,Y,URBAN,N,N,N,,DARK (LIGHTED),CLEAR,DRY,,NO JUNCTION INVOLVED,NON-RDWAY CRASH,ASPHALT,OTHER (DRIVER) - EXPLAIN IN NARRATIVE,OTHER - EXPLAIN IN NARRATIVE,E 3RDSTST,NONE,2021-07-06 01:18:00,,,
1734,ISP BLOOMINGTON 33,BLOOMINGTON,2,,2.0,0,0,3500,,,E ROBINSON RD,,,3500.0,,39.24638085,-86.48301356,COUNTY RD,,RURAL,N,N,N,,DAYLIGHT,CLEAR,DRY,,NO JUNCTION INVOLVED,,ASPHALT,LEFT OF CENTER,HEAD ON BETWEEN TWO MOTOR VEHICLES,OldST RD 37ERobinsonRd,,2021-07-06 10:24:00,,,
1735,BLOOMINGTON PD,BLOOMINGTON,2,0.0,1.0,0,0,,,,S ROGERS ST,W 2ND ST,,25.0,N,39.16152,-86.538592,LOCAL/CITY RD,N,URBAN,N,N,N,,DAYLIGHT,CLEAR,DRY,,FOUR-WAY INTERSECTION,STRAIGHT/GRADE,ASPHALT,FOLLOWING TOO CLOSELY,REAR END,SROGERSSTW 2NDST,LN CONTROL,2021-07-06 11:59:00,,,
1736,BLOOMINGTON PD,BLOOMINGTON,2,0.0,0.0,0,0,,,,N COLLEGE AVE,W 7TH ST,,,,39.168656,-86.534784,LOCAL/CITY RD,N,URBAN,N,N,N,,DAYLIGHT,CLEAR,DRY,,FOUR-WAY INTERSECTION,STRAIGHT/GRADE,ASPHALT,DISREGARD SIGNAL/REG SIGN,REAR TO REAR,NCOLLEGEAVEW7THST,TRAFFIC CONTROL SIGNAL,2021-07-06 12:51:00,,,
1737,BLOOMINGTON PD,BLOOMINGTON,2,0.0,0.0,0,0,,,,S ROGERS ST,W GRAHAM DR,,,,39.13992,-86.538416,LOCAL/CITY RD,N,URBAN,Y,N,N,,DAYLIGHT,CLEAR,DRY,,NO JUNCTION INVOLVED,STRAIGHT/LEVEL,ASPHALT,FAILURE TO YIELD RIGHT OF WAY,SAME DIRECTION SIDESWIPE,SROGERSSTWGRAHAMDR,NONE,2021-07-06 13:45:00,,,
1738,BLOOMINGTON PD,BLOOMINGTON,2,0.0,1.0,0,0,,,,S ROGERS ST,W GRAHAM DR,,,,39.13992,-86.538416,LOCAL/CITY RD,N,URBAN,Y,N,N,,DAYLIGHT,CLEAR,DRY,,FOUR-WAY INTERSECTION,STRAIGHT/LEVEL,ASPHALT,FAILURE TO YIELD RIGHT OF WAY,SAME DIRECTION SIDESWIPE,SROGERSDRWGRAHAMDR,STOP SIGN,2021-07-06 14:20:00,,,
1739,BLOOMINGTON PD,BLOOMINGTON,2,0.0,0.0,0,0,941,,,S BASSWOOD CIR,,,,,39.1516858,-86.5704062,LOCAL/CITY RD,N,URBAN,N,N,N,,DAYLIGHT,CLEAR,DRY,,NO JUNCTION INVOLVED,STRAIGHT/LEVEL,ASPHALT,UNSAFE BACKING,BACKING CRASH,SBASSWOODCIR,NONE,2021-07-06 15:32:00,,,
1740,BLOOMINGTON PD,BLOOMINGTON,2,0.0,0.0,0,0,,,,ST RD 46,S PETE LLIS DR,,,,39.16424,-86.495088,LOCAL/CITY RD,N,URBAN,N,N,N,,DAYLIGHT,CLEAR,DRY,,NO JUNCTION INVOLVED,STRAIGHT/LEVEL,ASPHALT,FOLLOWING TOO CLOSELY,REAR END,E 3RDSTPETEELLISDR,LN CONTROL,2021-07-06 16:44:00,,,
1741,INDIANA UNIV BLOOMINGTON PD,BLOOMINGTON,2,0.0,0.0,0,0,,,,ST RD 46,ST RD 45,,,,0.0,0.0,ST RD,N,URBAN,N,N,N,,DAWN/DUSK,RAIN,WATER (STANDING OR MOVING),,FOUR-WAY INTERSECTION,STRAIGHT/LEVEL,ASPHALT,SPEED TOO FAST FOR WEATHER CONDITIONS,REAR END,ST RD 45ST RD 46,LN CONTROL,2021-07-06 17:59:00,,,
1742,MONROE SD,BLOOMINGTON,1,0.0,0.0,0,1,,,,ST RD 37,,,2000.0,N,39.07653458,-86.53611405,ST RD,N,RURAL,N,N,N,,DAYLIGHT,CLEAR,DRY,,FOUR-WAY INTERSECTION,STRAIGHT/LEVEL,ASPHALT,ANIMAL/OBJECT IN RDWAY,COLLISION WITH DEER,ESMITHVILLERDS ST RD 37,NONE,2021-07-06 19:51:00,,,
1743,BLOOMINGTON PD,BLOOMINGTON,2,0.0,0.0,0,0,,,,W 3RD ST,S LANDMARK AVE,,,,39.164416,-86.556302,LOCAL/CITY RD,N,URBAN,N,N,N,,DAYLIGHT,CLEAR,DRY,,FOUR-WAY INTERSECTION,STRAIGHT/GRADE,ASPHALT,FOLLOWING TOO CLOSELY,REAR END,3RDSTLANDMARKAVE,TRAFFIC CONTROL SIGNAL,2021-07-05 09:24:00,,,
1744,ISP BLOOMINGTON 33,BLOOMINGTON,2,,0.0,0,0,,,,ST RD 37,S ST RD 37,,0.0,,39.08533417,-86.54288954,ST RD,,RURAL,N,N,N,,DAYLIGHT,CLEAR,DRY,,FOUR-WAY INTERSECTION,,ASPHALT,FOLLOWING TOO CLOSELY,REAR END,S ST RD 37OldStateRoad37,,2021-07-05 11:46:00,,,
1745,BLOOMINGTON PD,BLOOMINGTON,2,0.0,0.0,0,0,,,,S LEONARD SPRINGS RD,W FAIRINGTON DR,,400.0,N,39.17725279,-86.582605,LOCAL/CITY RD,N,URBAN,N,N,N,,DAYLIGHT,CLEAR,DRY,,NO JUNCTION INVOLVED,STRAIGHT/GRADE,ASPHALT,FOLLOWING TOO CLOSELY,REAR END,SLEONARDSPRINGSDRWBARGELN,NONE,2021-07-05 17:40:00,,,
1746,BLOOMINGTON PD,BLOOMINGTON,1,0.0,0.0,0,0,3939,,,ST RD 48,S CURRY PK,,,,39.164832,-86.582048,LOCAL/CITY RD,N,URBAN,N,N,N,,DARK (LIGHTED),CLEAR,DRY,,T-INTERSECTION,STRAIGHT/LEVEL,ASPHALT,UNSAFE SPEED,RAN OFF RD,W 3RDST,NONE,2021-07-04 02:27:00,,,
1747,DNR LAW ENFORCEMENT,BLOOMINGTON,2,,1.0,0,0,,,,ST RD 446,PAYNETOWN RD,,0.0,,39.09139239,-86.42295725,ST RD,,RURAL,N,N,N,,DAYLIGHT,CLEAR,DRY,,T-INTERSECTION,,ASPHALT,FAILURE TO YIELD RIGHT OF WAY,LEFT TURN,StateRd446PaynetownRd,,2021-07-04 11:08:00,,,
1748,MONROE SD,BLOOMINGTON,1,0.0,0.0,0,0,,,,S GARRISON CHAPEL RD,ST RD 45,,100.0,S,39.111024,-86.638304,COUNTY RD,N,RURAL,N,N,N,,DARK (NOT LIGHTED),CLEAR,DRY,,NO JUNCTION INVOLVED,STRAIGHT/LEVEL,ASPHALT,RAN OFF RD RIGHT,RAN OFF RD,SGARRISONCHAPELRDST RD 45 W,NONE,2021-07-04 22:21:00,,,
1749,ISP BLOOMINGTON 33,BLOOMINGTON,2,,0.0,0,0,,Y,NB,I-69 N,W 3RD ST,,739.0,,39.16734863,-86.57262988,INTERSTATE,,URBAN,N,N,N,,DAYLIGHT,CLEAR,DRY,,RAMP,,ASPHALT,FAILURE TO YIELD RIGHT OF WAY,SAME DIRECTION SIDESWIPE,I-69117.5,,2021-07-03 10:15:00,,,
1750,INDIANA UNIV BLOOMINGTON PD,BLOOMINGTON,1,0.0,0.0,0,0,XXX,,,ST RD 45/46,ENTRANCE TO IU  11,,,,0.0,0.0,UNKNOWN,N,URBAN,N,N,N,,DAYLIGHT,CLEAR,DRY,,T-INTERSECTION,STRAIGHT/LEVEL,ASPHALT,OTHER (DRIVER) - EXPLAIN IN NARRATIVE,OTHER - EXPLAIN IN NARRATIVE,4546BYP,NONE,2021-07-03 12:06:00,,,
1751,DNR LAW ENFORCEMENT,BLOOMINGTON,1,,0.0,0,1,,,,ST RD 446,,,1003.0,S,39.08287239,-86.42022887,ST RD,,RURAL,N,Y,N,,DAYLIGHT,CLEAR,DRY,,NO JUNCTION INVOLVED,,ASPHALT,ANIMAL/OBJECT IN RDWAY,COLLISION WITH DEER,StateRd446RushRidgeRd,,2021-07-03 12:09:00,,,
1752,DNR LAW ENFORCEMENT,BLOOMINGTON,2,,0.0,0,0,,,,S LAST HORSE LN,E TOWER RIDGE RD,,0.0,,39.01485106,-86.40056107,COUNTY RD,,RURAL,N,N,N,,DAYLIGHT,CLEAR,LOOSE MATERIAL ON RD,,T-INTERSECTION,,GRAVEL,OTHER (DRIVER) - EXPLAIN IN NARRATIVE,OTHER - EXPLAIN IN NARRATIVE,TowerRidgeRdLastHorseLn,,2021-07-03 12:29:00,,,
1753,BLOOMINGTON PD,BLOOMINGTON,2,0.0,0.0,0,0,901,,,N LINDBERGH DR,,,,,39.174792,-86.552848,LOCAL/CITY RD,Y,URBAN,N,N,N,,DAYLIGHT,CLEAR,DRY,,NO JUNCTION INVOLVED,NON-RDWAY CRASH,GRAVEL,OTHER (DRIVER) - EXPLAIN IN NARRATIVE,OTHER - EXPLAIN IN NARRATIVE,NLINDBERGHDR,NONE,2021-07-03 17:26:00,,,
1754,MONROE SD,BLOOMINGTON,2,0.0,0.0,0,0,,,,I-69 S,ST RD 37,,,,0.0,0.0,INTERSTATE,Y,RURAL,N,Y,N,,DAYLIGHT,CLEAR,DRY,,INTERCHANGE,STRAIGHT/LEVEL,ASPHALT,UNSAFE LN MOVEMENT,SAME DIRECTION SIDESWIPE,I-69S114.0,NONE,2021-07-03 17:58:00,,,
1755,MONROE SD,STINESVILLE,1,0.0,1.0,0,0,,,,N WALKER LN,W ELM ST,,203.0,E,0.0,0.0,LOCAL/CITY RD,N,RURAL,N,N,N,,DAYLIGHT,CLOUDY,DRY,,NO JUNCTION INVOLVED,CURVE/GRADE,ASPHALT,RAN OFF RD RIGHT,RAN OFF RD,NORTHEASTSTNORTHWALKERLN,NONE,2021-07-03 18:50:00,,,
1756,BLOOMINGTON PD,BLOOMINGTON,2,0.0,0.0,0,0,,,,E SMITH AVE,S DUNN ST,,50.0,E,,,LOCAL/CITY RD,Y,URBAN,N,N,N,,UNKNOWN,CLEAR,DRY,,NO JUNCTION INVOLVED,STRAIGHT/LEVEL,ASPHALT,UNSAFE LN MOVEMENT,SAME DIRECTION SIDESWIPE,ESMITHAVESDUNNST,NONE,2021-07-03 21:10:00,,,
1757,MONROE SD,BLOOMINGTON,2,0.0,0.0,0,0,,,,S SNODDY RD,E BLUEBIRD LN,,,,39.131603,-86.489606,COUNTY RD,N,RURAL,N,N,N,,DAYLIGHT,CLEAR,DRY,,T-INTERSECTION,STRAIGHT/HILLCREST,ASPHALT,FAILURE TO YIELD RIGHT OF WAY,LEFT TURN,EASTBLUEBIRDLNSOUTHSNODDYRD,NONE,2021-07-02 06:35:00,,,
1758,BLOOMINGTON PD,BLOOMINGTON,2,0.0,1.0,0,0,,,,S SMITH RD,E BRIGHTON CREST,,,,39.157551,-86.480642,LOCAL/CITY RD,N,URBAN,N,N,N,,DAYLIGHT,CLEAR,DRY,,FOUR-WAY INTERSECTION,STRAIGHT/LEVEL,ASPHALT,FOLLOWING TOO CLOSELY,REAR END,BRIGHTONCRESSSMITHRDRD,LN CONTROL,2021-07-02 08:55:00,,,
1759,MONROE SD,BLOOMINGTON,1,0.0,1.0,0,0,,,,S WICKENS ST,W RANGEVIEW CIR,,,,0.0,0.0,LOCAL/CITY RD,N,URBAN,N,N,N,,DAYLIGHT,CLOUDY,DRY,,NO JUNCTION INVOLVED,STRAIGHT/GRADE,ASPHALT,OBSTRUCTION NOT MARKED,COLLISION WITH OBJECT IN RD,SOUTHWICKENSSTWESTRANGEVIEWCIR,NONE,2021-07-02 09:05:00,,,
1760,ISP BLOOMINGTON 33,ELLETTSVILLE,2,,1.0,0,0,,,,ST RD 46,N SMITH PK,,0.0,,39.2104499,-86.58345626,ST RD,,RURAL,N,N,N,,DAYLIGHT,CLOUDY,DRY,,FOUR-WAY INTERSECTION,,ASPHALT,UNSAFE SPEED,REAR END,StateRd46NSmithPike,,2021-07-02 09:37:00,,,
1761,BLOOMINGTON PD,BLOOMINGTON,2,0.0,0.0,0,0,,,,ST RD 45,S LEONARD SPRINGS RD,,,,39.122404,-86.614233,LOCAL/CITY RD,N,URBAN,N,N,N,,DAYLIGHT,CLEAR,DRY,,FOUR-WAY INTERSECTION,STRAIGHT/LEVEL,ASPHALT,DISREGARD SIGNAL/REG SIGN,REAR END,LEONARDSPRINGSRDSTATERD45RD,TRAFFIC CONTROL SIGNAL,2021-07-02 12:55:00,,,
1762,BLOOMINGTON PD,BLOOMINGTON,2,0.0,0.0,0,0,,,,ST RD 45/46,N WALNUT ST,,100.0,E,39.18636592,-86.53404709,ST RD,N,URBAN,N,N,N,,DAYLIGHT,CLEAR,DRY,,NO JUNCTION INVOLVED,STRAIGHT/LEVEL,ASPHALT,FOLLOWING TOO CLOSELY,REAR END,NWALNUTSTST RD 45E,LN CONTROL,2021-07-02 13:06:00,,,
1763,BLOOMINGTON PD,BLOOMINGTON,2,1.0,0.0,0,0,,,,S COLLEGE AVE,W 3RD ST,,,,39.164609,-86.534898,LOCAL/CITY RD,N,URBAN,N,N,N,,DAYLIGHT,CLEAR,DRY,,FOUR-WAY INTERSECTION,STRAIGHT/LEVEL,ASPHALT,IMPROPER LN USAGE,RIGHT ANGLE,SCOLLEGEAVEW 3RDST,TRAFFIC CONTROL SIGNAL,2021-07-02 14:46:00,,,
1764,MONROE SD,BLOOMINGTON,2,0.0,0.0,0,0,,,,ST RD 45,W HINDS RD (NE),,,,39.099152,-86.652,ST RD,N,RURAL,N,Y,N,,DAYLIGHT,CLEAR,DRY,,T-INTERSECTION,CURVE/GRADE,ASPHALT,FOLLOWING TOO CLOSELY,REAR END,ST RD 45 WWHINDSRD,NONE,2021-07-02 17:40:00,,,
1765,MONROE SD,BLOOMINGTON,1,0.0,0.0,0,0,,,,ST RD 45,S LIBERTY DR,,200.0,E,0.0,0.0,LOCAL/CITY RD,Y,URBAN,N,N,N,,DAYLIGHT,CLEAR,DRY,,FOUR-WAY INTERSECTION,STRAIGHT/LEVEL,ASPHALT,DRIVER DISTRACTED - EXPLAIN IN NARRATIVE,OTHER - EXPLAIN IN NARRATIVE,LIBERTYDRWBLOOMFIELDRD,LN CONTROL,2021-07-02 18:47:00,,,
1766,BLOOMINGTON PD,BLOOMINGTON,2,0.0,1.0,0,0,,,,W 11TH ST,N FAIRVIEW ST,,,,39.173152,-86.5408,LOCAL/CITY RD,N,URBAN,N,N,N,,DAWN/DUSK,CLEAR,DRY,,NO JUNCTION INVOLVED,CURVE/GRADE,ASPHALT,UNSAFE SPEED,HEAD ON BETWEEN TWO MOTOR VEHICLES,NFAIRVIEWSTW11THST,NONE,2021-07-02 20:39:00,,,
1767,MONROE SD,BLOOMINGTON,1,0.0,1.0,0,0,4630,,,ST RD 446,,,2500.0,W,39.09876447,-86.42466057,ST RD,N,RURAL,N,N,N,,DARK (NOT LIGHTED),CLEAR,DRY,,NO JUNCTION INVOLVED,CURVE/GRADE,ASPHALT,SPEED TOO FAST FOR WEATHER CONDITIONS,RAN OFF RD,EASTMERRITTLNST RD 446S,NONE,2021-07-01 05:45:00,,,
1768,BLOOMINGTON PD,BLOOMINGTON,2,0.0,0.0,0,0,321,,,S GRANT ST,ALLEY,,75.0,S,39.16464,-86.529728,LOCAL/CITY RD,N,URBAN,N,N,N,,DAYLIGHT,RAIN,WET,,NO JUNCTION INVOLVED,STRAIGHT/LEVEL,ASPHALT,IMPROPER PASSING,SAME DIRECTION SIDESWIPE,300SGRANTSTE 3RDST,NONE,2021-07-01 08:09:00,,,
1769,BLOOMINGTON PD,BLOOMINGTON,2,0.0,1.0,0,0,,,,S PATTERSON DR,W ALLEN ST,,,,39.155641,-86.543337,LOCAL/CITY RD,N,URBAN,N,N,N,,DAYLIGHT,RAIN,WET,,FOUR-WAY INTERSECTION,CURVE/GRADE,ASPHALT,FOLLOWING TOO CLOSELY,REAR END,ALLENSTPATTERSONDR,TRAFFIC CONTROL SIGNAL,2021-07-01 08:45:00,,,
1770,ISP BLOOMINGTON 33,ELLETTSVILLE,2,,0.0,0,0,,,,ST RD 46,N MATTHEWS DR (N),,0.0,,39.23597457,-86.6249798,ST RD,,URBAN,N,N,N,,DAYLIGHT,RAIN,WET,,FOUR-WAY INTERSECTION,,ASPHALT,UNSAFE SPEED,REAR END,StateRoad46NMathewsDr,,2021-07-01 10:40:00,,,
1771,MONROE SD,BLOOMINGTON,2,1.0,0.0,0,0,,,,ST RD 45,S LIBERTY DR,,,,39.145152,-86.5776,ST RD,N,URBAN,N,N,N,,DAYLIGHT,CLOUDY,DRY,,FIVE POINT OR MORE,STRAIGHT/LEVEL,ASPHALT,OTHER (DRIVER) - EXPLAIN IN NARRATIVE,BACKING CRASH,SOUTHLIBERTYDRST RD 45 W,TRAFFIC CONTROL SIGNAL,2021-07-01 14:05:00,,,
1772,BLOOMINGTON PD,BLOOMINGTON,2,0.0,1.0,0,0,,,,ST RD 45,S CURRY PK,,,,39.1420168,-86.5825852,LOCAL/CITY RD,N,URBAN,N,N,N,,DAYLIGHT,CLEAR,DRY,,FOUR-WAY INTERSECTION,STRAIGHT/GRADE,CONCRETE,DISREGARD SIGNAL/REG SIGN,OPPOSITE DIRECTION SIDESWIPE,SCURRYPKWST RD 45RD,NONE,2021-07-01 14:13:00,,,
1773,BLOOMINGTON PD,BLOOMINGTON,3,0.0,0.0,0,0,,,,W 3RD ST,S CORY LN,,,,39.164544,-86.560096,LOCAL/CITY RD,N,URBAN,N,N,N,,DAYLIGHT,CLEAR,DRY,,FOUR-WAY INTERSECTION,STRAIGHT/LEVEL,ASPHALT,FOLLOWING TOO CLOSELY,REAR END,SCORYLNW 3RDST,TRAFFIC CONTROL SIGNAL,2021-07-01 14:16:00,,,
1774,MONROE SD,BLOOMINGTON,1,0.0,0.0,0,0,,,,ST RD 37,W DILLMAN RD,,,,39.092976,-86.545648,ST RD,N,URBAN,N,Y,Y,LN CLOSURE,DAYLIGHT,CLEAR,DRY,,FOUR-WAY INTERSECTION,STRAIGHT/GRADE,ASPHALT,RAN OFF RD RIGHT,RAN OFF RD,DILLMANRDS ST RD 37,LN CONTROL,2021-07-01 14:39:00,,,
1775,BLOOMINGTON PD,BLOOMINGTON,2,0.0,2.0,0,0,,,,S WALNUT ST,E MILLER DR,,,,39.146944,-86.532544,LOCAL/CITY RD,N,URBAN,N,N,N,,DAYLIGHT,CLEAR,DRY,,T-INTERSECTION,STRAIGHT/GRADE,ASPHALT,FAILURE TO YIELD RIGHT OF WAY,RIGHT ANGLE,EASTMILLERDRSOUTHWALNUTST,TRAFFIC CONTROL SIGNAL,2021-07-01 15:30:00,,,
1776,MONROE SD,BLOOMINGTON,2,0.0,0.0,0,0,,,,E ROBINSON RD,,,658.0,N,39.31035592,-86.443184,LOCAL/CITY RD,N,RURAL,N,N,N,,DAYLIGHT,CLOUDY,DRY,,NO JUNCTION INVOLVED,CURVE/GRADE,ASPHALT,LEFT OF CENTER,OPPOSITE DIRECTION SIDESWIPE,ENEHRTRDEROBINSONRD,NONE,2021-07-01 17:34:00,,,
1777,BLOOMINGTON PD,BLOOMINGTON,2,0.0,1.0,0,0,,,,N GATES DR,W JACOB DR,,,,39.165635,-86.575984,LOCAL/CITY RD,N,URBAN,N,N,N,,DAYLIGHT,CLEAR,DRY,,T-INTERSECTION,STRAIGHT/LEVEL,ASPHALT,FAILURE TO YIELD RIGHT OF WAY,LEFT TURN,NGATESDRWJACOBDR,STOP SIGN,2021-07-01 17:34:00,,,
1778,BLOOMINGTON PD,BLOOMINGTON,2,0.0,1.0,0,0,,,,S LEONARD SPRINGS RD,W MAYBURY MALL,,,,0.0,0.0,LOCAL/CITY RD,N,URBAN,N,N,N,,DAWN/DUSK,CLEAR,DRY,,T-INTERSECTION,STRAIGHT/GRADE,ASPHALT,IMPROPER LN USAGE,OPPOSITE DIRECTION SIDESWIPE,SLEONARDSPRINGSRDWMAYBURYMALL,NONE,2021-07-01 20:52:00,,,
1779,MONROE SD,BLOOMINGTON,1,0.0,0.0,0,0,4170,,,W ST RD 37,,,200.0,N,39.208048,-86.528704,COUNTY RD,N,RURAL,N,N,N,,DAYLIGHT,RAIN,WET,,NO JUNCTION INVOLVED,CURVE/GRADE,ASPHALT,SPEED TOO FAST FOR WEATHER CONDITIONS,RAN OFF RD,NDUNNSTNOLDSTATE37RD,LN CONTROL,2021-06-30 08:40:00,,,