_id,Agency,City,Vehicles Involved,Trailers Involved,Number Injured,Number Dead,Number Deer,House Number,Roadway Interchange,Roadway Ramp,Roadway Id,Intersecting Road,Interchange,Feet From,Direction,Latitude,Longitude,Roadway Class,Hit and Run?,Locality,School Zone?,Rumble Strips?,Construction?,Construction Type,Light Condition,Weather Conditions,Surface Condition,Type of Median,Roadway Junction Type,Road Character,Roadway Surface,Primary Factor,Manner of Collision,Unique Location Id,Traffic Control,DateTime,Address Number,Cyclist Involved,Pedestrian Involved
1780,ISP BLOOMINGTON 33,BLOOMINGTON,1,,0.0,0,0,,,,I-69 S,,,0.0,,39.25829421,-86.52491334,INTERSTATE,,RURAL,N,N,N,,DAYLIGHT,RAIN,WET,,NO JUNCTION INVOLVED,,ASPHALT,SPEED TOO FAST FOR WEATHER CONDITIONS,,I-69129.5,,2021-06-30 08:48:00,,,
1781,ISP BLOOMINGTON 33,BLOOMINGTON,1,,1.0,0,0,,,,I-69 S,,,0.0,,39.33002868,-86.51516623,INTERSTATE,,RURAL,N,N,N,,DAYLIGHT,RAIN,WET,,NO JUNCTION INVOLVED,,ASPHALT,SPEED TOO FAST FOR WEATHER CONDITIONS,RAN OFF RD,I-69130.5,,2021-06-30 10:30:00,,,
1782,BLOOMINGTON PD,BLOOMINGTON,2,0.0,0.0,0,0,,,,W 2ND ST,S PATTERSON DR,,,,39.160737,-86.548536,LOCAL/CITY RD,N,URBAN,N,N,N,,DAYLIGHT,CLOUDY,WET,,FOUR-WAY INTERSECTION,STRAIGHT/LEVEL,ASPHALT,FOLLOWING TOO CLOSELY,REAR END,SPATTERSONDRW 2NDST,TRAFFIC CONTROL SIGNAL,2021-06-30 10:52:00,,,
1783,BLOOMINGTON PD,BLOOMINGTON,2,0.0,0.0,0,0,,,,E 10TH ST,N GRANT ST,,,,39.171696,-86.529696,LOCAL/CITY RD,N,URBAN,N,N,N,,DAYLIGHT,RAIN,WET,,FOUR-WAY INTERSECTION,STRAIGHT/LEVEL,ASPHALT,DISREGARD SIGNAL/REG SIGN,RIGHT ANGLE,E 10THSTGRANTST,STOP SIGN,2021-06-30 12:08:00,,,
1784,BLOOMINGTON PD,BLOOMINGTON,2,0.0,0.0,0,0,221,,,W 2ND ST,ENTRANCE TO KROGER (E),,200.0,W,39.16501186,-86.5348251,LOCAL/CITY RD,N,URBAN,N,N,N,,DAYLIGHT,CLOUDY,WET,,NO JUNCTION INVOLVED,STRAIGHT/LEVEL,ASPHALT,FAILURE TO YIELD RIGHT OF WAY,LEFT TURN,221W 2NDSTSCOLLEGEAVE,LN CONTROL,2021-06-30 12:23:00,,,
1785,BLOOMINGTON PD,BLOOMINGTON,2,0.0,0.0,0,0,,,,N WALNUT ST,ENTRANCE TO SPEEDWAY GAS STATION,,850.0,N,39.191248,-86.532896,LOCAL/CITY RD,N,URBAN,N,N,N,,DAYLIGHT,CLOUDY,WET,,T-INTERSECTION,CURVE/LEVEL,ASPHALT,FOLLOWING TOO CLOSELY,REAR END,NORTHFRITZDRNORTHWALNUTST,LN CONTROL,2021-06-30 13:16:00,,,
1786,ELLETTSVILLE PD,ELLETTSVILLE,2,1.0,0.0,0,0,,,,ST RD 46,N LAKEVIEW DR,,,,39.221152,-86.6056,ST RD,Y,URBAN,N,N,N,,DAYLIGHT,CLOUDY,DRY,,NO JUNCTION INVOLVED,STRAIGHT/LEVEL,ASPHALT,FAILURE TO YIELD RIGHT OF WAY,REAR END,LAKEVIEWDRST RD 46 W,LN CONTROL,2021-06-30 13:50:00,,,
1787,BLOOMINGTON PD,BLOOMINGTON,2,0.0,0.0,0,0,200,,,S COLLEGE AVE,W 3RD ST,,,,39.16464,-86.534816,LOCAL/CITY RD,N,URBAN,N,N,N,,DAYLIGHT,CLOUDY,DRY,,NO JUNCTION INVOLVED,STRAIGHT/LEVEL,ASPHALT,FOLLOWING TOO CLOSELY,REAR END,200SCOLLEGEAVEW 3RDST,TRAFFIC CONTROL SIGNAL,2021-06-30 14:14:00,,,
1788,BLOOMINGTON PD,BLOOMINGTON,2,0.0,0.0,0,0,,,,E RHORER RD,S WALNUT ST,,,,39.12144,-86.526496,LOCAL/CITY RD,N,URBAN,N,N,N,,DAYLIGHT,CLEAR,DRY,,FOUR-WAY INTERSECTION,STRAIGHT/LEVEL,ASPHALT,FOLLOWING TOO CLOSELY,REAR END,ERHORERRDSWALNUTRD,TRAFFIC CONTROL SIGNAL,2021-06-30 14:43:00,,,
1789,ELLETTSVILLE PD,ELLETTSVILLE,1,0.0,0.0,0,0,,,,ST RD 46,S 1ST,,,,39.231367,-86.621314,ST RD,N,URBAN,N,N,N,,DAYLIGHT,CLEAR,DRY,,NO JUNCTION INVOLVED,STRAIGHT/LEVEL,ASPHALT,UNSAFE LN MOVEMENT,OTHER - EXPLAIN IN NARRATIVE,SOUTHFIRSTSTST RD 46 W,LN CONTROL,2021-06-30 17:19:00,,,
1790,ISP BLOOMINGTON 33,BLOOMINGTON,2,,0.0,0,0,,,,ST RD 37,S VICTOR PK,,0.0,,39.10623706,-86.55206611,ST RD,,RURAL,N,N,N,,DAYLIGHT,CLEAR,DRY,,NO JUNCTION INVOLVED,,ASPHALT,,RAN OFF RD,StateRd37NButcherRd,,2021-06-30 17:50:00,,,
1791,ISP BLOOMINGTON 33,BLOOMINGTON,2,,0.0,0,0,,,,ST RD 37,S VICTOR PK,,0.0,,39.10558067,-86.55106799,ST RD,,URBAN,N,N,N,,DAYLIGHT,CLOUDY,WET,,FOUR-WAY INTERSECTION,,ASPHALT,DRIVER DISTRACTED - EXPLAIN IN NARRATIVE,REAR END,NButcherRdNButcherRd,,2021-06-30 18:22:00,,,
1792,INDIANA UNIV BLOOMINGTON PD,BLOOMINGTON,2,0.0,0.0,0,0,,,,ST RD 45/46,E DISCOVERY PKWY,,,,39.227137,-86.61521799,ST RD,N,URBAN,N,N,N,,DAYLIGHT,CLEAR,DRY,,T-INTERSECTION,STRAIGHT/LEVEL,ASPHALT,RAN OFF RD RIGHT,RAN OFF RD,DISCOVERYPKWYST RD 46E,TRAFFIC CONTROL SIGNAL,2021-06-29 09:43:00,,,
1793,BLOOMINGTON PD,BLOOMINGTON,2,0.0,0.0,0,0,,,,E 3RD ST,S BRYAN AVE,,,,39.16432,-86.50824,LOCAL/CITY RD,N,URBAN,N,N,N,,DAYLIGHT,CLEAR,DRY,,T-INTERSECTION,STRAIGHT/LEVEL,ASPHALT,IMPROPER LN USAGE,SAME DIRECTION SIDESWIPE,E 3RDSTSBRYANAVE,TRAFFIC CONTROL SIGNAL,2021-06-29 10:07:00,,,
1794,BLOOMINGTON PD,BLOOMINGTON,1,0.0,0.0,0,0,,,,S HIGH ST,E WEXLEY RD,,,,39.137168,-86.508112,LOCAL/CITY RD,N,URBAN,N,N,N,,DAYLIGHT,CLEAR,DRY,,T-INTERSECTION,STRAIGHT/GRADE,ASPHALT,OTHER (DRIVER) - EXPLAIN IN NARRATIVE,OTHER - EXPLAIN IN NARRATIVE,EASTWEXLEYRDSOUTHHIGHST,STOP SIGN,2021-06-29 14:54:00,,,
1795,INDIANA UNIV BLOOMINGTON PD,BLOOMINGTON,2,0.0,0.0,0,0,,,,ST RD 45/46,E DISCOVERY PKWY,,300.0,N,39.25891098,-86.61521799,ST RD,N,URBAN,N,N,N,,DAYLIGHT,CLEAR,DRY,,FOUR-WAY INTERSECTION,STRAIGHT/LEVEL,ASPHALT,DRIVER DISTRACTED - EXPLAIN IN NARRATIVE,REAR END,DISCOVERYPKWYST RD 46E,OTHER REGULATORY SIGN/MARKING,2021-06-29 16:10:00,,,
1796,ISP BLOOMINGTON 33,BLOOMINGTON,1,,0.0,0,0,,,,ST RD 46,N LOWER BIRDIE GALYAN RD,,0.0,,39.16268745,-86.41342275,ST RD,,RURAL,N,Y,N,,DAYLIGHT,CLEAR,DRY,,T-INTERSECTION,,CONCRETE,UNSAFE SPEED,,StateRd46NUpperBirdieGalyanRd,,2021-06-29 16:20:00,,,
1797,INDIANA UNIV BLOOMINGTON PD,BLOOMINGTON,3,0.0,0.0,0,0,,,,ST RD 45/46,ST RD 45,,,,0.0,0.0,ST RD,Y,URBAN,,,N,,DAYLIGHT,CLEAR,DRY,,FOUR-WAY INTERSECTION,STRAIGHT/LEVEL,ASPHALT,UNSAFE SPEED,REAR END,ST RD 46UNIONVILLERD,TRAFFIC CONTROL SIGNAL,2021-06-29 17:21:00,,,
1798,ISP BLOOMINGTON 33,BLOOMINGTON,1,,0.0,0,0,,,,ST RD 45/46,I-69,,0.0,,39.1871097,-86.55763096,ST RD,,URBAN,N,N,N,,DAYLIGHT,CLEAR,DRY,,T-INTERSECTION,,CONCRETE,IMPROPER TURNING,RIGHT TURN,StateRd46I-69,,2021-06-28 10:30:00,,,
1799,BLOOMINGTON PD,BLOOMINGTON,2,0.0,0.0,0,0,,,,W 4TH ST,S MADISON ST,,,,39.16568,-86.537296,LOCAL/CITY RD,N,URBAN,N,N,N,,DAWN/DUSK,CLOUDY,DRY,,FOUR-WAY INTERSECTION,STRAIGHT/LEVEL,ASPHALT,FAILURE TO YIELD RIGHT OF WAY,RIGHT ANGLE,SMADISONSTW4THST,STOP SIGN,2021-06-28 12:32:00,,,
1800,BLOOMINGTON PD,BLOOMINGTON,2,0.0,0.0,0,0,,,,S WALNUT ST,W 1ST,,,,39.176848,-86.533424,LOCAL/CITY RD,Y,URBAN,N,N,N,,DAYLIGHT,CLEAR,WET,,FOUR-WAY INTERSECTION,STRAIGHT/LEVEL,ASPHALT,FOLLOWING TOO CLOSELY,REAR END,SOUTHWALNUTSTWEST1STST,TRAFFIC CONTROL SIGNAL,2021-06-28 13:20:00,,,
1801,BLOOMINGTON PD,BLOOMINGTON,2,0.0,0.0,0,0,,,,E HILLSIDE DR,S NANCY ST,,,,39.150544,-86.511088,LOCAL/CITY RD,N,URBAN,N,N,N,,DAYLIGHT,CLEAR,DRY,,FOUR-WAY INTERSECTION,STRAIGHT/GRADE,ASPHALT,FAILURE TO YIELD RIGHT OF WAY,RIGHT ANGLE,EASTHILLSIDEDRSOUTHNANCYST,STOP SIGN,2021-06-28 16:43:00,,,
1802,ELLETTSVILLE PD,ELLETTSVILLE,2,0.0,0.0,0,0,,,,ST RD 46,N LAKEVIEW DR,,150.0,W,39.2214005,-86.60602245,ST RD,N,URBAN,N,N,N,,DAYLIGHT,CLEAR,DRY,,NO JUNCTION INVOLVED,STRAIGHT/GRADE,ASPHALT,UNSAFE BACKING,RIGHT ANGLE,LAKEVIEWDRST RD 46 W,NONE,2021-06-28 20:07:00,,,
1803,BLOOMINGTON PD,BLOOMINGTON,1,0.0,1.0,0,0,,,,W KIRKWOOD AVE,S COLLEGE AVE,,,,39.16664,-86.5348,LOCAL/CITY RD,Y,URBAN,N,N,N,,DARK (LIGHTED),CLEAR,DRY,,FOUR-WAY INTERSECTION,STRAIGHT/LEVEL,ASPHALT,FAILURE TO YIELD RIGHT OF WAY,OTHER - EXPLAIN IN NARRATIVE,SOUTHCOLLEGEAVEWESTKIRKWOODAVE,TRAFFIC CONTROL SIGNAL,2021-06-27 01:27:00,,,True
1804,MONROE SD,BLOOMINGTON,2,0.0,1.0,0,0,,,,S WALNUT ST,W DILLMAN RD,,,,39.092972,-86.544156,LOCAL/CITY RD,N,URBAN,N,N,N,,DAYLIGHT,CLOUDY,DRY,,FOUR-WAY INTERSECTION,CURVE/GRADE,ASPHALT,FAILURE TO YIELD RIGHT OF WAY,RIGHT ANGLE,DILLMANRDSOLDSTATE37RD,TRAFFIC CONTROL SIGNAL,2021-06-27 13:15:00,,,
1805,ISP BLOOMINGTON 33,BLOOMINGTON,1,,0.0,0,0,,,,I-69 S,,,0.0,,39.33033987,-86.51517679,INTERSTATE,,RURAL,N,N,N,,DAYLIGHT,RAIN,WET,,NO JUNCTION INVOLVED,,ASPHALT,SPEED TOO FAST FOR WEATHER CONDITIONS,RAN OFF RD,I-69129.5,,2021-06-27 15:20:00,,,
1806,MONROE SD,BLOOMINGTON,2,0.0,1.0,0,0,,,,I-69 N,,,,,0.0,0.0,INTERSTATE,N,RURAL,N,Y,N,,DAYLIGHT,CLOUDY,DRY,,NO JUNCTION INVOLVED,STRAIGHT/LEVEL,ASPHALT,IMPROPER LN USAGE,REAR END,I-69 N129,NONE,2021-06-27 16:58:00,,,
1807,MONROE SD,BLOOMINGTON,2,0.0,0.0,0,0,,,,ST RD 46,E KINGS RD,,,,39.166592,-86.455123,ST RD,N,RURAL,N,N,N,,DAYLIGHT,RAIN,WET,,T-INTERSECTION,CURVE/GRADE,ASPHALT,FOLLOWING TOO CLOSELY,REAR END,KINGSRDST RD 46E,NONE,2021-06-27 17:15:00,,,
1808,BLOOMINGTON PD,BLOOMINGTON,2,0.0,0.0,0,0,,,,W 6TH ST,N COLLEGE AVE,,,,39.167648,-86.534784,LOCAL/CITY RD,Y,URBAN,N,N,N,,DAYLIGHT,CLEAR,DRY,,FOUR-WAY INTERSECTION,STRAIGHT/LEVEL,ASPHALT,OTHER (VEHICLE) - EXPLAIN IN NARRATIVE,BACKING CRASH,NCOLLEGEAVEW6THST,TRAFFIC CONTROL SIGNAL,2021-06-27 19:21:00,,,
1809,BLOOMINGTON PD,BLOOMINGTON,2,0.0,0.0,0,0,,,,S COLLEGE AVE,W KIRKWOOD AVE,,,,39.16664,-86.5348,LOCAL/CITY RD,N,URBAN,N,N,N,,DAYLIGHT,CLEAR,DRY,,FOUR-WAY INTERSECTION,STRAIGHT/LEVEL,ASPHALT,DRIVER DISTRACTED - EXPLAIN IN NARRATIVE,RIGHT ANGLE,SCOLLEGEAVEWKIRKWOODAVE,TRAFFIC CONTROL SIGNAL,2021-06-27 19:45:00,,,
1810,MONROE SD,BLOOMINGTON,1,0.0,0.0,0,0,,,,I-69 S,,,15.0,S,0.0,0.0,INTERSTATE,N,RURAL,N,N,N,,DAYLIGHT,RAIN,WATER (STANDING OR MOVING),,NO JUNCTION INVOLVED,STRAIGHT/LEVEL,ASPHALT,RDWAY SURFACE CONDITION,RAN OFF RD,I-69S129.0,LN CONTROL,2021-06-27 20:40:00,,,
1811,ELLETTSVILLE PD,ELLETTSVILLE,2,0.0,0.0,0,0,,,,ST RD 46,W RIDGE SPRINGS LN,,,,39.24104,-86.632096,ST RD,N,URBAN,N,N,N,,DAYLIGHT,CLEAR,DRY,,NO JUNCTION INVOLVED,STRAIGHT/HILLCREST,ASPHALT,FAILURE TO YIELD RIGHT OF WAY,SAME DIRECTION SIDESWIPE,RIDGESPRINGSLNST RD 46 W,LN CONTROL,2021-06-26 08:23:00,,,
1812,BLOOMINGTON PD,BLOOMINGTON,2,0.0,0.0,0,0,,,,W 11TH ST,N ROGERS ST,,,,39.173184,-86.538528,LOCAL/CITY RD,N,URBAN,N,N,N,,DAYLIGHT,CLOUDY,DRY,,FOUR-WAY INTERSECTION,STRAIGHT/LEVEL,ASPHALT,OTHER (DRIVER) - EXPLAIN IN NARRATIVE,REAR END,11THSTROGERSST,STOP SIGN,2021-06-26 10:02:00,,,
1813,ELLETTSVILLE PD,ELLETTSVILLE,2,0.0,0.0,0,0,,,,ST RD 46,,,1056.0,W,39.2523475,-86.65403549,ST RD,N,URBAN,N,N,N,,DAYLIGHT,CLEAR,DRY,,NO JUNCTION INVOLVED,CURVE/LEVEL,ASPHALT,FOLLOWING TOO CLOSELY,REAR END,FLATWOODRDST RD 46 W,LN CONTROL,2021-06-26 11:50:00,,,
1814,BLOOMINGTON PD,BLOOMINGTON,1,0.0,0.0,0,0,,,,N COLLEGE AVE,W 11TH ST,,,,39.173232,-86.534752,LOCAL/CITY RD,N,URBAN,N,N,Y,LN CLOSURE,DAWN/DUSK,CLEAR,DRY,,FOUR-WAY INTERSECTION,STRAIGHT/GRADE,ASPHALT,OTHER (DRIVER) - EXPLAIN IN NARRATIVE,COLLISION WITH OBJECT IN RD,11THSTNCOLLEGEAVE,OTHER,2021-06-26 11:50:00,,,
1815,BLOOMINGTON PD,BLOOMINGTON,2,0.0,0.0,0,0,3911,,,W MAYBURY MALL,W MARKET PL,,,,39.1313458,-86.5809278,LOCAL/CITY RD,Y,URBAN,N,N,N,,DAYLIGHT,CLEAR,DRY,,NO JUNCTION INVOLVED,STRAIGHT/LEVEL,CONCRETE,UNSAFE SPEED,BACKING CRASH,WMAYBURYMALL,NONE,2021-06-26 12:25:00,,,
1816,BLOOMINGTON PD,BLOOMINGTON,2,0.0,0.0,0,0,,,,ST RD 45/46,I-69 S,,150.0,E,39.226352,-86.61410149,ST RD,N,URBAN,N,N,N,,DAYLIGHT,CLOUDY,DRY,,T-INTERSECTION,STRAIGHT/GRADE,ASPHALT,FOLLOWING TOO CLOSELY,REAR END,I-69HWYST RD 46 W,LN CONTROL,2021-06-26 12:38:00,,,
1817,BLOOMINGTON PD,BLOOMINGTON,2,0.0,0.0,0,0,,,,W 8TH ST,N HOPEWELL ST,,,,39.16968,-86.552192,LOCAL/CITY RD,Y,URBAN,N,N,N,,DAYLIGHT,CLEAR,DRY,,FOUR-WAY INTERSECTION,STRAIGHT/LEVEL,ASPHALT,LEFT OF CENTER,OPPOSITE DIRECTION SIDESWIPE,NHOPEWELLSTW8THST,NONE,2021-06-26 17:15:00,,,
1818,BLOOMINGTON PD,BLOOMINGTON,1,0.0,0.0,0,0,2610,,,S BANTA AVE,,,,,39.137635,-86.545058,LOCAL/CITY RD,Y,URBAN,N,N,N,,DAWN/DUSK,CLEAR,DRY,,NO JUNCTION INVOLVED,STRAIGHT/LEVEL,ASPHALT,RAN OFF RD RIGHT,RAN OFF RD,SBANTAAVE,NONE,2021-06-26 19:11:00,,,
1819,MONROE SD,BLOOMINGTON,1,0.0,0.0,0,1,,,,E SMITHVILLE RD,,,800.0,E,39.071056,-86.5356,UNKNOWN,N,RURAL,N,N,N,,DARK (NOT LIGHTED),CLEAR,DRY,,NO JUNCTION INVOLVED,CURVE/GRADE,ASPHALT,ANIMAL/OBJECT IN RDWAY,COLLISION WITH DEER,ESMITHVILLERDSOUTHSTATE37RD,NONE,2021-06-26 21:22:00,,,
1820,MONROE SD,BLOOMINGTON,1,0.0,0.0,0,1,,,,I-69 S,,,700.0,S,0.0,0.0,INTERSTATE,N,RURAL,N,Y,N,,DARK (NOT LIGHTED),CLEAR,DRY,,NO JUNCTION INVOLVED,STRAIGHT/GRADE,ASPHALT,ANIMAL/OBJECT IN RDWAY,COLLISION WITH DEER,I-69S111.0,NONE,2021-06-26 21:41:00,,,
1821,MONROE SD,BLOOMINGTON,2,0.0,0.0,0,0,9753,,,S TAILWATER DR,,,,,39.0059957,-86.5162788,UNKNOWN,Y,RURAL,N,N,N,,DARK (NOT LIGHTED),CLEAR,DRY,,NO JUNCTION INVOLVED,CURVE/LEVEL,ASPHALT,RAN OFF RD RIGHT,RAN OFF RD,SOUTHTAILWATERDR,NONE,2021-06-26 22:12:00,,,
1822,MONROE SD,BLOOMINGTON,1,0.0,0.0,0,0,,,,S TAILWATER DR,,,,,39.008658,-86.517698,COUNTY RD,N,RURAL,N,N,N,,DARK (NOT LIGHTED),CLEAR,DRY,,NO JUNCTION INVOLVED,CURVE/LEVEL,ASPHALT,RAN OFF RD RIGHT,RAN OFF RD,EMONROEDAMCTTAILWATERDR,NONE,2021-06-26 22:15:00,,,
1823,MONROE SD,BLOOMINGTON,1,0.0,0.0,0,0,,,,N HARTSTRAIT RD,,,300.0,N,39.24086838,-86.611378,COUNTY RD,N,RURAL,N,N,N,,DARK (NOT LIGHTED),FOG/SMOKE/SMOG,DRY,,NO JUNCTION INVOLVED,STRAIGHT/HILLCREST,ASPHALT,ANIMAL/OBJECT IN RDWAY,COLLISION WITH ANIMAL OTHER,HARTSTRAITRDRATLIFFRD,NONE,2021-06-26 23:09:00,,,
1824,BLOOMINGTON PD,BLOOMINGTON,2,0.0,0.0,0,0,,,,E UNIVERSITY ST,S FESS AVE,,,,39.16032,-86.525856,LOCAL/CITY RD,N,URBAN,N,N,N,,DAYLIGHT,CLOUDY,DRY,,FOUR-WAY INTERSECTION,STRAIGHT/LEVEL,ASPHALT,FAILURE TO YIELD RIGHT OF WAY,RIGHT ANGLE,FESSAVEUNIVERSITYST,STOP SIGN,2021-06-25 12:02:00,,,
1825,MONROE SD,BLOOMINGTON,2,0.0,0.0,0,0,,,,W WOODMERE WAY,W WOODHAVEN DR,,,,39.127664,-86.578736,LOCAL/CITY RD,N,RURAL,N,N,N,,DAYLIGHT,CLOUDY,DRY,,T-INTERSECTION,STRAIGHT/LEVEL,ASPHALT,UNSAFE BACKING,BACKING CRASH,WWOODHAVENDRWWOODMEREWAY,NONE,2021-06-25 12:21:00,,,
1826,ELLETTSVILLE PD,ELLETTSVILLE,2,0.0,0.0,0,0,,,,ST RD 46,BRIAR GATE DR,,,,39.216569,-86.596334,ST RD,N,URBAN,N,N,N,,DAWN/DUSK,CLEAR,DRY,,T-INTERSECTION,STRAIGHT/LEVEL,ASPHALT,FAILURE TO YIELD RIGHT OF WAY,LEFT TURN,BRIARGATEDRST RD 46 W,NONE,2021-06-25 20:53:00,,,
1827,MONROE SD,BLOOMINGTON,1,0.0,0.0,0,1,,,,ST RD 46,,,2000.0,E,39.163636,-86.43812987,ST RD,N,RURAL,N,N,N,,DARK (NOT LIGHTED),CLEAR,DRY,,NO JUNCTION INVOLVED,STRAIGHT/GRADE,ASPHALT,ANIMAL/OBJECT IN RDWAY,COLLISION WITH DEER,NORTHDUBLINDRST RD 46E,NONE,2021-06-24 02:10:00,,,
1828,MONROE SD,BLOOMINGTON,2,0.0,0.0,0,0,,,,W FULLERTON PK,S MONROE MEDICAL PARK BLVD,,,,39.1220233,-86.5734289,LOCAL/CITY RD,N,URBAN,N,N,N,,DAYLIGHT,CLEAR,DRY,,FOUR-WAY INTERSECTION,CURVE/LEVEL,ASPHALT,FAILURE TO YIELD RIGHT OF WAY,RIGHT ANGLE,SMONROEMEDICALPARKBLVDWFULLERTONPK,ROUNDABOUT INTERSECTION,2021-06-24 08:08:00,,,
1829,BLOOMINGTON PD,BLOOMINGTON,2,0.0,1.0,0,0,,,,N WALNUT ST,E 16TH ST,,,,39.17784,-86.533408,LOCAL/CITY RD,N,URBAN,N,N,N,,DAYLIGHT,CLEAR,DRY,,T-INTERSECTION,STRAIGHT/LEVEL,ASPHALT,FOLLOWING TOO CLOSELY,REAR END,E16THSTNWALNUTST,TRAFFIC CONTROL SIGNAL,2021-06-24 11:42:00,,,
1830,BLOOMINGTON PD,BLOOMINGTON,2,0.0,2.0,0,0,,,,ST RD 45,N SMITH RD,,,,39.172752,-86.482288,LOCAL/CITY RD,N,URBAN,N,N,N,,DAYLIGHT,CLOUDY,DRY,,T-INTERSECTION,CURVE/GRADE,ASPHALT,FAILURE TO YIELD RIGHT OF WAY,RIGHT ANGLE,E 10THSTNSMITHRD,STOP SIGN,2021-06-24 11:49:00,,,
1831,MONROE SD,BLOOMINGTON,2,0.0,0.0,0,0,,,,W GORDON PK,S WALNUT ST,,,,39.121463,-86.531363,LOCAL/CITY RD,N,RURAL,N,N,N,,DAYLIGHT,CLEAR,DRY,,FOUR-WAY INTERSECTION,STRAIGHT/GRADE,ASPHALT,DRIVER DISTRACTED - EXPLAIN IN NARRATIVE,REAR END,SWALNUTESTWGORDONPK,TRAFFIC CONTROL SIGNAL,2021-06-24 12:00:00,,,
1832,BLOOMINGTON PD,BLOOMINGTON,2,0.0,0.0,0,0,,,,W COUNTRY CLUB DR,ENTRANCE TO GREASE MONKEY,,,,0.0,0.0,LOCAL/CITY RD,N,URBAN,N,N,N,,DAYLIGHT,CLEAR,DRY,,FOUR-WAY INTERSECTION,STRAIGHT/LEVEL,ASPHALT,FAILURE TO YIELD RIGHT OF WAY,RIGHT ANGLE,PRIVATEDRWCOUNTRYCLUBDR,NONE,2021-06-24 18:45:00,,,
1833,ISP BLOOMINGTON 33,BLOOMINGTON,1,,0.0,0,1,,,,N ST RD 37,E WHISNAND RD,,0.0,,39.22283746,-86.53924286,LOCAL/CITY RD,,RURAL,N,N,N,,DAWN/DUSK,CLEAR,DRY,,NO JUNCTION INVOLVED,,ASPHALT,ANIMAL/OBJECT IN RDWAY,COLLISION WITH DEER,EWhisnandRdBusiness37N,,2021-06-23 06:00:00,,,
1834,ISP BLOOMINGTON 33,BLOOMINGTON,1,,0.0,0,0,,Y,125,E SAMPLE RD,I-69 N,,0.0,,39.26577882,-86.5217914,COUNTY RD,,RURAL,N,N,N,,DAYLIGHT,CLEAR,WET,,TRAFFIC CIRCLE/ROUNDABOUT,,ASPHALT,UNSAFE SPEED,RIGHT TURN,I-69ESampleRd,,2021-06-23 13:15:00,,,
1835,ISP BLOOMINGTON 33,BLOOMINGTON,2,,0.0,0,0,866,,,W SAMPLE RD,,,0.0,,39.27102879,-86.52749581,COUNTY RD,,RURAL,N,N,N,,DAYLIGHT,CLEAR,DRY,,NO JUNCTION INVOLVED,,ASPHALT,LEFT OF CENTER,OPPOSITE DIRECTION SIDESWIPE,WSampleRd530ftnorthofFlemingPlace,,2021-06-23 17:25:00,,,
1836,MONROE SD,BLOOMINGTON,1,0.0,0.0,0,1,,,,I-69 N,,,,,0.0,0.0,INTERSTATE,N,RURAL,N,Y,N,,DARK (NOT LIGHTED),CLEAR,DRY,,NO JUNCTION INVOLVED,STRAIGHT/GRADE,ASPHALT,ANIMAL/OBJECT IN RDWAY,COLLISION WITH DEER,I-69 N112.0,NONE,2021-06-23 22:00:00,,,
1837,BLOOMINGTON PD,BLOOMINGTON,2,0.0,0.0,0,0,1285,,,S COLLEGE MALL RD,,,1000.0,N,39.150448,-86.498,LOCAL/CITY RD,N,URBAN,N,N,N,,DAYLIGHT,CLEAR,DRY,,NO JUNCTION INVOLVED,STRAIGHT/LEVEL,ASPHALT,FOLLOWING TOO CLOSELY,REAR END,1285SCOLLEGEMALLRDEMOORESPK,NONE,2021-06-22 12:53:00,,,
1838,ELLETTSVILLE PD,ELLETTSVILLE,2,0.0,0.0,0,0,,,,ST RD 46,N CONSTABLE DR,,100.0,E,39.23707456,-86.62740615,LOCAL/CITY RD,N,URBAN,N,N,N,,DAYLIGHT,CLEAR,DRY,,NO JUNCTION INVOLVED,STRAIGHT/HILLCREST,ASPHALT,OTHER (DRIVER) - EXPLAIN IN NARRATIVE,SAME DIRECTION SIDESWIPE,CONSTABLEDRMAINST,LN CONTROL,2021-06-22 14:33:00,,,
1839,BLOOMINGTON PD,BLOOMINGTON,1,0.0,1.0,0,0,,,,W 7TH ST,B-LINE TRAIL,,50.0,E,39.168688,-86.537296,LOCAL/CITY RD,N,URBAN,N,N,N,,DAYLIGHT,CLEAR,DRY,,TRAIL CROSSINGS,STRAIGHT/LEVEL,CONCRETE,FAILURE TO YIELD RIGHT OF WAY,RIGHT ANGLE,NORTHMADISONSTWEST7THST,YIELD SIGN,2021-06-22 15:55:00,,,True
1840,MONROE SD,BLOOMINGTON,2,0.0,0.0,0,0,,,,ST RD 46,N CURRY PK,,,,39.19378485,-86.5710361,ST RD,N,RURAL,N,Y,N,,DAYLIGHT,CLEAR,DRY,,NO JUNCTION INVOLVED,STRAIGHT/LEVEL,ASPHALT,DISREGARD SIGNAL/REG SIGN,LEFT TURN,CURRYPKST RD 46 W,TRAFFIC CONTROL SIGNAL,2021-06-22 16:25:00,,,
1841,BLOOMINGTON PD,BLOOMINGTON,2,0.0,0.0,0,0,,,,W PATTERSON DR,S ROGERS ST,,100.0,W,39.153791,-86.53874034,LOCAL/CITY RD,N,URBAN,N,N,N,,DAYLIGHT,CLEAR,DRY,,FOUR-WAY INTERSECTION,STRAIGHT/GRADE,ASPHALT,FOLLOWING TOO CLOSELY,REAR END,SOUTHROGERSSTWESTPATTERSONDR,LN CONTROL,2021-06-22 16:54:00,,,