_id,Agency,City,Vehicles Involved,Trailers Involved,Number Injured,Number Dead,Number Deer,House Number,Roadway Interchange,Roadway Ramp,Roadway Id,Intersecting Road,Interchange,Feet From,Direction,Latitude,Longitude,Roadway Class,Hit and Run?,Locality,School Zone?,Rumble Strips?,Construction?,Construction Type,Light Condition,Weather Conditions,Surface Condition,Type of Median,Roadway Junction Type,Road Character,Roadway Surface,Primary Factor,Manner of Collision,Unique Location Id,Traffic Control,DateTime,Address Number,Cyclist Involved,Pedestrian Involved
1842,BLOOMINGTON PD,BLOOMINGTON,2,0.0,1.0,0,0,,,,ST RD 45/46,N KINSER PK,,200.0,E,39.186544,-86.537888,LOCAL/CITY RD,N,URBAN,N,N,N,,DAYLIGHT,CLEAR,DRY,,FOUR-WAY INTERSECTION,STRAIGHT/GRADE,ASPHALT,FOLLOWING TOO CLOSELY,REAR END,NORTHKINSERPKWESTSTATERD4546BYPASSBYP,LN CONTROL,2021-06-22 17:47:00,,,
1843,MONROE SD,BLOOMINGTON,2,0.0,0.0,0,0,,,,ST RD 46,N CURRY PK,,,,39.193635,-86.571374,ST RD,N,RURAL,N,N,N,,DAYLIGHT,CLEAR,DRY,,FOUR-WAY INTERSECTION,STRAIGHT/LEVEL,ASPHALT,FOLLOWING TOO CLOSELY,REAR END,NCURRYPKST RD 46 W,TRAFFIC CONTROL SIGNAL,2021-06-22 19:50:00,,,
1844,MONROE SD,STINESVILLE,2,1.0,1.0,0,0,,,,ST RD 46,N STINESVILLE RD,,200.0,E,39.266807,-86.66575133,ST RD,N,RURAL,N,N,N,,DAYLIGHT,CLEAR,DRY,,NO JUNCTION INVOLVED,CURVE/LEVEL,ASPHALT,TIRE FAILURE OR DEFECTIVE,COLLISION WITH OBJECT IN RD,NSTINESVILLERDST RD 46 W,LN CONTROL,2021-06-21 09:49:00,,,
1845,INDIANA UNIV BLOOMINGTON PD,BLOOMINGTON,2,0.0,0.0,0,0,,,,E ATWATER AVE,S EAGLESON AVE,,,,39.163051,-86.516389,LOCAL/CITY RD,N,URBAN,N,N,N,,DAYLIGHT,CLEAR,DRY,,FOUR-WAY INTERSECTION,STRAIGHT/GRADE,ASPHALT,DRIVER DISTRACTED - EXPLAIN IN NARRATIVE,REAR END,ATWATERAVEEAGLESON AVEAVE,TRAFFIC CONTROL SIGNAL,2021-06-21 12:32:00,,,
1846,BLOOMINGTON PD,BLOOMINGTON,2,0.0,0.0,0,0,,,,N COLLEGE AVE,W 17TH ST,,,,39.17896,-86.53472,LOCAL/CITY RD,N,URBAN,N,N,N,,DAYLIGHT,CLEAR,DRY,,FOUR-WAY INTERSECTION,STRAIGHT/LEVEL,ASPHALT,DISREGARD SIGNAL/REG SIGN,RIGHT ANGLE,NCOLLEGEAVEW17THST,TRAFFIC CONTROL SIGNAL,2021-06-21 15:10:00,,,
1847,MONROE SD,BLOOMINGTON,1,0.0,0.0,0,0,,,,S LIBERTY DR,,,300.0,N,39.18290747,-86.576869,COUNTY RD,N,RURAL,N,N,N,,DAWN/DUSK,CLEAR,DRY,,T-INTERSECTION,CURVE/LEVEL,ASPHALT,RAN OFF RD RIGHT,RAN OFF RD,SLIBERTYDRWCONSTITUTIONAVE,NONE,2021-06-21 20:46:00,,,
1848,MONROE SD,BLOOMINGTON,1,0.0,0.0,0,1,,,,ST RD 37,,,1200.0,S,38.63333811,-86.498608,ST RD,N,RURAL,N,N,N,,DARK (NOT LIGHTED),CLEAR,DRY,,NO JUNCTION INVOLVED,STRAIGHT/GRADE,ASPHALT,ANIMAL/OBJECT IN RDWAY,COLLISION WITH DEER,S ST RD 37STATERD37RD,NONE,2021-06-21 23:47:00,,,
1849,MONROE SD,BLOOMINGTON,1,0.0,0.0,0,0,,,,S ROCKPORT RD,,,500.0,N,0.0,0.0,,Y,RURAL,N,N,N,,DAYLIGHT,CLEAR,WET,,NO JUNCTION INVOLVED,STRAIGHT/GRADE,ASPHALT,UNSAFE SPEED,RAN OFF RD,SHARMONYRDTARKINGTONRD,NO PASSING ZONE,2021-06-20 07:57:00,,,
1850,MONROE SD,BLOOMINGTON,2,0.0,0.0,0,0,,,,E RHORER RD,S FOX CHASE RUN,,,,39.12146,-86.496599,LOCAL/CITY RD,N,RURAL,N,N,N,,DAYLIGHT,CLEAR,DRY,,NO JUNCTION INVOLVED,STRAIGHT/HILLCREST,ASPHALT,ANIMAL/OBJECT IN RDWAY,REAR END,EASTRHORERRDSOUTHFOXCHASERUN,NONE,2021-06-20 11:45:00,,,
1851,BLOOMINGTON PD,BLOOMINGTON,1,0.0,0.0,0,0,2170,,,S YOST AVE,,,,,39.14642215,-86.5807135,LOCAL/CITY RD,N,URBAN,N,N,N,,DARK (NOT LIGHTED),RAIN,WET,,NO JUNCTION INVOLVED,STRAIGHT/LEVEL,ASPHALT,OTHER (ENVIRONMENTAL) - EXPLAIN IN NARR,NON-COLLISION,SYOSTAVE,NONE,2021-06-19 00:07:00,,,
1852,BLOOMINGTON PD,BLOOMINGTON,2,0.0,0.0,0,0,,,,S WALNUT ST,,,600.0,S,39.06810198,-86.531432,LOCAL/CITY RD,N,URBAN,N,N,N,,DARK (NOT LIGHTED),RAIN,WET,,NO JUNCTION INVOLVED,STRAIGHT/LEVEL,ASPHALT,FAILURE TO YIELD RIGHT OF WAY,SAME DIRECTION SIDESWIPE,SWALNUTSTWPINEWOODDR,LN CONTROL,2021-06-19 00:23:00,,,
1853,BLOOMINGTON PD,BLOOMINGTON,2,0.0,0.0,0,0,,,,ST RD 46,ST RD 46,,,,39.1641839,-86.4982356,LOCAL/CITY RD,N,URBAN,N,N,N,,DAWN/DUSK,RAIN,WET,,FOUR-WAY INTERSECTION,STRAIGHT/GRADE,ASPHALT,FAILURE TO YIELD RIGHT OF WAY,RIGHT ANGLE,3RDSTST RD 46BYP,TRAFFIC CONTROL SIGNAL,2021-06-19 08:07:00,,,
1854,ISP BLOOMINGTON 33,BLOOMINGTON,1,,1.0,0,0,,,,I-69 S,W BLOOMFIELD RD,,0.0,,39.16066887,-86.57328433,INTERSTATE,,RURAL,N,N,N,,DAYLIGHT,CLOUDY,WATER (STANDING OR MOVING),,NO JUNCTION INVOLVED,,ASPHALT,SPEED TOO FAST FOR WEATHER CONDITIONS,RAN OFF RD,I-69,,2021-06-19 12:05:00,,,
1855,BLOOMINGTON PD,BLOOMINGTON,2,0.0,0.0,0,0,,,,E HILLSIDE DR,S PALMER AVE,,,,39.150608,-86.529104,LOCAL/CITY RD,N,URBAN,N,N,N,,DAYLIGHT,CLOUDY,WET,,T-INTERSECTION,STRAIGHT/LEVEL,ASPHALT,FOLLOWING TOO CLOSELY,REAR END,EHILLSIDEDRSPALMERAVE,LN CONTROL,2021-06-19 12:44:00,,,
1856,MONROE SD,BLOOMINGTON,2,0.0,1.0,0,0,,,,W VERNAL PK,ENTRANCE TO GARDEN HILL MOBILE HOME PARK,,300.0,W,39.179142,-86.57637302,COUNTY RD,N,URBAN,N,N,N,,DAYLIGHT,CLEAR,DRY,,NO JUNCTION INVOLVED,STRAIGHT/GRADE,ASPHALT,FAILURE TO YIELD RIGHT OF WAY,RIGHT ANGLE,SUNRISEGREETINGSCTVERNALPK,NONE,2021-06-19 20:09:00,,,
1857,BLOOMINGTON PD,BLOOMINGTON,2,0.0,0.0,0,0,,,,W 7TH ST,N WALNUT ST,,,,39.16864,-86.533568,LOCAL/CITY RD,Y,URBAN,N,N,N,,DARK (LIGHTED),CLEAR,DRY,,FOUR-WAY INTERSECTION,STRAIGHT/LEVEL,ASPHALT,IMPROPER TURNING,OPPOSITE DIRECTION SIDESWIPE,NWALNUTSTW7THST,TRAFFIC CONTROL SIGNAL,2021-06-19 23:00:00,,,
1858,MONROE SD,BLOOMINGTON,1,0.0,3.0,0,0,,,,S GARRISON CHAPEL RD,,,1000.0,S,39.16101331,-86.64835235,LOCAL/CITY RD,N,RURAL,N,N,N,,DAYLIGHT,CLEAR,DRY,,T-INTERSECTION,CURVE/LEVEL,ASPHALT,UNSAFE SPEED,RAN OFF RD,GARRISONCHAPELRDSTATE48RD,NONE,2021-06-18 12:00:00,,,
1859,ELLETTSVILLE PD,ELLETTSVILLE,2,0.0,0.0,0,0,,,,N UNION VALLEY RD,W LYNW DR,,,,39.2160693,-86.5926522,LOCAL/CITY RD,N,URBAN,N,N,N,,DAYLIGHT,CLEAR,DRY,,T-INTERSECTION,STRAIGHT/GRADE,ASPHALT,FAILURE TO YIELD RIGHT OF WAY,LEFT TURN,LYNWESTDRUNIONVALLEYRD,NONE,2021-06-18 13:35:00,,,
1860,INDIANA UNIV BLOOMINGTON PD,BLOOMINGTON,1,0.0,1.0,0,0,,,,E 3RD ST,S INDIANA AVE,,,,39.164287,-86.526904,LOCAL/CITY RD,N,URBAN,N,N,N,,DAWN/DUSK,RAIN,WET,,FOUR-WAY INTERSECTION,STRAIGHT/LEVEL,ASPHALT,RAN OFF RD RIGHT,RAN OFF RD,INDIANAAVE 3RDST,STOP SIGN,2021-06-18 20:30:00,,,
1861,MONROE SD,BLOOMINGTON,1,0.0,0.0,0,0,,,,I-69 S,,,,,0.0,0.0,INTERSTATE,N,RURAL,N,Y,N,,DAWN/DUSK,RAIN,WET,,NO JUNCTION INVOLVED,STRAIGHT/GRADE,ASPHALT,RAN OFF RD RIGHT,RAN OFF RD,I-69S130.0,NONE,2021-06-18 20:40:00,,,
1862,BLOOMINGTON PD,BLOOMINGTON,2,0.0,0.0,0,0,,,,E HILLSIDE DR,S WOODLAWN AVE,,,,39.150521,-86.522627,LOCAL/CITY RD,N,URBAN,N,N,N,,DARK (NOT LIGHTED),CLOUDY,WET,,NO JUNCTION INVOLVED,STRAIGHT/LEVEL,ASPHALT,FAILURE TO YIELD RIGHT OF WAY,RIGHT ANGLE,EHILLSODEDRSWOODLAWNAVE,STOP SIGN,2021-06-18 20:50:00,,,
1863,MONROE SD,BLOOMINGTON,1,0.0,0.0,0,0,,,,W BLOOMFIELD RD,S RANSOM LN,,,,39.15927,-86.555261,LOCAL/CITY RD,N,URBAN,N,N,N,,DARK (NOT LIGHTED),RAIN,WATER (STANDING OR MOVING),,NO JUNCTION INVOLVED,CURVE/LEVEL,ASPHALT,RDWAY SURFACE CONDITION,RAN OFF RD,2NDSTRANSOMLN,NONE,2021-06-18 23:11:00,,,
1864,BLOOMINGTON PD,BLOOMINGTON,1,0.0,0.0,1,0,,,,S COLLEGE AVE,E DODDS ST,,,,39.157568,-86.534896,LOCAL/CITY RD,N,URBAN,N,N,N,,DARK (NOT LIGHTED),RAIN,WATER (STANDING OR MOVING),,T-INTERSECTION,CURVE/LEVEL,ASPHALT,RDWAY SURFACE CONDITION,NON-COLLISION,EDODDSSTSTSCOLLEGEAVEAVE,NONE,2021-06-18 23:40:00,,,
1865,MONROE SD,BLOOMINGTON,1,0.0,1.0,0,0,,,,W LEONARD SPRINGS RD,S DUNCAN RD,,100.0,W,39.122352,-86.5964,LOCAL/CITY RD,N,RURAL,N,N,N,,DARK (NOT LIGHTED),CLEAR,DRY,,T-INTERSECTION,STRAIGHT/GRADE,ASPHALT,RAN OFF RD RIGHT,RAN OFF RD,SOUTHDUNCANRDWESTLEONARDSPRINGSRD,NONE,2021-06-17 00:54:00,,,
1866,INDIANA UNIV BLOOMINGTON PD,BLOOMINGTON,1,0.0,0.0,0,0,,,,S EAGLESON AVE,E 3RD ST,,,,39.164263,-86.516394,,Y,URBAN,N,N,N,,DARK (LIGHTED),CLEAR,DRY,,NO JUNCTION INVOLVED,STRAIGHT/LEVEL,ASPHALT,OTHER (DRIVER) - EXPLAIN IN NARRATIVE,RAN OFF RD,EAGLESON AVEAVE 3RDST,NONE,2021-06-17 01:15:00,,,
1867,INDIANA UNIV BLOOMINGTON PD,BLOOMINGTON,2,0.0,0.0,0,0,,,,ST RD 45/46,E 10TH ST,,,,0.0,0.0,ST RD,N,URBAN,N,N,N,,DAYLIGHT,CLEAR,DRY,,FOUR-WAY INTERSECTION,STRAIGHT/LEVEL,ASPHALT,IMPROPER TURNING,LEFT TURN,ST RD 45ST RD 46,TRAFFIC CONTROL SIGNAL,2021-06-17 09:15:00,,,
1868,ELLETTSVILLE PD,ELLETTSVILLE,2,0.0,0.0,0,0,,,,ST RD 46,N UNION VALLEY RD,,,,39.215152,-86.5928,ST RD,N,URBAN,N,N,N,,DAYLIGHT,CLEAR,DRY,,T-INTERSECTION,STRAIGHT/GRADE,ASPHALT,FAILURE TO YIELD RIGHT OF WAY,RIGHT ANGLE,ST RD 46 WUNIONVALLEYRD,TRAFFIC CONTROL SIGNAL,2021-06-17 13:45:00,,,
1869,BLOOMINGTON PD,BLOOMINGTON,1,0.0,1.0,0,0,1350,,,W BLOOMFIELD RD,S DOLIMAH AVE,,,,39.15998862,-86.55307876,LOCAL/CITY RD,N,URBAN,N,N,N,,DAYLIGHT,CLEAR,DRY,,Y-INTERSECTION,STRAIGHT/LEVEL,ASPHALT,PEDESTRIAN ACTION,RIGHT TURN,WBLOOMFIELDRD,STOP SIGN,2021-06-17 15:10:00,,True,
1870,INDIANA UNIV BLOOMINGTON PD,BLOOMINGTON,2,0.0,0.0,0,0,,,,E JONES AVE,,,,,0.0,0.0,LOCAL/CITY RD,N,URBAN,N,N,N,,DAYLIGHT,CLEAR,DRY,,NO JUNCTION INVOLVED,STRAIGHT/LEVEL,ASPHALT,UNSAFE BACKING,BACKING CRASH,EJONESAVE 3RDST,NONE,2021-06-17 15:15:00,,,
1871,MONROE SD,BLOOMINGTON,2,1.0,0.0,0,0,,,,ST RD 48,N OARD,,,,39.164848,-86.62,ST RD,N,RURAL,N,N,N,,DAYLIGHT,CLEAR,DRY,,T-INTERSECTION,STRAIGHT/LEVEL,ASPHALT,INSECURE/LEAKY LOAD,COLLISION WITH OBJECT IN RD,NOARDRDST RD 48W,NONE,2021-06-17 15:39:00,,,
1872,MONROE SD,BLOOMINGTON,1,0.0,1.0,0,0,,,,ST RD 446,,,2000.0,S,39.02880379,-86.40804595,ST RD,N,RURAL,N,N,N,,DAYLIGHT,CLEAR,DRY,,T-INTERSECTION,CURVE/LEVEL,ASPHALT,RAN OFF RD RIGHT,RAN OFF RD,EALLENSCREEKRDST RD 446N,NONE,2021-06-17 17:31:00,,,
1873,MONROE SD,BLOOMINGTON,1,0.0,0.0,0,0,,,,S ADAMS ST,W MILLENNIUM PARK DR,,,,39.1529197,-86.5523785,COUNTY RD,N,URBAN,N,N,N,,DAYLIGHT,CLEAR,DRY,,NO JUNCTION INVOLVED,STRAIGHT/HILLCREST,ASPHALT,RAN OFF RD RIGHT,RAN OFF RD,SADAMSSTWMILLENNIUMPARKDR,NONE,2021-06-17 19:51:00,,,
1874,ELLETTSVILLE PD,ELLETTSVILLE,1,0.0,0.0,0,0,3601,,,ST RD 46,S BLUE SKY,,,,39.210316,-86.58398,UNKNOWN,N,URBAN,N,N,N,,DAWN/DUSK,CLEAR,DRY,,NO JUNCTION INVOLVED,STRAIGHT/LEVEL,ASPHALT,IMPROPER TURNING,RAN OFF RD,WESTSTRD46HWY,NONE,2021-06-17 20:20:00,,,
1875,BLOOMINGTON PD,BLOOMINGTON,2,0.0,1.0,0,0,,,,S HENDERSON ST,E ATWATER AVE,,,,39.163344,-86.5272,LOCAL/CITY RD,N,URBAN,N,N,N,,DARK (LIGHTED),CLEAR,DRY,,FOUR-WAY INTERSECTION,STRAIGHT/LEVEL,ASPHALT,FAILURE TO YIELD RIGHT OF WAY,RIGHT ANGLE,EATWATERAVESHENDERSONST,TRAFFIC CONTROL SIGNAL,2021-06-16 03:14:00,,,
1876,ISP INDIANAPOLIS 52,BLOOMINGTON,1,,1.0,0,0,,,,I-69 S,ST RD 45/46,,0.0,,39.18378814,-86.55627159,INTERSTATE,,URBAN,N,N,N,,DAYLIGHT,CLEAR,DRY,,NO JUNCTION INVOLVED,,ASPHALT,OVERCORRECTING/OVERSTEERING,OTHER - EXPLAIN IN NARRATIVE,I-69120,,2021-06-16 07:13:00,,,
1877,MONROE SD,BLOOMINGTON,2,0.0,1.0,0,0,,,,W VERNAL PK,N CURRY PK,,,,39.179248,-86.5832,LOCAL/CITY RD,N,RURAL,N,N,N,,DAYLIGHT,CLEAR,DRY,,FOUR-WAY INTERSECTION,STRAIGHT/GRADE,ASPHALT,OTHER (DRIVER) - EXPLAIN IN NARRATIVE,REAR END,NCURRYPKWVERNALPK,TRAFFIC CONTROL SIGNAL,2021-06-16 10:18:00,,,
1878,BLOOMINGTON PD,BLOOMINGTON,2,0.0,0.0,0,0,,,,ST RD 46,KINGSTON DR S,,,,39.16424,-86.492944,LOCAL/CITY RD,N,URBAN,N,N,N,,DAYLIGHT,CLEAR,DRY,,FOUR-WAY INTERSECTION,STRAIGHT/LEVEL,ASPHALT,IMPROPER LN USAGE,SAME DIRECTION SIDESWIPE,E 3RDSTSKINGSTONDR,TRAFFIC CONTROL SIGNAL,2021-06-16 14:03:00,,,
1879,BLOOMINGTON PD,BLOOMINGTON,2,0.0,0.0,0,0,,,,E WINSLOW RD,S WALNUT ST,,100.0,E,39.136144,-86.528688,LOCAL/CITY RD,N,URBAN,N,N,N,,DAYLIGHT,CLEAR,DRY,,NO JUNCTION INVOLVED,STRAIGHT/LEVEL,ASPHALT,FAILURE TO YIELD RIGHT OF WAY,RIGHT ANGLE,EASTWINSLOWRDSOUTHWALNUTST,LN CONTROL,2021-06-16 16:36:00,,,
1880,MONROE SD,BLOOMINGTON,1,0.0,0.0,0,0,,,,ST RD 446,E PINE GROVE RD,,,,39.116464,-86.428672,ST RD,N,RURAL,N,N,N,,DAYLIGHT,CLEAR,DRY,,T-INTERSECTION,CURVE/GRADE,ASPHALT,RAN OFF RD RIGHT,RAN OFF RD,PINEGROVERDST RD 446S,NONE,2021-06-15 07:59:00,,,
1881,ELLETTSVILLE PD,ELLETTSVILLE,2,0.0,0.0,0,0,,,,ST RD 46,,,4000.0,E,39.24600354,-86.64279661,ST RD,N,RURAL,N,N,N,,DAYLIGHT,CLEAR,DRY,,NO JUNCTION INVOLVED,STRAIGHT/LEVEL,ASPHALT,LEFT OF CENTER,OPPOSITE DIRECTION SIDESWIPE,FLATWOODSRDST RD 46 W,LN CONTROL,2021-06-15 08:55:00,,,
1882,BLOOMINGTON PD,BLOOMINGTON,2,0.0,0.0,0,0,,,,E UNIVERSITY ST,S HENDERSON ST,,,,39.16032,-86.527136,LOCAL/CITY RD,N,URBAN,N,N,N,,DAYLIGHT,CLEAR,DRY,,FOUR-WAY INTERSECTION,STRAIGHT/GRADE,ASPHALT,FAILURE TO YIELD RIGHT OF WAY,RIGHT ANGLE,EASTUNIVERSITYSTSOUTHHENDERSONST,STOP SIGN,2021-06-15 16:16:00,,,
1883,BLOOMINGTON PD,BLOOMINGTON,2,0.0,0.0,0,0,,,,S WALKER ST,W 2ND ST,,100.0,S,39.15085741,-86.546144,LOCAL/CITY RD,N,URBAN,N,N,N,,DAYLIGHT,CLEAR,DRY,,NO JUNCTION INVOLVED,STRAIGHT/LEVEL,ASPHALT,FAILURE TO YIELD RIGHT OF WAY,RIGHT ANGLE,SOUTHWALKERSTWESTSECONDST,NONE,2021-06-15 16:39:00,,,
1884,BLOOMINGTON PD,BLOOMINGTON,2,0.0,1.0,0,0,,,,S WALNUT ST,W GORDON PK,,100.0,N,39.12144,-86.526496,LOCAL/CITY RD,N,URBAN,N,N,N,,DAYLIGHT,CLEAR,DRY,,FOUR-WAY INTERSECTION,STRAIGHT/LEVEL,CONCRETE,FAILURE TO YIELD RIGHT OF WAY,RIGHT ANGLE,EASTRHORERRDSOUTHWALNUTST,NONE,2021-06-15 17:10:00,,,
1885,BLOOMINGTON PD,BLOOMINGTON,2,0.0,0.0,0,0,,,,S COLLEGE MALL RD,ST RD 46,,,,39.16424,-86.4984,LOCAL/CITY RD,N,URBAN,N,N,N,,DAYLIGHT,CLEAR,DRY,,FOUR-WAY INTERSECTION,STRAIGHT/LEVEL,ASPHALT,FOLLOWING TOO CLOSELY,REAR END,COLLEGEMALLRDE 3RDST,TRAFFIC CONTROL SIGNAL,2021-06-14 13:23:00,,,
1886,INDIANA UNIV BLOOMINGTON PD,BLOOMINGTON,2,0.0,0.0,0,0,,,,S SWAIN AVE,E 3RD ST,,,,39.164261,-86.515275,LOCAL/CITY RD,N,URBAN,N,N,N,,DAYLIGHT,CLEAR,DRY,,T-INTERSECTION,STRAIGHT/LEVEL,ASPHALT,IMPROPER TURNING,SAME DIRECTION SIDESWIPE,SWAINAVE 3RDST,NONE,2021-06-14 16:40:00,,,
1887,BLOOMINGTON PD,BLOOMINGTON,2,0.0,0.0,0,0,,,,S OAKDALE DR,W BLOOMFIELD RD,,,,39.1497231,-86.5688429,LOCAL/CITY RD,Y,URBAN,N,N,N,,DAYLIGHT,CLEAR,DRY,,FOUR-WAY INTERSECTION,STRAIGHT/LEVEL,ASPHALT,IMPROPER TURNING,LEFT TURN,SOAKDALEDRWBLOOMFIELDRD,TRAFFIC CONTROL SIGNAL,2021-06-14 16:48:00,,,
1888,MONROE SD,BLOOMINGTON,1,0.0,0.0,0,0,,,,ST RD 45,E CHAPEL RD,,100.0,E,0.0,0.0,ST RD,N,RURAL,N,N,N,,DAYLIGHT,CLEAR,DRY,,T-INTERSECTION,CURVE/LEVEL,ASPHALT,RAN OFF RD RIGHT,RAN OFF RD,ECHAPELRDST RD 45 W,NONE,2021-06-14 19:33:00,,,
1889,MONROE SD,BLOOMINGTON,1,0.0,0.0,0,0,,,,W HOBART RD,S ST RD 37,,100.0,W,39.01375547,-86.54115176,LOCAL/CITY RD,N,RURAL,N,N,N,,DARK (NOT LIGHTED),CLEAR,DRY,,NO JUNCTION INVOLVED,CURVE/GRADE,ASPHALT,RAN OFF RD RIGHT,RAN OFF RD,HOBARTRDSOLDST RD 37RD,NONE,2021-06-14 21:46:00,,,
1890,DNR LAW ENFORCEMENT,,1,,1.0,0,0,4850,,,ENRANCE TO PAYNETOWN STATE PARK CAMPGROUND,,,0.0,,39.08227362,-86.43503775,,,RURAL,N,N,N,,DARK (NOT LIGHTED),CLEAR,DRY,,Y-INTERSECTION,,ASPHALT,DRIVER DISTRACTED - EXPLAIN IN NARRATIVE,OTHER - EXPLAIN IN NARRATIVE,STATERD446,,2021-06-13 00:30:00,,,
1891,BLOOMINGTON PD,BLOOMINGTON,2,0.0,1.0,0,0,,,,ST RD 48,W 3RD ST (ENTRANCE TO WHITEHALL CROSSING),,150.0,E,39.164606,-86.57914398,LOCAL/CITY RD,N,URBAN,N,N,N,,DAYLIGHT,CLEAR,DRY,,NO JUNCTION INVOLVED,STRAIGHT/GRADE,ASPHALT,FOLLOWING TOO CLOSELY,REAR END,SLIBERTYDRW 3RDST,YIELD SIGN,2021-06-13 16:05:00,,,
1892,BLOOMINGTON PD,BLOOMINGTON,3,0.0,0.0,0,0,,,,N COLLEGE AVE,W 6TH ST,,,,39.167648,-86.534784,LOCAL/CITY RD,Y,,N,N,N,,DAYLIGHT,CLEAR,DRY,,FOUR-WAY INTERSECTION,STRAIGHT/LEVEL,ASPHALT,UNSAFE LN MOVEMENT,SAME DIRECTION SIDESWIPE,6THSTCOLLEGEAVE,TRAFFIC CONTROL SIGNAL,2021-06-13 18:30:00,,,
1893,BLOOMINGTON PD,BLOOMINGTON,1,0.0,0.0,0,1,,,,I-69 N,W TAPP RD,,5.0,N,0.0,0.0,INTERSTATE,N,URBAN,N,N,N,,DARK (LIGHTED),CLEAR,DRY,,NO JUNCTION INVOLVED,STRAIGHT/GRADE,ASPHALT,ANIMAL/OBJECT IN RDWAY,COLLISION WITH DEER,I-69 N116.0,NONE,2021-06-13 21:25:00,,,
1894,BLOOMINGTON PD,BLOOMINGTON,1,0.0,1.0,0,0,,,,E WINSLOW RD,S WALNUT ST PK,,,,39.135969,-86.528794,LOCAL/CITY RD,Y,URBAN,N,N,N,,DARK (LIGHTED),CLEAR,DRY,,T-INTERSECTION,STRAIGHT/LEVEL,ASPHALT,UNSAFE SPEED,OTHER - EXPLAIN IN NARRATIVE,EWINSLOWRDSWALNUTSTPK,NONE,2021-06-13 23:20:00,,True,
1895,BLOOMINGTON PD,BLOOMINGTON,2,0.0,0.0,0,0,,,,W 4TH ST,,,100.0,E,39.165712,-86.542096,LOCAL/CITY RD,N,URBAN,N,N,N,,DARK (NOT LIGHTED),CLEAR,DRY,,NO JUNCTION INVOLVED,STRAIGHT/LEVEL,ASPHALT,IMPROPER LN USAGE,RIGHT ANGLE,SMAPLESTW4THST,NONE,2021-06-12 03:26:00,,,
1896,DNR LAW ENFORCEMENT,BLOOMINGTON,3,,1.0,0,0,,,,CUTRIGHT STATE RECREATION AREA RD,,,0.0,,39.06942627,-86.41577429,ST RD,,RURAL,N,N,N,,DAYLIGHT,CLEAR,DRY,,NO JUNCTION INVOLVED,,CONCRETE,DRIVER DISTRACTED - EXPLAIN IN NARRATIVE,HEAD ON BETWEEN TWO MOTOR VEHICLES,StateRd446,,2021-06-12 06:04:00,,,
1897,MONROE SD,BLOOMINGTON,1,0.0,2.0,0,0,5094,,,ST RD 45,,,500.0,N,39.23076054,-86.42586167,ST RD,N,RURAL,N,N,N,,DAYLIGHT,CLEAR,DRY,,NO JUNCTION INVOLVED,CURVE/GRADE,ASPHALT,RAN OFF RD RIGHT,RAN OFF RD,NMOUNTGILEADRDST RD 45E,NO PASSING ZONE,2021-06-12 08:50:00,,,
1898,MONROE SD,BLOOMINGTON,1,0.0,0.0,0,0,,,,ST RD 46,N GETTYS CREEK RD,,100.0,W,39.16292863,-86.41477489,ST RD,N,RURAL,N,N,N,,DAYLIGHT,CLEAR,DRY,,T-INTERSECTION,STRAIGHT/LEVEL,ASPHALT,INSECURE/LEAKY LOAD,NON-COLLISION,NGETTYSCREEKRDST RD 46E,NONE,2021-06-12 14:33:00,,,
1899,MONROE SD,BLOOMINGTON,2,0.0,2.0,0,0,,,,ST RD 37,W SMITHVILLE RD,,,,39.071056,-86.5356,ST RD,N,RURAL,N,N,N,,DARK (NOT LIGHTED),CLEAR,DRY,,FOUR-WAY INTERSECTION,STRAIGHT/LEVEL,ASPHALT,FAILURE TO YIELD RIGHT OF WAY,RIGHT ANGLE,SMITHVILLERDS ST RD 37,STOP SIGN,2021-06-12 23:35:00,,,
1900,BLOOMINGTON PD,BLOOMINGTON,1,0.0,0.0,0,0,,,,S CURRY PK,W ROLL AVE,,100.0,S,39.14716534,-86.582592,LOCAL/CITY RD,N,RURAL,N,N,N,,DARK (LIGHTED),CLEAR,DRY,,NO JUNCTION INVOLVED,STRAIGHT/LEVEL,ASPHALT,RAN OFF RD RIGHT,RAN OFF RD,CURRYPKROLLAVE,LN CONTROL,2021-06-11 03:41:00,,,
1901,MONROE SD,ELLETTSVILLE,2,0.0,0.0,0,0,,,,ST RD 46,W ARLINGTON RD,,,,39.207648,-86.573792,ST RD,N,URBAN,N,N,N,,DAWN/DUSK,FOG/SMOKE/SMOG,DRY,,FOUR-WAY INTERSECTION,STRAIGHT/LEVEL,ASPHALT,DRIVER DISTRACTED - EXPLAIN IN NARRATIVE,REAR END,NARLINGTONRDST RD 46 W,TRAFFIC CONTROL SIGNAL,2021-06-11 07:18:00,,,