_id,Agency,City,Vehicles Involved,Trailers Involved,Number Injured,Number Dead,Number Deer,House Number,Roadway Interchange,Roadway Ramp,Roadway Id,Intersecting Road,Interchange,Feet From,Direction,Latitude,Longitude,Roadway Class,Hit and Run?,Locality,School Zone?,Rumble Strips?,Construction?,Construction Type,Light Condition,Weather Conditions,Surface Condition,Type of Median,Roadway Junction Type,Road Character,Roadway Surface,Primary Factor,Manner of Collision,Unique Location Id,Traffic Control,DateTime,Address Number,Cyclist Involved,Pedestrian Involved
1962,INDIANA UNIV BLOOMINGTON PD,BLOOMINGTON,2,0.0,1.0,0,0,,,,ST RD 45/46,E 10TH ST,,400.0,N,39.17264788,-86.5026808,ST RD,N,URBAN,N,N,N,,DAYLIGHT,RAIN,WET,,NO JUNCTION INVOLVED,STRAIGHT/LEVEL,ASPHALT,OTHER (DRIVER) - EXPLAIN IN NARRATIVE,REAR END,10THSTST RD 46E,NONE,2021-06-03 11:38:00,,,
1963,MONROE SD,BLOOMINGTON,2,0.0,0.0,0,0,,,,ST RD 45,,,500.0,W,39.18039878,-86.47587887,ST RD,N,RURAL,N,N,N,,DAYLIGHT,RAIN,WET,,NO JUNCTION INVOLVED,STRAIGHT/LEVEL,ASPHALT,FOLLOWING TOO CLOSELY,REAR END,NPRARIEGREENCTST RD 45E,LN CONTROL,2021-06-03 12:27:00,,,
1964,MONROE SD,BLOOMINGTON,2,0.0,0.0,0,0,,,,ST RD 45,S LIBERTY DR,,,,0.0,0.0,LOCAL/CITY RD,N,RURAL,N,N,N,,DAYLIGHT,CLOUDY,WET,,FOUR-WAY INTERSECTION,STRAIGHT/LEVEL,ASPHALT,FOLLOWING TOO CLOSELY,REAR END,SLIBERTYDRW 2NDST,TRAFFIC CONTROL SIGNAL,2021-06-03 16:14:00,,,
1965,BLOOMINGTON PD,BLOOMINGTON,2,0.0,2.0,0,0,,,,ST RD 45/46,N WALUNT ST,,150.0,E,39.226352,-86.61410149,ST RD,N,URBAN,N,N,N,,DAYLIGHT,RAIN,WET,,NO JUNCTION INVOLVED,STRAIGHT/GRADE,ASPHALT,UNSAFE SPEED,REAR END,NWALUNTSTST RD 46 W,NONE,2021-06-03 17:00:00,,,
1966,BLOOMINGTON PD,BLOOMINGTON,2,0.0,2.0,0,0,,,,N WALNUT ST,,,1400.0,S,39.20704,-86.534704,LOCAL/CITY RD,N,URBAN,N,N,N,,DAYLIGHT,CLOUDY,WET,,NO JUNCTION INVOLVED,STRAIGHT/LEVEL,ASPHALT,LEFT OF CENTER,HEAD ON BETWEEN TWO MOTOR VEHICLES,NOLDSTATERD37RDNWALNUTST,LN CONTROL,2021-06-03 17:48:00,,,
1967,BLOOMINGTON PD,BLOOMINGTON,1,0.0,0.0,0,0,,,,ST RD 48,I-69,,,,0.0,0.0,LOCAL/CITY RD,N,URBAN,N,N,N,,DARK (LIGHTED),RAIN,WET,,FOUR-WAY INTERSECTION,STRAIGHT/LEVEL,ASPHALT,RDWAY SURFACE CONDITION,OTHER - EXPLAIN IN NARRATIVE,INTERSTATE69AVEW 3RDST,TRAFFIC CONTROL SIGNAL,2021-06-02 00:49:00,,,
1968,BLOOMINGTON PD,BLOOMINGTON,1,0.0,1.0,0,0,,,,S CURRY PK,ST RD 48,,,,39.164544,-86.560096,LOCAL/CITY RD,N,URBAN,N,N,N,,DARK (LIGHTED),RAIN,WET,,NO JUNCTION INVOLVED,STRAIGHT/LEVEL,ASPHALT,PEDESTRIAN ACTION,COLLISION WITH OBJECT IN RD,SCURRYPKW 3RDST,TRAFFIC CONTROL SIGNAL,2021-06-02 03:50:00,,,True
1969,MONROE SD,BLOOMINGTON,3,0.0,0.0,0,0,,,,ST RD 45,W DINSMORE RD (NE),,300.0,E,39.11502468,-86.62993448,ST RD,N,RURAL,N,N,N,,DAYLIGHT,RAIN,WET,,NO JUNCTION INVOLVED,CURVE/GRADE,ASPHALT,FOLLOWING TOO CLOSELY,OTHER - EXPLAIN IN NARRATIVE,DINSMORERDST RD 45 W,NONE,2021-06-02 08:18:00,,,
1970,MONROE SD,BLOOMINGTON,2,0.0,0.0,0,0,,,,ST RD 45,,,500.0,W,39.11501756,-86.62944253,ST RD,N,RURAL,N,N,N,,DAYLIGHT,RAIN,WET,,NO JUNCTION INVOLVED,CURVE/LEVEL,ASPHALT,FOLLOWING TOO CLOSELY,REAR END,DARRELLDRST RD 45 W,NONE,2021-06-02 08:21:00,,,
1971,BLOOMINGTON PD,BLOOMINGTON,2,0.0,0.0,0,0,,,,W BLOOMFIELD RD,S WEIMER RD,,500.0,W,39.15344313,-86.5655823,LOCAL/CITY RD,N,URBAN,N,N,N,,DAYLIGHT,RAIN,WET,,NO JUNCTION INVOLVED,CURVE/GRADE,ASPHALT,FAILURE TO YIELD RIGHT OF WAY,LEFT TURN,BLOOMFIELDRDWEIMERRD,LN CONTROL,2021-06-02 10:30:00,,,
1972,MONROE SD,BLOOMINGTON,2,0.0,0.0,0,0,,,,N SMITH PK,W FORREST PARK DR,,,,39.208144,-86.5832,LOCAL/CITY RD,N,URBAN,N,N,N,,DAYLIGHT,RAIN,WET,,T-INTERSECTION,STRAIGHT/GRADE,ASPHALT,SPEED TOO FAST FOR WEATHER CONDITIONS,REAR END,FORESTPARKDRSMITHPK,NONE,2021-06-02 11:25:00,,,
1973,BLOOMINGTON PD,BLOOMINGTON,2,0.0,0.0,0,0,,,,N CURRY PK,S WELMIR DR,,50.0,N,39.17215253,-86.582979,LOCAL/CITY RD,N,URBAN,N,N,N,,DAYLIGHT,RAIN,WET,,NO JUNCTION INVOLVED,STRAIGHT/LEVEL,ASPHALT,FOLLOWING TOO CLOSELY,REAR END,NORTHCURRYPKWELMIRDR,LN CONTROL,2021-06-02 13:04:00,,,
1974,ISP BLOOMINGTON 33,BLOOMINGTON,1,,0.0,0,0,,,,I-69 S,,,200.0,,39.20815556,-86.55396259,INTERSTATE,,URBAN,N,N,N,,DAYLIGHT,RAIN,WET,,NO JUNCTION INVOLVED,,ASPHALT,OTHER (DRIVER) - EXPLAIN IN NARRATIVE,RAN OFF RD,I-69near121MM121.0,,2021-06-02 13:06:00,,,
1975,MONROE SD,BLOOMINGTON,1,0.0,0.0,0,0,,,,ST RD 48,,,1000.0,W,39.1634378,-86.64580405,ST RD,N,RURAL,N,N,N,,DAYLIGHT,CLOUDY,WET,,NO JUNCTION INVOLVED,CURVE/LEVEL,ASPHALT,RAN OFF RD RIGHT,RAN OFF RD,ST RD 48WWVERNALPK,NONE,2021-06-02 15:42:00,,,
1976,ELLETTSVILLE PD,ELLETTSVILLE,2,0.0,1.0,0,0,,,,N MATTHEWS DR (N),ST RD 46,,100.0,N,39.23631976,-86.6249632,LOCAL/CITY RD,N,URBAN,Y,N,N,,DAYLIGHT,RAIN,WET,,NO JUNCTION INVOLVED,CURVE/LEVEL,ASPHALT,LEFT OF CENTER,OTHER - EXPLAIN IN NARRATIVE,MAINSTMATTHEWSDR,LN CONTROL,2021-06-02 16:41:00,,,
1977,ELLETTSVILLE PD,ELLETTSVILLE,2,0.0,0.0,0,0,,,,ST RD 46,W GRANT ST,,,,39.242716,-86.63330499,ST RD,N,URBAN,N,N,N,,DAYLIGHT,CLEAR,DRY,,T-INTERSECTION,CURVE/GRADE,CONCRETE,DRIVER DISTRACTED - EXPLAIN IN NARRATIVE,REAR END,GRANTSTST RD 46E,STOP SIGN,2021-06-02 16:57:00,,,
1978,ISP BLOOMINGTON 33,BLOOMINGTON,2,,1.0,0,0,,Y,118C,I-69 S,ST RD 48,,0.0,,39.1649197,-86.57387442,INTERSTATE,,URBAN,N,N,N,,DAYLIGHT,CLOUDY,DRY,,RAMP,,ASPHALT,FAILURE TO YIELD RIGHT OF WAY,REAR END,I-69-118-C,,2021-06-02 18:55:00,,,
1979,BLOOMINGTON PD,BLOOMINGTON,2,0.0,0.0,0,0,,,,E WINSLOW RD,S XAVIER CT,,,,39.135989,-86.513442,LOCAL/CITY RD,N,URBAN,N,N,N,,DAWN/DUSK,RAIN,WET,,T-INTERSECTION,STRAIGHT/GRADE,ASPHALT,FAILURE TO YIELD RIGHT OF WAY,LEFT TURN,EASTWINSLOWRDSOUTHXAVIERCT,STOP SIGN,2021-06-02 19:45:00,,,
1980,BLOOMINGTON PD,BLOOMINGTON,1,0.0,0.0,0,1,,,,ST RD 45/46,N MILO B SAMPSON LN,,,,0.0,0.0,ST RD,N,URBAN,N,N,N,,DARK (NOT LIGHTED),CLEAR,DRY,,T-INTERSECTION,STRAIGHT/GRADE,ASPHALT,ANIMAL/OBJECT IN RDWAY,COLLISION WITH DEER,MILOBSAMPSONBLVDST RD 4546E,NONE,2021-06-01 00:35:00,,,
1981,MONROE SD,BLOOMINGTON,1,0.0,0.0,0,1,,,,ST RD 37,,,5280.0,N,39.03438272,-86.53520107,ST RD,N,RURAL,N,N,N,,DAWN/DUSK,CLEAR,DRY,,NO JUNCTION INVOLVED,STRAIGHT/LEVEL,ASPHALT,ANIMAL/OBJECT IN RDWAY,COLLISION WITH DEER,MONROEDAMRDS ST RD 37,NONE,2021-06-01 06:33:00,,,
1982,ISP BLOOMINGTON 33,BLOOMINGTON,1,,0.0,0,1,,,,ST RD 37,,,739.0,,39.04813027,-86.53600978,ST RD,,RURAL,N,N,N,,DAYLIGHT,CLOUDY,DRY,,NO JUNCTION INVOLVED,,ASPHALT,ANIMAL/OBJECT IN RDWAY,COLLISION WITH DEER,ZikesRoadStateRd37,,2021-06-01 07:40:00,,,
1983,BLOOMINGTON PD,BLOOMINGTON,2,0.0,0.0,0,0,,,,I-69 N,W 3RD ST,,,,0.0,0.0,LOCAL/CITY RD,N,URBAN,N,N,N,,DAYLIGHT,CLOUDY,DRY,,FOUR-WAY INTERSECTION,STRAIGHT/GRADE,ASPHALT,FOLLOWING TOO CLOSELY,REAR END,3RDSTI-69 N,YIELD SIGN,2021-06-01 09:14:00,,,
1984,MONROE SD,BLOOMINGTON,2,0.0,0.0,0,0,,,,S CURRY PK,W GRAND AVE,,,,39.166489,-86.582976,LOCAL/CITY RD,N,URBAN,N,N,N,,DAYLIGHT,CLOUDY,DRY,,T-INTERSECTION,STRAIGHT/LEVEL,ASPHALT,FOLLOWING TOO CLOSELY,REAR END,GRANDAVENCURRYPK,NONE,2021-06-01 13:00:00,,,
1985,BLOOMINGTON PD,BLOOMINGTON,3,0.0,0.0,0,0,,,,ST RD 45/46,N DUNN ST,,100.0,W,39.186352,-86.528496,LOCAL/CITY RD,N,URBAN,N,N,N,,DAYLIGHT,CLEAR,DRY,,FOUR-WAY INTERSECTION,STRAIGHT/LEVEL,ASPHALT,FOLLOWING TOO CLOSELY,REAR END,ESTATERD4546HWYNDUNNST,TRAFFIC CONTROL SIGNAL,2021-06-01 15:28:00,,,
1986,MONROE SD,BLOOMINGTON,1,0.0,0.0,0,0,,,,W VERNAL PK,N THOMAS RD,,,,39.18904,-86.630096,LOCAL/CITY RD,N,RURAL,N,N,N,,DAYLIGHT,CLEAR,DRY,,T-INTERSECTION,STRAIGHT/LEVEL,ASPHALT,RAN OFF RD RIGHT,RAN OFF RD,NTHOMASRDWVERNALPK,STOP SIGN,2021-06-01 16:27:00,,,
1987,MONROE SD,BLOOMINGTON,1,0.0,0.0,0,0,,,,N HARTSTRAIT RD,W RATLIFF RD,,,,39.209109,-86.611378,LOCAL/CITY RD,N,RURAL,N,N,N,,DAWN/DUSK,RAIN,WET,,T-INTERSECTION,STRAIGHT/GRADE,ASPHALT,UNSAFE SPEED,RAN OFF RD,HARTSRAITRDRATLIFFRD,NONE,2021-06-01 20:22:00,,,
1988,MONROE SD,BLOOMINGTON,2,0.0,0.0,0,0,,,,I-69 S,,,,,0.0,0.0,INTERSTATE,Y,RURAL,N,N,N,,DARK (NOT LIGHTED),CLEAR,DRY,,NO JUNCTION INVOLVED,STRAIGHT/LEVEL,ASPHALT,UNSAFE LN MOVEMENT,REAR END,I-69S131.0,LN CONTROL,2021-05-31 02:52:00,,,
1989,BLOOMINGTON PD,BLOOMINGTON,2,0.0,1.0,0,0,,,,E 3RD ST,S OVERHILL DR,,,,39.164272,-86.501488,LOCAL/CITY RD,N,URBAN,N,N,N,,DAYLIGHT,CLEAR,DRY,,T-INTERSECTION,STRAIGHT/GRADE,ASPHALT,FAILURE TO YIELD RIGHT OF WAY,LEFT TURN,E 3RDSTSOVERHILLDR,NONE,2021-05-31 13:29:00,,,
1990,BLOOMINGTON PD,BLOOMINGTON,1,0.0,1.0,0,0,,Y,,I-69 N,W 3RD ST,,500.0,S,0.0,0.0,INTERSTATE,N,URBAN,N,N,N,,DAYLIGHT,CLEAR,DRY,,NO JUNCTION INVOLVED,STRAIGHT/GRADE,ASPHALT,RAN OFF RD RIGHT,RAN OFF RD,I-69 N118.0,NONE,2021-05-31 17:45:00,,,
1991,INDIANA UNIV BLOOMINGTON PD,BLOOMINGTON,1,0.0,0.0,0,0,,,,E ATWATER AVE,S HENDERSON ST,,200.0,W,39.163149,-86.52724889,LOCAL/CITY RD,Y,URBAN,N,N,N,,DARK (LIGHTED),CLEAR,DRY,,NO JUNCTION INVOLVED,CURVE/LEVEL,ASPHALT,RAN OFF RD RIGHT,RAN OFF RD,ATWATERAVEHENDERSONST,NONE,2021-05-31 21:15:00,,,
1992,ISP BLOOMINGTON 33,ELLETTSVILLE,1,,0.0,0,1,8101,,,ST RD 46,ENTRANCE TO KEHE DISTRIBUTORS,,0.0,,39.24982289,-86.65103144,ST RD,,RURAL,N,N,N,,DARK (NOT LIGHTED),CLEAR,DRY,,NO JUNCTION INVOLVED,,ASPHALT,ANIMAL/OBJECT IN RDWAY,COLLISION WITH DEER,StateRd46,,2021-05-31 22:50:00,,,
1993,BLOOMINGTON PD,BLOOMINGTON,3,0.0,0.0,0,0,,,,W KIRKWOOD AVE,N ADAMS ST,,,,39.166816,-86.549488,LOCAL/CITY RD,N,URBAN,N,N,N,,DAYLIGHT,CLEAR,DRY,,FOUR-WAY INTERSECTION,STRAIGHT/HILLCREST,ASPHALT,UNSAFE SPEED,REAR END,NADAMSSTWKIRKWOODAVE,TRAFFIC CONTROL SIGNAL,2021-05-30 14:59:00,,,
1994,MONROE SD,BLOOMINGTON,2,0.0,0.0,0,0,,,,E BOLTINGHOUSE RD,E OLD MEYERS RD,,,,39.219064,-86.47303,LOCAL/CITY RD,N,RURAL,N,Y,N,,DAYLIGHT,CLEAR,DRY,,T-INTERSECTION,STRAIGHT/HILLCREST,CONCRETE,FAILURE TO YIELD RIGHT OF WAY,RIGHT ANGLE,EBOLTINGHOUSERDEOLDMEYERSRD,STOP SIGN,2021-05-30 15:59:00,,,
1995,ISP BLOOMINGTON 33,BLOOMINGTON,1,,0.0,0,0,,,,I-69 S,N ST RD 37,,0.0,,39.23645895,-86.5397351,INTERSTATE,,RURAL,N,N,N,,DAYLIGHT,CLOUDY,DRY,,NO JUNCTION INVOLVED,,ASPHALT,ANIMAL/OBJECT IN RDWAY,COLLISION WITH OBJECT IN RD,I-69123.5,,2021-05-29 16:45:00,,,
1996,MONROE SD,BLOOMINGTON,1,0.0,0.0,0,1,,,,ST RD 46,S FRIENDSHIP RD,,,,39.15571233,-86.407794,ST RD,N,RURAL,N,Y,N,,DAYLIGHT,CLEAR,DRY,,NO JUNCTION INVOLVED,CURVE/LEVEL,ASPHALT,ANIMAL/OBJECT IN RDWAY,COLLISION WITH DEER,FRIENDSHIPRDST RD 46E,NONE,2021-05-29 18:20:00,,,
1997,MONROE SD,BLOOMINGTON,1,0.0,0.0,0,0,,,,ST RD 46,,,1000.0,W,39.16351024,-86.41786097,ST RD,N,RURAL,N,N,N,,DARK (NOT LIGHTED),RAIN,WET,,NO JUNCTION INVOLVED,STRAIGHT/GRADE,ASPHALT,DRIVER ASLEEP OR FATIGUED,RAN OFF RD,NGETTYSCREEKRDST RD 46E,NONE,2021-05-28 00:13:00,,,
1998,BLOOMINGTON PD,BLOOMINGTON,1,0.0,0.0,0,0,,120,S,I-69 S,ST RD 46,,,,0.0,0.0,INTERSTATE,N,URBAN,N,Y,N,,DARK (LIGHTED),CLEAR,WET,,INTERCHANGE,CURVE/GRADE,ASPHALT,RAN OFF RD RIGHT,RAN OFF RD,I-69S,NONE,2021-05-28 01:19:00,,,
1999,BLOOMINGTON PD,BLOOMINGTON,2,0.0,1.0,0,0,,,,E 3RD ST,S COLLEGE MALL RD,,200.0,N,39.18548174,-86.472159,LOCAL/CITY RD,N,URBAN,N,N,N,,DAYLIGHT,CLOUDY,DRY,,FOUR-WAY INTERSECTION,STRAIGHT/GRADE,ASPHALT,FOLLOWING TOO CLOSELY,REAR END,EAST3RDSTEASTSTATERD46ST,TRAFFIC CONTROL SIGNAL,2021-05-28 05:54:00,,,
2000,MONROE SD,ELLETTSVILLE,2,0.0,0.0,0,0,,,,N RIDGEWAY DR,W VALLEY VIEW DR (SE),,,,39.239952,-86.606704,LOCAL/CITY RD,Y,RURAL,N,N,N,,DAWN/DUSK,CLOUDY,WET,,NO JUNCTION INVOLVED,STRAIGHT/LEVEL,ASPHALT,IMPROPER TURNING,OTHER - EXPLAIN IN NARRATIVE,NRIDGEWAYDRWVALLEYVIEWDR,STOP SIGN,2021-05-28 06:45:00,,,
2001,INDIANA UNIV BLOOMINGTON PD,BLOOMINGTON,1,1.0,0.0,0,0,,,,S HAWTHORNE DR,E ATWATER AVE,,,,39.163089,-86.520197,LOCAL/CITY RD,N,URBAN,N,N,N,,DAYLIGHT,RAIN,WET,,FOUR-WAY INTERSECTION,STRAIGHT/LEVEL,ASPHALT,IMPROPER TURNING,RAN OFF RD,ATWATERAVEHAWTHORNELN,STOP SIGN,2021-05-28 07:50:00,,,
2002,BLOOMINGTON PD,BLOOMINGTON,3,0.0,1.0,0,0,,,,E MOORES PK,S VALLEY FORGE RD,,200.0,W,39.150544,-86.502992,LOCAL/CITY RD,N,URBAN,N,N,N,,DAYLIGHT,CLOUDY,DRY,,NO JUNCTION INVOLVED,STRAIGHT/HILLCREST,ASPHALT,FOLLOWING TOO CLOSELY,REAR END,EMOORESPKSVALLEYFORGERD,NONE,2021-05-28 09:21:00,,,
2003,ISP BLOOMINGTON 33,UNIONVILLE(MONROE),1,,0.0,0,0,,,,ST RD 45,N RUSSELL RD (N),,200.0,,39.20127719,-86.46745613,ST RD,,RURAL,N,N,N,,DAYLIGHT,RAIN,WET,,RAILRD CROSSINGS,,ASPHALT,ANIMAL/OBJECT IN RDWAY,RAN OFF RD,StateRd45RussellRd,,2021-05-28 09:40:00,,,
2004,BLOOMINGTON PD,BLOOMINGTON,2,0.0,1.0,0,0,,,,ST RD 45,S LIBERTY DR,,,,39.14685525,-86.57709754,LOCAL/CITY RD,N,URBAN,N,N,N,,DAYLIGHT,CLOUDY,DRY,,FOUR-WAY INTERSECTION,STRAIGHT/LEVEL,ASPHALT,FOLLOWING TOO CLOSELY,REAR END,LIBERTYDRST RD 45HWY,TRAFFIC CONTROL SIGNAL,2021-05-28 10:18:00,,,
2005,INDIANA UNIV BLOOMINGTON PD,BLOOMINGTON,2,0.0,0.0,0,0,,,,E 10TH ST,N FEE LN,,,,39.171606,-86.519002,LOCAL/CITY RD,N,URBAN,N,N,Y,LN CLOSURE,DAYLIGHT,CLOUDY,DRY,,T-INTERSECTION,STRAIGHT/GRADE,ASPHALT,ENGINE FAILURE OR DEFECTIVE,BACKING CRASH,FEELNTENTHST,TRAFFIC CONTROL SIGNAL,2021-05-28 12:35:00,,,
2006,BLOOMINGTON PD,BLOOMINGTON,2,0.0,1.0,0,0,,,,N WALNUT ST,W ST RD 37,,,,39.20704,-86.534704,LOCAL/CITY RD,N,URBAN,N,N,N,,DAYLIGHT,RAIN,WET,,FOUR-WAY INTERSECTION,STRAIGHT/GRADE,ASPHALT,FOLLOWING TOO CLOSELY,REAR END,NORTHOLDSTATERD37STNORTHWALNUTST,TRAFFIC CONTROL SIGNAL,2021-05-28 13:23:00,,,
2007,ELLETTSVILLE PD,ELLETTSVILLE,2,0.0,0.0,0,0,,,,ST RD 46,N DEER PARK DR,,200.0,W,39.213301,-86.58664168,ST RD,N,URBAN,N,N,N,,DAYLIGHT,RAIN,WET,,NO JUNCTION INVOLVED,STRAIGHT/LEVEL,ASPHALT,OTHER (DRIVER) - EXPLAIN IN NARRATIVE,REAR END,DEERPARKDRST RD 4200W,LN CONTROL,2021-05-28 13:59:00,,,
2008,BLOOMINGTON PD,BLOOMINGTON,2,0.0,1.0,0,0,310,,,W GEORGIA AVE,ENTRANCE TO PARKING GARAGE,,,,39.17441927,-86.53085976,LOCAL/CITY RD,N,URBAN,N,N,N,,DAYLIGHT,RAIN,WATER (STANDING OR MOVING),,T-INTERSECTION,STRAIGHT/LEVEL,ASPHALT,FAILURE TO YIELD RIGHT OF WAY,LEFT TURN,W12THST,STOP SIGN,2021-05-28 16:10:00,,,
2009,BLOOMINGTON PD,BLOOMINGTON,1,0.0,0.0,0,0,2545,,,S LEONARD SPRINGS RD,W WALNUT LEAF DR,,,,39.140388,-86.582275,LOCAL/CITY RD,N,URBAN,N,N,N,,DAYLIGHT,CLEAR,WET,,NO JUNCTION INVOLVED,STRAIGHT/LEVEL,CONCRETE,UNSAFE LN MOVEMENT,RAN OFF RD,SOUTHLEONARDSPRINGSRD,NONE,2021-05-28 17:03:00,,,
2010,ELLETTSVILLE PD,ELLETTSVILLE,1,0.0,0.0,0,0,,,,ST RD 46,W FLATWOODS RD,,250.0,W,39.25308909,-86.6542203,ST RD,N,RURAL,N,N,N,,DAYLIGHT,CLOUDY,WET,,NO JUNCTION INVOLVED,CURVE/LEVEL,ASPHALT,OVERCORRECTING/OVERSTEERING,RAN OFF RD,FLATWOODSRDST RD 46 W,NONE,2021-05-28 17:24:00,,,
2011,BLOOMINGTON PD,BLOOMINGTON,2,0.0,0.0,0,0,,,,ST RD 46,S SMITH RD,,,,39.16424,-86.480688,ST RD,N,URBAN,N,N,N,,DAYLIGHT,CLOUDY,WET,,T-INTERSECTION,STRAIGHT/HILLCREST,ASPHALT,FAILURE TO YIELD RIGHT OF WAY,LEFT TURN,SMITHRDST RD 46E,STOP SIGN,2021-05-28 18:00:00,,,
2012,INDIANA UNIV BLOOMINGTON PD,BLOOMINGTON,2,0.0,3.0,0,0,,,,ST RD 45/46,E 17TH ST,,,,39.1797431,-86.5073177,ST RD,N,URBAN,N,N,N,,DAYLIGHT,CLOUDY,DRY,,T-INTERSECTION,STRAIGHT/LEVEL,ASPHALT,FAILURE TO YIELD RIGHT OF WAY,LEFT TURN,EAST17THSTST RD 46,TRAFFIC CONTROL SIGNAL,2021-05-28 18:56:00,,,
2013,ISP BLOOMINGTON 33,ELLETTSVILLE,2,,0.0,0,0,,,,W RICHLAND PLAZA DR,N UNION VALLEY RD,,0.0,,39.21675092,-86.59275037,LOCAL/CITY RD,,RURAL,N,N,N,,DAYLIGHT,CLOUDY,DRY,,T-INTERSECTION,,ASPHALT,FAILURE TO YIELD RIGHT OF WAY,LEFT TURN,WRichlandPlazaDrNUnionValleyRd,,2021-05-27 00:00:00,,,
2014,ISP BLOOMINGTON 33,UNIONVILLE(MONROE),1,,1.0,0,0,,,,ST RD 45,E MARTIN DR,,0.0,,39.20451449,-86.46322335,ST RD,,RURAL,N,N,N,,DAYLIGHT,FOG/SMOKE/SMOG,DRY,,NO JUNCTION INVOLVED,,ASPHALT,UNSAFE SPEED,RAN OFF RD,StateRd45NMartinDr,,2021-05-27 08:10:00,,,
2015,ELLETTSVILLE PD,ELLETTSVILLE,2,0.0,0.0,0,0,,,,ST RD 46,N MATTHEWS DR (N),,,,39.236096,-86.625168,LOCAL/CITY RD,N,URBAN,N,N,N,,DAYLIGHT,CLEAR,DRY,,NO JUNCTION INVOLVED,STRAIGHT/LEVEL,ASPHALT,FAILURE TO YIELD RIGHT OF WAY,RIGHT TURN,MAINSTMATTHEWSDR,TRAFFIC CONTROL SIGNAL,2021-05-27 11:25:00,,,
2016,BLOOMINGTON PD,BLOOMINGTON,1,1.0,0.0,0,0,,,,ST RD 46,S CLARIZZ BLVD,,,,39.16424,-86.4908,LOCAL/CITY RD,N,URBAN,N,N,N,,DAYLIGHT,CLEAR,DRY,,T-INTERSECTION,STRAIGHT/LEVEL,ASPHALT,IMPROPER TURNING,OTHER - EXPLAIN IN NARRATIVE,E 3RDSTSCLARIZZBLVD,TRAFFIC CONTROL SIGNAL,2021-05-27 14:39:00,,,
2017,BLOOMINGTON PD,BLOOMINGTON,1,0.0,0.0,0,0,,,,S WEIMER RD,W WAPEHANI RD,,,,39.142608,-86.562048,LOCAL/CITY RD,N,URBAN,N,N,N,,DARK (NOT LIGHTED),CLEAR,WET,,NO JUNCTION INVOLVED,STRAIGHT/GRADE,ASPHALT,UNSAFE SPEED,RAN OFF RD,SWEIMERRDWWAPEHANIRD,NONE,2021-05-27 15:25:00,,,
2018,MONROE SD,BLOOMINGTON,1,0.0,0.0,0,0,,,,W VERNAL PK,N OARD,,,,39.181344,-86.637104,COUNTY RD,N,RURAL,N,N,N,,DAYLIGHT,CLEAR,DRY,,Y-INTERSECTION,STRAIGHT/LEVEL,ASPHALT,RAN OFF RD RIGHT,RAN OFF RD,NOARDRDWVERNALPK,NONE,2021-05-27 19:21:00,,,
2019,MONROE SD,BLOOMINGTON,1,0.0,0.0,0,0,,,,S WALNUT ST,ST RD 37,,,,39.085632,-86.542304,LOCAL/CITY RD,N,RURAL,N,N,N,,DARK (LIGHTED),CLEAR,DRY,,FOUR-WAY INTERSECTION,CURVE/LEVEL,ASPHALT,RAN OFF RD RIGHT,RAN OFF RD,SOLDSTATERD37RDS ST RD 37,TRAFFIC CONTROL SIGNAL,2021-05-27 21:03:00,,,
2020,BLOOMINGTON PD,BLOOMINGTON,2,0.0,0.0,0,0,310,,,W 8TH ST,VALHALLA MEMORY GARDENS,,,,39.16708441,-86.564992,UNKNOWN,Y,RURAL,N,N,N,,DARK (NOT LIGHTED),CLEAR,WET,,Y-INTERSECTION,CURVE/GRADE,ASPHALT,OTHER (DRIVER) - EXPLAIN IN NARRATIVE,REAR END,NJOHNSONAVE,NONE,2021-05-27 23:40:00,,,
2021,BLOOMINGTON PD,BLOOMINGTON,2,0.0,0.0,0,0,3901,,,ENTRANCE TO BLOOMINGTON HIGH SCHOOL NORTH,N KINSER PK,,,,39.20304,-86.547392,UNKNOWN,N,URBAN,Y,N,N,,DAYLIGHT,CLOUDY,DRY,,T-INTERSECTION,CURVE/GRADE,ASPHALT,IMPROPER TURNING,LEFT TURN,NKINSERPK,STOP SIGN,2021-05-26 07:47:00,,,
2022,INDIANA UNIV BLOOMINGTON PD,BLOOMINGTON,3,0.0,0.0,0,0,,,,E 10TH ST,MID-CROSSWALK,,374.0,E,39.171606,-86.51903435,LOCAL/CITY RD,N,URBAN,N,N,N,,DAYLIGHT,RAIN,WET,,NO JUNCTION INVOLVED,STRAIGHT/LEVEL,ASPHALT,SPEED TOO FAST FOR WEATHER CONDITIONS,REAR END,FEELNTENTHST,NONE,2021-05-26 09:00:00,,,
2023,ISP BLOOMINGTON 33,BLOOMINGTON,2,,0.0,0,0,,,,ST RD 45,S LEONARD SPRINGS RD,,250.0,W,39.1415451,-86.58323143,ST RD,,RURAL,N,N,N,,DAYLIGHT,CLOUDY,DRY,,NO JUNCTION INVOLVED,,ASPHALT,FAILURE TO YIELD RIGHT OF WAY,RIGHT ANGLE,ST RD 45approx250ftwestofLeonardSpringsRd,,2021-05-26 12:40:00,,,