_id,Agency,City,Vehicles Involved,Trailers Involved,Number Injured,Number Dead,Number Deer,House Number,Roadway Interchange,Roadway Ramp,Roadway Id,Intersecting Road,Interchange,Feet From,Direction,Latitude,Longitude,Roadway Class,Hit and Run?,Locality,School Zone?,Rumble Strips?,Construction?,Construction Type,Light Condition,Weather Conditions,Surface Condition,Type of Median,Roadway Junction Type,Road Character,Roadway Surface,Primary Factor,Manner of Collision,Unique Location Id,Traffic Control,DateTime,Address Number,Cyclist Involved,Pedestrian Involved
2024,BLOOMINGTON PD,BLOOMINGTON,2,0.0,0.0,0,0,,,,W 3RD ST (N),S PATTERSON DR,,300.0,W,39.1644,-86.55204403,LOCAL/CITY RD,N,URBAN,N,N,N,,DAYLIGHT,CLEAR,DRY,,T-INTERSECTION,STRAIGHT/GRADE,ASPHALT,FOLLOWING TOO CLOSELY,REAR END,SOUTHPATTERSONDRWEST3RDST,LN CONTROL,2021-05-26 14:01:00,,,
2025,BLOOMINGTON PD,BLOOMINGTON,2,0.0,0.0,0,0,,,,N PETE LLIS DR,E LONGVIEW AVE,,,,39.166944,-86.495056,LOCAL/CITY RD,N,URBAN,N,N,N,,DAYLIGHT,CLEAR,DRY,,FOUR-WAY INTERSECTION,STRAIGHT/LEVEL,ASPHALT,FAILURE TO YIELD RIGHT OF WAY,RIGHT ANGLE,EASTLONGVIEWDRNORTHPETEELLISDR,STOP SIGN,2021-05-26 14:40:00,,,
2026,BLOOMINGTON PD,BLOOMINGTON,2,0.0,0.0,0,0,,,,W 11TH ST,N MORTON ST,,,,39.173216,-86.536,LOCAL/CITY RD,N,URBAN,N,N,N,,DAYLIGHT,CLOUDY,DRY,,FOUR-WAY INTERSECTION,STRAIGHT/HILLCREST,ASPHALT,FAILURE TO YIELD RIGHT OF WAY,RIGHT ANGLE,NMORTONSTW11THST,STOP SIGN,2021-05-26 16:08:00,,,
2027,MONROE SD,BLOOMINGTON,2,0.0,0.0,0,0,,,,S CURRY PK,W WOODLYN DR,,20.0,S,39.145856,-86.582592,COUNTY RD,N,RURAL,N,N,N,,DAYLIGHT,CLEAR,DRY,,T-INTERSECTION,STRAIGHT/LEVEL,ASPHALT,FOLLOWING TOO CLOSELY,REAR END,SCURRYPKWWOODLYNDR,TRAFFIC CONTROL SIGNAL,2021-05-26 16:31:00,,,
2028,ISP BLOOMINGTON 33,BLOOMINGTON,2,,0.0,0,0,,,,S VICTOR PK,ST RD 37,,0.0,,39.10553454,-86.55140824,ST RD,,RURAL,N,Y,N,,DAYLIGHT,CLEAR,DRY,,FOUR-WAY INTERSECTION,,ASPHALT,DISREGARD SIGNAL/REG SIGN,RIGHT ANGLE,StateRd37SVictorPike,,2021-05-26 19:18:00,,,
2029,INDIANA UNIV BLOOMINGTON PD,BLOOMINGTON,2,0.0,0.0,0,0,,,,E 17TH ST,N DUNN ST,,,,39.180863,-86.523711,LOCAL/CITY RD,N,URBAN,N,N,N,,DAYLIGHT,CLEAR,DRY,,FOUR-WAY INTERSECTION,STRAIGHT/LEVEL,ASPHALT,DISREGARD SIGNAL/REG SIGN,RIGHT ANGLE,DUNNSTEAST17THST,STOP SIGN,2021-05-25 14:23:00,,,
2030,MONROE SD,BLOOMINGTON,1,0.0,0.0,0,0,,,,S FRIENDSHIP RD,E LAMPKINS RIDGE RD,,,,39.143056,-86.406096,COUNTY RD,N,RURAL,N,N,N,,DAYLIGHT,CLEAR,DRY,,T-INTERSECTION,STRAIGHT/LEVEL,ASPHALT,RAN OFF RD RIGHT,RAN OFF RD,ELAMPKINSRIDGERDSFRIENDSHIPRD,STOP SIGN,2021-05-25 16:07:00,,,
2031,INDIANA UNIV BLOOMINGTON PD,BLOOMINGTON,2,1.0,0.0,0,0,,,,N EAGLESON AVE,ENTRANCE TO WELLS LIBRARY,,375.0,N,39.20851146,-86.516143,LOCAL/CITY RD,N,URBAN,N,N,N,,DAYLIGHT,CLEAR,DRY,,NO JUNCTION INVOLVED,STRAIGHT/GRADE,ASPHALT,UNSAFE BACKING,BACKING CRASH,E7THSTEAGLESON AVEAVE,LN CONTROL,2021-05-25 20:00:00,,,
2032,BLOOMINGTON PD,BLOOMINGTON,2,0.0,0.0,0,0,,,,S WALNUT ST,E 3RD ST,,,,39.16464,-86.5336,LOCAL/CITY RD,N,URBAN,N,N,N,,DAWN/DUSK,CLEAR,DRY,,FOUR-WAY INTERSECTION,STRAIGHT/LEVEL,CONCRETE,WRONG WAY ON ONE WAY,RIGHT ANGLE,EAST3RDSTSOUTHWALNUTST,TRAFFIC CONTROL SIGNAL,2021-05-25 20:10:00,,,
2033,BLOOMINGTON PD,BLOOMINGTON,1,0.0,1.0,0,0,3401,,,W WAPEHANI RD,,,,,39.256512,-86.525936,UNKNOWN,N,URBAN,N,N,N,,DAWN/DUSK,CLEAR,DRY,,NO JUNCTION INVOLVED,STRAIGHT/GRADE,ASPHALT,BRAKE FAILURE OR DEFECTIVE,RAN OFF RD,WWAPEHANIRD,NONE,2021-05-25 20:59:00,,,
2034,MONROE SD,BLOOMINGTON,1,0.0,0.0,0,0,,,,I-69 N,,,100.0,S,0.0,0.0,INTERSTATE,N,RURAL,N,N,N,,DAYLIGHT,CLEAR,DRY,,NO JUNCTION INVOLVED,STRAIGHT/LEVEL,ASPHALT,OTHER (ENVIRONMENTAL) - EXPLAIN IN NARR,COLLISION WITH OBJECT IN RD,I-69 N123.0,NONE,2021-05-24 08:45:00,,,
2035,BLOOMINGTON PD,BLOOMINGTON,2,0.0,0.0,0,0,,,,S ROCKPORT RD,W COUNTRY CLUB DR,,,,39.136332,-86.548756,LOCAL/CITY RD,N,URBAN,N,N,N,,DAYLIGHT,CLEAR,DRY,,FOUR-WAY INTERSECTION,STRAIGHT/GRADE,ASPHALT,FAILURE TO YIELD RIGHT OF WAY,RIGHT ANGLE,SROCKPORTRDSWCOUNTRYCLUBDR,TRAFFIC CONTROL SIGNAL,2021-05-24 11:40:00,,,
2036,BLOOMINGTON PD,BLOOMINGTON,2,0.0,0.0,0,0,,,,E 2ND ST,N WOODLAWN AVE,,,,39.161312,-86.522576,LOCAL/CITY RD,N,URBAN,N,N,N,,DAYLIGHT,CLEAR,DRY,,FOUR-WAY INTERSECTION,STRAIGHT/LEVEL,ASPHALT,FAILURE TO YIELD RIGHT OF WAY,RIGHT ANGLE,ESECONDSTWOODLAWNAVE,STOP SIGN,2021-05-24 14:28:00,,,
2037,BLOOMINGTON PD,BLOOMINGTON,2,0.0,0.0,0,0,,,,ST RD 48,S CURRY PK,,,,39.16465,-86.582939,LOCAL/CITY RD,N,URBAN,N,N,N,,DAYLIGHT,CLEAR,DRY,,FOUR-WAY INTERSECTION,STRAIGHT/LEVEL,ASPHALT,FOLLOWING TOO CLOSELY,REAR END,SOUTHCURRYPKWEST3RDST,TRAFFIC CONTROL SIGNAL,2021-05-24 14:33:00,,,
2038,BLOOMINGTON PD,BLOOMINGTON,2,0.0,0.0,0,0,,,,S LEONARD SPRINGS RD,W HEATHERWOOD LN,,,,39.126792,-86.582583,LOCAL/CITY RD,N,URBAN,N,N,N,,DAYLIGHT,CLEAR,DRY,,T-INTERSECTION,STRAIGHT/LEVEL,ASPHALT,UNSAFE SPEED,REAR END,SLEONARDSPRINGSRDWHEATHERWOODLN,NONE,2021-05-24 14:52:00,,,
2039,MONROE SD,BLOOMINGTON,2,0.0,0.0,0,0,1285,,,S LIBERTY DR,ENTRANCE TO MENARDS,,,,39.145264,-86.577616,LOCAL/CITY RD,N,RURAL,N,N,N,,DAYLIGHT,CLEAR,DRY,,NO JUNCTION INVOLVED,NON-RDWAY CRASH,CONCRETE,FOLLOWING TOO CLOSELY,REAR END,SLIBERTYDR,NONE,2021-05-24 15:33:00,,,
2040,BLOOMINGTON PD,BLOOMINGTON,2,0.0,0.0,0,0,,,,S WALNUT ST PK,E RHORER RD,,,,39.12144,-86.526496,LOCAL/CITY RD,N,URBAN,N,N,N,,DAYLIGHT,CLEAR,DRY,,FOUR-WAY INTERSECTION,STRAIGHT/GRADE,ASPHALT,FAILURE TO YIELD RIGHT OF WAY,RIGHT ANGLE,EASTRHORERRDSOUTHWALNUTSTPK,TRAFFIC CONTROL SIGNAL,2021-05-24 15:36:00,,,
2041,INDIANA UNIV BLOOMINGTON PD,BLOOMINGTON,1,0.0,1.0,0,0,,,,N EAGLESON AVE,E 7TH ST,,,,39.168853,-86.516143,LOCAL/CITY RD,N,URBAN,N,N,N,,DAYLIGHT,CLEAR,DRY,,FOUR-WAY INTERSECTION,STRAIGHT/GRADE,ASPHALT,FAILURE TO YIELD RIGHT OF WAY,RIGHT TURN,E7THSTEAGLESON AVEAVE,STOP SIGN,2021-05-24 15:55:00,,True,
2042,BLOOMINGTON PD,BLOOMINGTON,2,0.0,0.0,0,0,,,,N WALNUT ST,W ST RD 37,,,,39.20704,-86.534704,LOCAL/CITY RD,N,URBAN,N,N,N,,DAYLIGHT,CLEAR,DRY,,FOUR-WAY INTERSECTION,STRAIGHT/GRADE,ASPHALT,DISREGARD SIGNAL/REG SIGN,RIGHT ANGLE,NWALNUTSTOLDS ST RD 37T,TRAFFIC CONTROL SIGNAL,2021-05-24 16:17:00,,,
2043,MONROE SD,BLOOMINGTON,4,0.0,0.0,0,0,,,,N CURRY PK,W WOODYARD,,150.0,S,39.190672,-86.582992,LOCAL/CITY RD,N,URBAN,N,N,N,,DAYLIGHT,CLEAR,DRY,,NO JUNCTION INVOLVED,CURVE/LEVEL,ASPHALT,LEFT OF CENTER,OPPOSITE DIRECTION SIDESWIPE,NCURRYPKWWOODYARDRD,LN CONTROL,2021-05-24 16:19:00,,,
2044,BLOOMINGTON PD,BLOOMINGTON,2,0.0,0.0,0,0,,,,W COUNTRY CLUB DR,S MADISON ST,,,,39.136048,-86.536992,LOCAL/CITY RD,N,URBAN,N,N,N,,DAYLIGHT,CLEAR,DRY,,FOUR-WAY INTERSECTION,STRAIGHT/GRADE,ASPHALT,FOLLOWING TOO CLOSELY,REAR END,MADISONSTWESTCOUNTRYCLUBRD,TRAFFIC CONTROL SIGNAL,2021-05-24 17:16:00,,,
2045,BLOOMINGTON PD,BLOOMINGTON,2,0.0,1.0,0,0,1175,,,E COVENANTER DR,S AUTO MALL RD,,,,39.153694,-86.495232,LOCAL/CITY RD,N,URBAN,N,N,N,,DAYLIGHT,CLEAR,DRY,,FOUR-WAY INTERSECTION,STRAIGHT/LEVEL,ASPHALT,FOLLOWING TOO CLOSELY,REAR END,1175SCOLLEGEMALLRDEASTCOVENANTERBLVD,STOP SIGN,2021-05-24 17:24:00,,,
2046,BLOOMINGTON PD,BLOOMINGTON,1,0.0,0.0,0,0,,,,N WALNUT ST,W 10TH ST,,,,39.171744,-86.53352,LOCAL/CITY RD,N,RURAL,N,N,N,,DAYLIGHT,CLEAR,DRY,,FOUR-WAY INTERSECTION,STRAIGHT/GRADE,ASPHALT,RAN OFF RD RIGHT,RAN OFF RD,NWALNUTSTW10THST,TRAFFIC CONTROL SIGNAL,2021-05-24 19:35:00,,,
2047,INDIANA UNIV BLOOMINGTON PD,BLOOMINGTON,2,0.0,0.0,0,0,,,,E 3RD ST,S COLLEGE MALL RD,,,,0.0,0.0,LOCAL/CITY RD,N,URBAN,N,N,Y,LN CLOSURE,DARK (LIGHTED),CLEAR,DRY,,FOUR-WAY INTERSECTION,STRAIGHT/LEVEL,ASPHALT,UNSAFE BACKING,REAR END,COLLEGEMALLRDST RD 46,TRAFFIC CONTROL SIGNAL,2021-05-24 21:32:00,,,
2048,ISP BLOOMINGTON 33,BLOOMINGTON,1,,0.0,0,0,,,,I-69 S,W VERNAL PK,,0.0,,39.17904293,-86.55924029,INTERSTATE,,URBAN,N,Y,N,,DAYLIGHT,CLEAR,DRY,,NO JUNCTION INVOLVED,,ASPHALT,OTHER (ENVIRONMENTAL) - EXPLAIN IN NARR,NON-COLLISION,I-69120,,2021-05-23 13:24:00,,,
2049,BLOOMINGTON PD,BLOOMINGTON,2,0.0,0.0,0,0,,,,S HENDERSON ST,E HILLSIDE DR,,,,39.15064,-86.52696,UNKNOWN,Y,URBAN,N,N,N,,DAYLIGHT,CLEAR,DRY,,NO JUNCTION INVOLVED,STRAIGHT/GRADE,ASPHALT,RAN OFF RD RIGHT,SAME DIRECTION SIDESWIPE,HENDERSONSTHILLSIDEST,LN CONTROL,2021-05-23 17:40:00,,,
2050,MONROE SD,BLOOMINGTON,1,0.0,1.0,0,0,,,,W WOODYARD,N LOESCH RD,,,,39.193664,-86.590994,COUNTY RD,N,RURAL,N,N,N,,DAYLIGHT,CLEAR,DRY,,FOUR-WAY INTERSECTION,STRAIGHT/LEVEL,ASPHALT,IMPROPER TURNING,COLLISION WITH OBJECT IN RD,LOESCHRDWOODYARDRD,TRAFFIC CONTROL SIGNAL,2021-05-23 18:48:00,,True,
2051,MONROE SD,BLOOMINGTON,1,0.0,0.0,0,0,7265,,,ST RD 45,W CROSSOVER RD,,,,39.125312,-86.610496,ST RD,Y,RURAL,N,N,N,,DARK (NOT LIGHTED),CLEAR,DRY,,T-INTERSECTION,CURVE/LEVEL,ASPHALT,RAN OFF RD RIGHT,RAN OFF RD,ST RD 45,LN CONTROL,2021-05-22 01:11:00,,,
2052,BLOOMINGTON PD,BLOOMINGTON,2,0.0,1.0,0,0,,,,S WALNUT ST,E 3RD ST,,,,39.16464,-86.5336,LOCAL/CITY RD,N,URBAN,N,N,N,,DARK (LIGHTED),CLEAR,DRY,,FOUR-WAY INTERSECTION,STRAIGHT/LEVEL,ASPHALT,FAILURE TO YIELD RIGHT OF WAY,RIGHT ANGLE,E 3RDSTSWALNUTST,TRAFFIC CONTROL SIGNAL,2021-05-22 01:21:00,,,
2053,INDIANA UNIV BLOOMINGTON PD,BLOOMINGTON,2,0.0,0.0,0,0,,,,E ATWATER AVE,S EAGLESON AVE,,,,39.163051,-86.516389,LOCAL/CITY RD,N,URBAN,N,N,N,,DAYLIGHT,CLEAR,DRY,,FOUR-WAY INTERSECTION,STRAIGHT/LEVEL,ASPHALT,DISREGARD SIGNAL/REG SIGN,RIGHT ANGLE,ATWATERAVEEAGLESON AVEAVE,TRAFFIC CONTROL SIGNAL,2021-05-22 19:37:00,,,
2054,BLOOMINGTON PD,BLOOMINGTON,2,0.0,1.0,0,0,,,,E RHORER RD,S TWO CREEKS LN,,,,39.121454,-86.516957,LOCAL/CITY RD,N,URBAN,N,N,N,,DARK (NOT LIGHTED),CLEAR,DRY,,T-INTERSECTION,STRAIGHT/GRADE,CONCRETE,FAILURE TO YIELD RIGHT OF WAY,RAN OFF RD,ERHORERRDSTWOCREEKSLN,NONE,2021-05-22 21:08:00,,,
2055,MONROE SD,BLOOMINGTON,1,0.0,0.0,0,0,,,,ST RD 446,RED OAK LN,,50.0,S,0.0,0.0,ST RD,N,RURAL,N,N,N,,DARK (NOT LIGHTED),CLEAR,DRY,,T-INTERSECTION,CURVE/HILLCREST,ASPHALT,RAN OFF RD RIGHT,RAN OFF RD,REDOAKLNST RD 446S,NONE,2021-05-21 11:57:00,,,
2056,BLOOMINGTON PD,BLOOMINGTON,2,0.0,0.0,0,0,3423,,,ACADIA CT,,,,,39.133065,-86.5183052,UNKNOWN,N,URBAN,N,N,N,,DAYLIGHT,CLEAR,DRY,,NO JUNCTION INVOLVED,STRAIGHT/GRADE,ASPHALT,UNSAFE BACKING,BACKING CRASH,SOUTHACADIACT,NONE,2021-05-21 11:59:00,,,
2057,BLOOMINGTON PD,BLOOMINGTON,2,0.0,0.0,0,0,,,,E 3RD ST,S JEFFERSON ST,,,,39.164304,-86.506992,LOCAL/CITY RD,N,URBAN,N,N,N,,DAYLIGHT,CLEAR,DRY,,NO JUNCTION INVOLVED,STRAIGHT/LEVEL,ASPHALT,FOLLOWING TOO CLOSELY,REAR END,E 3RDSTJEFFERSONST,TRAFFIC CONTROL SIGNAL,2021-05-21 16:33:00,,,
2058,BLOOMINGTON PD,BLOOMINGTON,2,0.0,0.0,0,0,,,,ST RD 45/46,N WALNUT ST,,,,39.186352,-86.534704,LOCAL/CITY RD,Y,URBAN,N,N,N,,DAYLIGHT,BLOWING SAND/SOIL/SNOW,DRY,,FOUR-WAY INTERSECTION,STRAIGHT/LEVEL,ASPHALT,FOLLOWING TOO CLOSELY,REAR END,NCOLLEGEAVEST RD 46 W,TRAFFIC CONTROL SIGNAL,2021-05-21 18:08:00,,,
2059,MONROE SD,BLOOMINGTON,2,0.0,1.0,0,0,,,Y,W TAPP RD,I-69 S,,,,0.0,0.0,LOCAL/CITY RD,N,URBAN,N,N,N,,DARK (LIGHTED),CLEAR,DRY,,TRAFFIC CIRCLE/ROUNDABOUT,CURVE/LEVEL,ASPHALT,FAILURE TO YIELD RIGHT OF WAY,RIGHT ANGLE,SBINTERSTATE69OFFRPWTAPPRD,LN CONTROL,2021-05-21 23:20:00,,,
2060,BLOOMINGTON PD,BLOOMINGTON,1,0.0,0.0,0,0,,,,E 10TH ST,N GRANT ST,,,,39.171696,-86.529696,LOCAL/CITY RD,Y,URBAN,N,N,N,,DAWN/DUSK,CLEAR,DRY,,FOUR-WAY INTERSECTION,STRAIGHT/GRADE,ASPHALT,IMPROPER TURNING,RAN OFF RD,10THSTGRANTST,LN CONTROL,2021-05-20 06:20:00,,,
2061,DNR LAW ENFORCEMENT,BLOOMINGTON,1,,0.0,0,0,,,,CUTRIGHT STATE RECREATION AREA RD,,,0.0,,39.06746322,-86.40724934,ST RD,,RURAL,N,N,N,,DAYLIGHT,CLEAR,DRY,,NO JUNCTION INVOLVED,,GRAVEL,OVERCORRECTING/OVERSTEERING,,StateRd446,,2021-05-20 07:00:00,,,
2062,MONROE SD,BLOOMINGTON,2,0.0,0.0,0,0,,,,ST RD 446,,,460.0,N,39.14827765,-86.4252816,ST RD,N,RURAL,N,N,N,,DAYLIGHT,CLEAR,DRY,,NO JUNCTION INVOLVED,CURVE/GRADE,CONCRETE,UNSAFE SPEED,OPPOSITE DIRECTION SIDESWIPE,EMERRITTDRST RD 446S,NONE,2021-05-20 16:35:00,,,
2063,ISP BLOOMINGTON 33,BLOOMINGTON,2,,0.0,0,0,,,,I-69 S,W TAPP RD,,0.0,,39.13284781,-86.57322074,INTERSTATE,,URBAN,N,N,N,,DAYLIGHT,CLEAR,DRY,,NO JUNCTION INVOLVED,,ASPHALT,FAILURE TO YIELD RIGHT OF WAY,REAR END,I-69116,,2021-05-20 16:55:00,,,
2064,ISP BLOOMINGTON 33,,2,,0.0,0,0,,,,ST RD 45,S WOODBINE DR,,80.0,,39.10952346,-86.64078503,ST RD,,RURAL,N,N,N,,DAYLIGHT,CLEAR,DRY,,NO JUNCTION INVOLVED,,ASPHALT,FOLLOWING TOO CLOSELY,REAR END,WStateRd45SWoodbineDr.,,2021-05-20 19:30:00,,,
2065,MONROE SD,BLOOMINGTON,1,0.0,0.0,0,0,,,,S FAIRFAX RD,S STRAIN RIDGE RD,,,,39.07434,-86.505806,LOCAL/CITY RD,N,URBAN,N,N,N,,DARK (LIGHTED),CLEAR,DRY,,T-INTERSECTION,STRAIGHT/GRADE,ASPHALT,RAN OFF RD RIGHT,RAN OFF RD,SOUTHFAIRFAXRDSOUTHSTRAINRIDGERD,STOP SIGN,2021-05-19 01:34:00,,,
2066,ELLETTSVILLE PD,ELLETTSVILLE,2,0.0,0.0,0,0,,,,ST RD 46,N MATTHEWS DR (N),,,,39.236096,-86.625168,LOCAL/CITY RD,N,URBAN,N,N,N,,DAYLIGHT,RAIN,WET,,NO JUNCTION INVOLVED,STRAIGHT/LEVEL,ASPHALT,LEFT OF CENTER,RIGHT TURN,MAINSTMATTHEWSDR,TRAFFIC CONTROL SIGNAL,2021-05-19 07:00:00,,,
2067,BLOOMINGTON PD,BLOOMINGTON,2,0.0,1.0,0,0,,,,S WALNUT ST,ENTRANCE TO STARBUCKS,,150.0,S,39.146944,-86.532544,LOCAL/CITY RD,N,URBAN,N,N,N,,DAYLIGHT,CLOUDY,DRY,,NO JUNCTION INVOLVED,STRAIGHT/LEVEL,ASPHALT,FAILURE TO YIELD RIGHT OF WAY,RIGHT ANGLE,EMILLERDRSWALNUTST,LN CONTROL,2021-05-19 08:30:00,,,
2068,BLOOMINGTON PD,BLOOMINGTON,1,0.0,0.0,0,0,,,,W BLOOMFIELD RD,S LANDMARK AVE,,,,39.159933,-86.55386,LOCAL/CITY RD,N,URBAN,N,N,N,,DAYLIGHT,CLOUDY,DRY,,FOUR-WAY INTERSECTION,STRAIGHT/LEVEL,ASPHALT,OVERCORRECTING/OVERSTEERING,OTHER - EXPLAIN IN NARRATIVE,BLOOMFIELDRDLANDMARKAVE,TRAFFIC CONTROL SIGNAL,2021-05-19 10:16:00,,,
2069,BLOOMINGTON PD,BLOOMINGTON,2,0.0,0.0,0,0,,,,W 3RD ST,S KIMBLE DR,,,,39.16464,-86.568,LOCAL/CITY RD,N,URBAN,N,N,N,,DAYLIGHT,CLEAR,DRY,,T-INTERSECTION,STRAIGHT/LEVEL,ASPHALT,FOLLOWING TOO CLOSELY,REAR END,SKIMBLEDRW 3RDST,TRAFFIC CONTROL SIGNAL,2021-05-19 14:41:00,,,
2070,MONROE SD,BLOOMINGTON,2,0.0,0.0,0,0,,,,N SMITH PK,W WOODYARD,,,,0.0,0.0,LOCAL/CITY RD,N,URBAN,N,N,N,,DAYLIGHT,CLEAR,DRY,,NO JUNCTION INVOLVED,STRAIGHT/LEVEL,ASPHALT,IMPROPER TURNING,LEFT TURN,NSMITHPKWWOODYARDRD,STOP SIGN,2021-05-19 14:45:00,,,
2071,BLOOMINGTON PD,BLOOMINGTON,2,0.0,0.0,0,0,,,,N WALNUT ST,W 6TH ST,,,,39.167648,-86.533584,LOCAL/CITY RD,N,URBAN,N,N,N,,DAYLIGHT,CLEAR,DRY,,FOUR-WAY INTERSECTION,STRAIGHT/GRADE,ASPHALT,UNSAFE LN MOVEMENT,SAME DIRECTION SIDESWIPE,NORTHWALNUTSTWEST6THST,TRAFFIC CONTROL SIGNAL,2021-05-19 15:05:00,,,
2072,MONROE SD,BLOOMINGTON,2,0.0,0.0,0,0,,,,S ROGERS ST,W CLEAR CREEK DR,,100.0,S,0.0,0.0,LOCAL/CITY RD,N,RURAL,N,N,N,,DAYLIGHT,CLEAR,DRY,,NO JUNCTION INVOLVED,STRAIGHT/LEVEL,ASPHALT,FAILURE TO YIELD RIGHT OF WAY,RIGHT ANGLE,ECLEARCREEKSTSROGERSST,NONE,2021-05-19 15:47:00,,,
2073,BLOOMINGTON PD,BLOOMINGTON,2,0.0,0.0,0,0,,,,S WALNUT ST,W KIRKWOOD AVE,,50.0,N,39.16664,-86.5336,LOCAL/CITY RD,N,URBAN,N,N,N,,DAYLIGHT,CLEAR,DRY,,NO JUNCTION INVOLVED,STRAIGHT/LEVEL,ASPHALT,UNSAFE LN MOVEMENT,SAME DIRECTION SIDESWIPE,EKIRKWOODAVESWALNUTST,NONE,2021-05-19 17:08:00,,,
2074,BLOOMINGTON PD,BLOOMINGTON,1,0.0,1.0,0,0,,,,E 3RD ST,S HILLSDALE DR,,,,39.164272,-86.502416,LOCAL/CITY RD,N,URBAN,N,N,N,,DAYLIGHT,CLEAR,DRY,,FOUR-WAY INTERSECTION,STRAIGHT/LEVEL,ASPHALT,PEDESTRIAN ACTION,RIGHT ANGLE,E 3RDSTSHILLSDALERD,NONE,2021-05-19 18:02:00,,True,
2075,INDIANA UNIV BLOOMINGTON PD,BLOOMINGTON,2,0.0,0.0,0,0,,,,E 3RD ST,S EAGLESON AVE,,,,39.164263,-86.516394,LOCAL/CITY RD,N,URBAN,N,N,N,,DAYLIGHT,CLEAR,DRY,,FOUR-WAY INTERSECTION,STRAIGHT/LEVEL,ASPHALT,IMPROPER TURNING,LEFT TURN,EAGLESON AVEAVE 3RDST,LN CONTROL,2021-05-19 18:40:00,,,
2076,MONROE SD,BLOOMINGTON,2,0.0,0.0,0,0,,,,W DILLMAN RD,S WALNUT ST,,,,39.092965,-86.546052,ST RD,N,RURAL,N,N,N,,DARK (NOT LIGHTED),CLEAR,WET,,FOUR-WAY INTERSECTION,CURVE/HILLCREST,ASPHALT,FAILURE TO YIELD RIGHT OF WAY,OTHER - EXPLAIN IN NARRATIVE,DILLMANRDN ST RD 37,TRAFFIC CONTROL SIGNAL,2021-05-18 00:42:00,,,
2077,BLOOMINGTON PD,BLOOMINGTON,2,0.0,0.0,0,0,,,,S ROGERS ST,W COOLIDGE DR,,,,39.141328,-86.538528,LOCAL/CITY RD,N,URBAN,N,N,N,,DAYLIGHT,CLOUDY,DRY,,FOUR-WAY INTERSECTION,STRAIGHT/GRADE,ASPHALT,FAILURE TO YIELD RIGHT OF WAY,RIGHT ANGLE,SOUTHROGERSSTWESTCOOLIDGEDR,STOP SIGN,2021-05-18 09:35:00,,,
2078,BLOOMINGTON PD,BLOOMINGTON,1,0.0,1.0,0,0,,,,N DUNN ST,E ALICE ST,,100.0,N,39.169648,-86.52824,LOCAL/CITY RD,N,URBAN,N,N,N,,DAYLIGHT,CLOUDY,DRY,,FOUR-WAY INTERSECTION,STRAIGHT/LEVEL,ASPHALT,IMPROPER TURNING,RIGHT TURN,EAST8THSTNORTHDUNNST,LN CONTROL,2021-05-18 13:00:00,,True,
2079,BLOOMINGTON PD,BLOOMINGTON,1,0.0,0.0,0,0,,,,W 2ND ST,S WALKER ST,,150.0,E,39.161648,-86.546128,LOCAL/CITY RD,N,URBAN,N,N,N,,DAYLIGHT,CLOUDY,DRY,,NO JUNCTION INVOLVED,STRAIGHT/GRADE,ASPHALT,RAN OFF RD RIGHT,RAN OFF RD,SWALKERSTW 2NDST,NONE,2021-05-18 15:20:00,,,
2080,ISP BLOOMINGTON 33,BLOOMINGTON,1,,0.0,0,0,,96H,114H,ST RD 37,I-69 S,,0.0,,39.10998085,-86.56010969,ST RD,,RURAL,N,N,N,,DAYLIGHT,CLOUDY,DRY,,RAMP,,ASPHALT,,RAN OFF RD,ST RD 37-96-H,,2021-05-18 16:10:00,,,
2081,BLOOMINGTON PD,BLOOMINGTON,2,0.0,0.0,0,0,,,,W 15TH ST,N MAPLE ST,,,,39.17664,-86.542096,LOCAL/CITY RD,Y,URBAN,N,N,N,,DAYLIGHT,CLEAR,DRY,,NO JUNCTION INVOLVED,STRAIGHT/LEVEL,ASPHALT,UNSAFE LN MOVEMENT,SAME DIRECTION SIDESWIPE,15THSTMAPLEST,NONE,2021-05-18 19:19:00,,,
2082,MONROE SD,BLOOMINGTON,1,0.0,0.0,0,1,,,,I-69 S,,,100.0,S,0.0,0.0,INTERSTATE,N,RURAL,N,N,N,,DARK (NOT LIGHTED),CLEAR,DRY,,NO JUNCTION INVOLVED,STRAIGHT/LEVEL,CONCRETE,ANIMAL/OBJECT IN RDWAY,COLLISION WITH DEER,I-69S108.5,NONE,2021-05-18 23:07:00,,,
2083,MONROE SD,BLOOMINGTON,1,0.0,0.0,0,0,,,,I-69 N,,,100.0,S,0.0,0.0,INTERSTATE,N,RURAL,N,Y,N,,DARK (NOT LIGHTED),RAIN,WET,,NO JUNCTION INVOLVED,STRAIGHT/LEVEL,ASPHALT,ANIMAL/OBJECT IN RDWAY,RAN OFF RD,I-69 N111.0,NONE,2021-05-17 01:33:00,,,
2084,ISP BLOOMINGTON 33,BLOOMINGTON,1,,0.0,0,0,,Y,123,I-69 S,N ST RD 37,Y,950.0,,39.2357734,-86.54128022,INTERSTATE,,RURAL,N,N,N,,DAYLIGHT,RAIN,WET,,NO JUNCTION INVOLVED,,CONCRETE,SPEED TOO FAST FOR WEATHER CONDITIONS,RAN OFF RD,I-69,,2021-05-17 07:30:00,,,