_id,Agency,City,Vehicles Involved,Trailers Involved,Number Injured,Number Dead,Number Deer,House Number,Roadway Interchange,Roadway Ramp,Roadway Id,Intersecting Road,Interchange,Feet From,Direction,Latitude,Longitude,Roadway Class,Hit and Run?,Locality,School Zone?,Rumble Strips?,Construction?,Construction Type,Light Condition,Weather Conditions,Surface Condition,Type of Median,Roadway Junction Type,Road Character,Roadway Surface,Primary Factor,Manner of Collision,Unique Location Id,Traffic Control,DateTime,Address Number,Cyclist Involved,Pedestrian Involved
2085,MONROE SD,ELLETTSVILLE,2,0.0,0.0,0,0,,,,ST RD 46,N SMITH PK,,,,39.210144,-86.5832,ST RD,N,URBAN,N,N,N,,DAYLIGHT,RAIN,WET,,FOUR-WAY INTERSECTION,STRAIGHT/LEVEL,ASPHALT,DRIVER DISTRACTED - EXPLAIN IN NARRATIVE,REAR END,NSMITHPKST RD 46 W,TRAFFIC CONTROL SIGNAL,2021-05-17 08:29:00,,,
2086,ISP BLOOMINGTON 33,BLOOMINGTON,3,,0.0,0,0,,,,ST RD 37,,,1500.0,N,39.09639263,-86.54630131,ST RD,,RURAL,N,N,Y,LN CLOSURE,DAYLIGHT,CLOUDY,DRY,,NO JUNCTION INVOLVED,,CONCRETE,FOLLOWING TOO CLOSELY,REAR END,ST RD 371500ftnorthofDillmanRd,,2021-05-17 10:21:00,,,
2087,BLOOMINGTON PD,BLOOMINGTON,2,0.0,0.0,0,0,,,,W 17TH ST,N MONROE ST,,,,39.179248,-86.547104,LOCAL/CITY RD,Y,URBAN,N,N,N,,DAYLIGHT,CLEAR,DRY,,TRAFFIC CIRCLE/ROUNDABOUT,STRAIGHT/LEVEL,ASPHALT,FOLLOWING TOO CLOSELY,SAME DIRECTION SIDESWIPE,NMONROESTW17THST,ROUNDABOUT INTERSECTION,2021-05-17 13:37:00,,,
2088,BLOOMINGTON PD,BLOOMINGTON,1,0.0,0.0,0,0,,,,E SUMMIT VIEW PL,S HENDERSON ST,,,,39.144554,-86.526958,LOCAL/CITY RD,Y,URBAN,N,N,N,,DAYLIGHT,CLEAR,DRY,,FOUR-WAY INTERSECTION,STRAIGHT/GRADE,ASPHALT,UNSAFE SPEED,RAN OFF RD,ESUMMITVIEWPLSHENDERSONST,NONE,2021-05-17 14:15:00,,,
2089,BLOOMINGTON PD,BLOOMINGTON,1,0.0,0.0,0,0,,,,E WYLIE FARM RD,S AZALEA LN,,,,39.142075,-86.52418,LOCAL/CITY RD,Y,URBAN,N,N,N,,DAYLIGHT,CLEAR,DRY,,T-INTERSECTION,CURVE/GRADE,ASPHALT,UNSAFE SPEED,RAN OFF RD,EWYLIEFARMRDSAZALEALN,NONE,2021-05-17 14:19:00,,,
2090,ISP BLOOMINGTON 33,BLOOMINGTON,2,,0.0,0,0,,,,ST RD 46,,,700.0,W,39.16607088,-86.46780393,ST RD,,RURAL,N,N,N,,DAYLIGHT,CLEAR,DRY,,NO JUNCTION INVOLVED,,ASPHALT,LEFT OF CENTER,HEAD ON BETWEEN TWO MOTOR VEHICLES,ST RD 46approx700FtwestofLoriLn,,2021-05-17 14:25:00,,,
2091,BLOOMINGTON PD,BLOOMINGTON,2,0.0,1.0,0,0,,,,ST RD 45/46,N KINSER PK,,350.0,W,39.18659899,-86.53912121,ST RD,N,URBAN,N,N,N,,DAYLIGHT,CLOUDY,DRY,,NO JUNCTION INVOLVED,STRAIGHT/GRADE,ASPHALT,UNSAFE LN MOVEMENT,SAME DIRECTION SIDESWIPE,NKINSERPKST RD 46E,NONE,2021-05-17 14:27:00,,,
2092,BLOOMINGTON PD,BLOOMINGTON,2,0.0,0.0,0,0,,,,ST RD 45,S LEONARD SPRINGS RD,,,,39.1420168,-86.5825852,LOCAL/CITY RD,N,URBAN,N,N,N,,DAYLIGHT,CLOUDY,DRY,,FOUR-WAY INTERSECTION,CURVE/GRADE,ASPHALT,FOLLOWING TOO CLOSELY,REAR END,CURRYPKSTRD45RD,TRAFFIC CONTROL SIGNAL,2021-05-17 15:39:00,,,
2093,BLOOMINGTON PD,BLOOMINGTON,2,0.0,0.0,0,0,,,,S COLLEGE MALL RD,ST RD 46,,,,39.16424,-86.4984,LOCAL/CITY RD,Y,URBAN,N,N,N,,DAYLIGHT,CLEAR,DRY,,FOUR-WAY INTERSECTION,STRAIGHT/LEVEL,ASPHALT,FAILURE TO YIELD RIGHT OF WAY,SAME DIRECTION SIDESWIPE,E 3RDSTSCOLLEGEMALLRD,TRAFFIC CONTROL SIGNAL,2021-05-17 19:05:00,,,
2094,ELLETTSVILLE PD,ELLETTSVILLE,2,0.0,1.0,0,0,5510,,,ST RD 46,N LAKEVIEW DR,,,,39.2512,-86.652504,ST RD,Y,URBAN,N,N,N,,DAWN/DUSK,CLEAR,DRY,,T-INTERSECTION,STRAIGHT/LEVEL,ASPHALT,OTHER (DRIVER) - EXPLAIN IN NARRATIVE,OTHER - EXPLAIN IN NARRATIVE,ST RD 46 W,NONE,2021-05-17 19:15:00,,,
2095,INDIANA UNIV BLOOMINGTON PD,BLOOMINGTON,1,0.0,0.0,0,1,,,,ST RD 45/46,N MILO B SAMPSON LN,,,,39.18622,-86.522163,ST RD,N,URBAN,N,N,N,,DARK (NOT LIGHTED),CLEAR,DRY,,T-INTERSECTION,STRAIGHT/LEVEL,ASPHALT,ANIMAL/OBJECT IN RDWAY,COLLISION WITH DEER,NMILOBSAMPSONLNST RD 46,LN CONTROL,2021-05-16 00:30:00,,,
2096,BLOOMINGTON PD,BLOOMINGTON,2,0.0,1.0,0,0,,,,ST RD 48,S CURRY PK,,,,39.16465,-86.582939,LOCAL/CITY RD,N,URBAN,N,N,N,,DAYLIGHT,CLOUDY,DRY,,FOUR-WAY INTERSECTION,STRAIGHT/LEVEL,ASPHALT,DISREGARD SIGNAL/REG SIGN,RIGHT ANGLE,SOUTHCURRYPKWEST3RDST,TRAFFIC CONTROL SIGNAL,2021-05-16 15:50:00,,,
2097,MONROE SD,BLOOMINGTON,1,0.0,0.0,0,1,,,,ST RD 37,S ZIKES RD,,100.0,N,39.04973065,-86.53588429,ST RD,N,RURAL,N,N,N,,DARK (NOT LIGHTED),CLOUDY,DRY,,NO JUNCTION INVOLVED,STRAIGHT/LEVEL,ASPHALT,ANIMAL/OBJECT IN RDWAY,COLLISION WITH DEER,S ST RD 37ZIKESRD,NONE,2021-05-16 21:29:00,,,
2098,BLOOMINGTON PD,BLOOMINGTON,1,0.0,0.0,0,0,413,,,E 4TH ST,ALLEY,,,,39.165746,-86.529094,UNKNOWN,N,URBAN,N,N,N,,DARK (LIGHTED),CLEAR,DRY,,T-INTERSECTION,STRAIGHT/LEVEL,ASPHALT,UNSAFE BACKING,COLLISION WITH OBJECT IN RD,EAST4THST,NONE,2021-05-15 11:43:00,,,
2099,BLOOMINGTON PD,BLOOMINGTON,2,0.0,0.0,0,0,,,,S GRANT ST,,,100.0,N,39.165648,-86.529712,LOCAL/CITY RD,Y,URBAN,N,N,N,,DAYLIGHT,CLEAR,DRY,,NO JUNCTION INVOLVED,STRAIGHT/LEVEL,ASPHALT,UNSAFE BACKING,BACKING CRASH,4THSTSGRANTST,NONE,2021-05-15 11:56:00,,,
2100,ISP BLOOMINGTON 33,BLOOMINGTON,2,,5.0,0,0,,,,ST RD 45,W AIRPORT RD,,0.0,,39.13637934,-86.59442627,ST RD,,RURAL,N,N,N,,DAYLIGHT,CLEAR,DRY,,T-INTERSECTION,,ASPHALT,FAILURE TO YIELD RIGHT OF WAY,RIGHT ANGLE,WStateRd45 WAirportRd,,2021-05-15 13:10:00,,,
2101,BLOOMINGTON PD,BLOOMINGTON,2,0.0,1.0,0,0,,,,E DODDS ST,S LINCOLN ST,,,,39.157504,-86.531104,LOCAL/CITY RD,N,URBAN,N,N,N,,DAYLIGHT,CLEAR,DRY,,FOUR-WAY INTERSECTION,STRAIGHT/GRADE,CONCRETE,DISREGARD SIGNAL/REG SIGN,RIGHT ANGLE,EDODDSSTSLINCOLNST,STOP SIGN,2021-05-15 13:19:00,,,
2102,DNR LAW ENFORCEMENT,BLOOMINGTON,2,,1.0,0,0,,,,ST RD 446,PAYNETOWN RD,,0.0,,39.09176796,-86.42305199,ST RD,,RURAL,N,Y,N,,DAYLIGHT,CLEAR,DRY,,T-INTERSECTION,,ASPHALT,IMPROPER TURNING,RIGHT ANGLE,StateRd446PaynetownRd,,2021-05-15 14:10:00,,,
2103,BLOOMINGTON PD,BLOOMINGTON,1,0.0,0.0,0,0,,,,E HEATHER DR,S PRESTON CT,,,,39.126367,-86.521194,LOCAL/CITY RD,N,URBAN,N,N,N,,DAYLIGHT,CLEAR,DRY,,T-INTERSECTION,CURVE/LEVEL,ASPHALT,RAN OFF RD RIGHT,RAN OFF RD,EHEATHERDRSPRESTONCT,NONE,2021-05-15 14:10:00,,,
2104,BLOOMINGTON PD,BLOOMINGTON,2,0.0,2.0,0,0,,,,ST RD 45/46,E MATLOCK RD,,200.0,W,39.186032,-86.51984,LOCAL/CITY RD,N,URBAN,N,N,N,,DAYLIGHT,CLOUDY,DRY,,FOUR-WAY INTERSECTION,STRAIGHT/LEVEL,ASPHALT,UNSAFE LN MOVEMENT,RIGHT ANGLE,EMATLOCKRDESTATERD4546HWY,TRAFFIC CONTROL SIGNAL,2021-05-15 16:51:00,,,
2105,MONROE SD,BLOOMINGTON,1,0.0,0.0,0,0,,,,POINT VIEW DR,E POINTE RD,,,,39.032013,-86.51126249,UNKNOWN,N,RURAL,N,N,N,,DARK (LIGHTED),CLOUDY,DRY,,T-INTERSECTION,STRAIGHT/LEVEL,ASPHALT,OTHER (VEHICLE) - EXPLAIN IN NARRATIVE,RAN OFF RD,POINTERETREATDRPOINTERD,STOP SIGN,2021-05-15 22:34:00,,,
2106,MONROE SD,BLOOMINGTON,2,0.0,1.0,0,0,,,,S FAIRFAX RD,E SMITHVILLE RD,,,,39.071152,-86.503088,LOCAL/CITY RD,N,URBAN,N,N,N,,DARK (LIGHTED),CLOUDY,DRY,,NO JUNCTION INVOLVED,STRAIGHT/GRADE,ASPHALT,DISREGARD SIGNAL/REG SIGN,RIGHT ANGLE,ESMITHVILLERDSFAIRFAXRD,STOP SIGN,2021-05-15 22:39:00,,,
2107,BLOOMINGTON PD,BLOOMINGTON,2,0.0,0.0,0,0,,,,S ROGERS ST,W 2ND ST,,,,39.16152,-86.538592,LOCAL/CITY RD,N,URBAN,N,N,N,,DAYLIGHT,CLEAR,DRY,,FOUR-WAY INTERSECTION,STRAIGHT/GRADE,ASPHALT,FOLLOWING TOO CLOSELY,REAR END,SOUTHROGERSSTWEST2NDST,TRAFFIC CONTROL SIGNAL,2021-05-14 08:58:00,,,
2108,BLOOMINGTON PD,BLOOMINGTON,2,0.0,0.0,0,0,,,,ST RD 46,S SMITH RD,,,,39.16424,-86.480688,LOCAL/CITY RD,N,URBAN,N,N,N,,DAYLIGHT,CLEAR,DRY,,FOUR-WAY INTERSECTION,STRAIGHT/LEVEL,ASPHALT,DRIVER DISTRACTED - EXPLAIN IN NARRATIVE,REAR END,E 3RDSTSSMITHPK,TRAFFIC CONTROL SIGNAL,2021-05-14 12:10:00,,,
2109,MONROE SD,BLOOMINGTON,2,0.0,0.0,0,0,,,,S WALNUT ST PK,S FAIRFAX RD,,,,39.10722,-86.531496,INTERSTATE,N,RURAL,N,N,N,,DAYLIGHT,CLEAR,DRY,,T-INTERSECTION,STRAIGHT/LEVEL,ASPHALT,FOLLOWING TOO CLOSELY,REAR END,FAIRFAXRDWALNUTSTPK,STOP SIGN,2021-05-14 16:03:00,,,
2110,MONROE SD,BLOOMINGTON,1,0.0,0.0,0,1,,,,I-69 N,,,250.0,S,0.0,0.0,INTERSTATE,N,RURAL,N,N,N,,DARK (NOT LIGHTED),CLEAR,DRY,,NO JUNCTION INVOLVED,CURVE/LEVEL,ASPHALT,ANIMAL/OBJECT IN RDWAY,COLLISION WITH DEER,I-69 N108.0,NONE,2021-05-14 21:17:00,,,
2111,BLOOMINGTON PD,BLOOMINGTON,1,0.0,1.0,0,0,1620,,,W 3RD ST,ENTRANCE TO WATER WORLD CAR WASH,,,,39.16454492,-86.55365233,UNKNOWN,N,URBAN,N,N,N,,DARK (NOT LIGHTED),CLEAR,DRY,,NO JUNCTION INVOLVED,STRAIGHT/LEVEL,ASPHALT,PEDESTRIAN ACTION,OTHER - EXPLAIN IN NARRATIVE,W 3RDST,NONE,2021-05-14 22:46:00,,,True
2112,BLOOMINGTON PD,BLOOMINGTON,1,0.0,1.0,0,0,,,,N PINE ST,W 6TH ST,,50.0,S,39.167728,-86.548336,LOCAL/CITY RD,Y,URBAN,N,N,N,,DARK (NOT LIGHTED),CLEAR,DRY,,NO JUNCTION INVOLVED,STRAIGHT/GRADE,ASPHALT,OTHER (DRIVER) - EXPLAIN IN NARRATIVE,OTHER - EXPLAIN IN NARRATIVE,NPINESTW6THST,NONE,2021-05-13 01:31:00,,,True
2113,BLOOMINGTON PD,BLOOMINGTON,2,0.0,1.0,0,0,,69,S,ST RD 45,I-69 S,,,,0.0,0.0,ST RD,N,URBAN,N,N,N,,DAYLIGHT,CLEAR,DRY,,RAMP,CURVE/GRADE,ASPHALT,FOLLOWING TOO CLOSELY,REAR END,ST RD 45 W,TRAFFIC CONTROL SIGNAL,2021-05-13 12:01:00,,,
2114,BLOOMINGTON PD,BLOOMINGTON,2,0.0,1.0,0,0,,,,W 2ND ST,S ROGERS ST,,,,39.16138,-86.53867,LOCAL/CITY RD,N,URBAN,N,N,N,,DAYLIGHT,CLEAR,DRY,,NO JUNCTION INVOLVED,STRAIGHT/LEVEL,ASPHALT,DISREGARD SIGNAL/REG SIGN,RIGHT ANGLE,ROGERSSTW 2NDST,TRAFFIC CONTROL SIGNAL,2021-05-13 13:20:00,,,
2115,DNR LAW ENFORCEMENT,BLOOMINGTON,2,,0.0,0,0,,,,S FAIRFAX RD,S STRAIN RDIGE RD,,0.0,,39.0743656,-86.50576777,,,RURAL,N,N,N,,DAYLIGHT,CLEAR,DRY,,T-INTERSECTION,,ASPHALT,VIEW OBSTRUCTED,LEFT TURN,SStrainRidgeRdsfairfaxrd,,2021-05-13 13:23:00,,,
2116,BLOOMINGTON PD,BLOOMINGTON,2,0.0,0.0,0,0,,69,N,W 3RD ST,I-69 N,,,,0.0,0.0,LOCAL/CITY RD,N,URBAN,N,N,N,,DAYLIGHT,CLEAR,DRY,,RAMP,CURVE/GRADE,ASPHALT,FOLLOWING TOO CLOSELY,REAR END,W 3RDST,TRAFFIC CONTROL SIGNAL,2021-05-13 13:38:00,,,
2117,BLOOMINGTON PD,BLOOMINGTON,3,0.0,0.0,0,0,,,,ST RD 48,S GATES DR,,,,39.16466,-86.576125,LOCAL/CITY RD,Y,URBAN,N,N,N,,DAYLIGHT,CLEAR,DRY,,FOUR-WAY INTERSECTION,STRAIGHT/GRADE,ASPHALT,FOLLOWING TOO CLOSELY,REAR END,SGATESDRW 3RDST,TRAFFIC CONTROL SIGNAL,2021-05-13 14:57:00,,,
2118,MONROE SD,BLOOMINGTON,1,0.0,0.0,0,0,,,,ST RD 46,N HARTSTRAIT RD,,100.0,E,39.227137,-86.61522666,ST RD,N,RURAL,N,N,N,,DAYLIGHT,CLEAR,DRY,,NO JUNCTION INVOLVED,CURVE/GRADE,ASPHALT,RAN OFF RD RIGHT,RAN OFF RD,ST RD 46ETAILWATERRD,NONE,2021-05-13 17:36:00,,,
2119,MORGAN SD,BLOOMINGTON,1,0.0,0.0,0,1,,,,I-69 N,,,,,39.3759642,-86.4766265,INTERSTATE,N,RURAL,N,N,N,,DAYLIGHT,CLEAR,DRY,,NO JUNCTION INVOLVED,STRAIGHT/GRADE,CONCRETE,ANIMAL/OBJECT IN RDWAY,COLLISION WITH DEER,I-69 NLIBERTYCHURCHRD,LN CONTROL,2021-05-12 07:13:00,,,
2120,BLOOMINGTON PD,BLOOMINGTON,2,0.0,0.0,0,0,,,,S ROGERS ST,W CHEROKEE DR,,200.0,N,39.16808335,-86.538856,COUNTY RD,N,URBAN,N,N,N,,DAYLIGHT,CLEAR,DRY,,NO JUNCTION INVOLVED,STRAIGHT/LEVEL,ASPHALT,FOLLOWING TOO CLOSELY,REAR END,CHEROKEEDRIVEROGERSST,LN CONTROL,2021-05-12 08:08:00,,,
2121,BLOOMINGTON PD,BLOOMINGTON,2,0.0,1.0,0,0,,,,W TAPP RD,S ADAMS ST,,,,39.136643,-86.554158,LOCAL/CITY RD,N,URBAN,N,N,N,,DAYLIGHT,CLEAR,DRY,,FOUR-WAY INTERSECTION,CURVE/LEVEL,ASPHALT,ANIMAL/OBJECT IN RDWAY,REAR END,ADAMSSTTAPPRD,ROUNDABOUT INTERSECTION,2021-05-12 08:38:00,,,
2122,BLOOMINGTON PD,BLOOMINGTON,2,0.0,0.0,0,0,,,,E 2ND ST,S COLLEGE MALL RD,,75.0,W,39.160944,-86.497696,LOCAL/CITY RD,N,URBAN,N,N,N,,DAYLIGHT,CLEAR,DRY,,FOUR-WAY INTERSECTION,STRAIGHT/GRADE,ASPHALT,FOLLOWING TOO CLOSELY,REAR END,COLLEGEMALLRDEAST2NDST,NONE,2021-05-12 10:15:00,,,
2123,BLOOMINGTON PD,BLOOMINGTON,3,0.0,0.0,0,0,,,,E 3RD ST,S JEFFERSON ST,,50.0,E,39.16426,-86.50709132,LOCAL/CITY RD,N,URBAN,N,N,N,,DAYLIGHT,CLEAR,DRY,,T-INTERSECTION,STRAIGHT/GRADE,ASPHALT,FOLLOWING TOO CLOSELY,REAR END,EAST3RDSTSOUTHJEFERSONST,LN CONTROL,2021-05-12 12:56:00,,,
2124,BLOOMINGTON PD,BLOOMINGTON,1,0.0,0.0,0,0,,,,S HENDERSON ST,E HILLSIDE DR,,,,39.15064,-86.52696,LOCAL/CITY RD,Y,URBAN,Y,N,N,,DAYLIGHT,CLEAR,DRY,,FOUR-WAY INTERSECTION,STRAIGHT/GRADE,ASPHALT,IMPROPER TURNING,RAN OFF RD,EHILLSIDEDRSHENDERSONST,TRAFFIC CONTROL SIGNAL,2021-05-12 15:11:00,,,
2125,BLOOMINGTON PD,BLOOMINGTON,3,0.0,1.0,0,0,,,,S COLLEGE MALL RD,,,300.0,S,39.12343803,-86.4976527,LOCAL/CITY RD,N,URBAN,N,N,Y,LN CLOSURE,DAYLIGHT,CLEAR,DRY,,NO JUNCTION INVOLVED,STRAIGHT/LEVEL,ASPHALT,FOLLOWING TOO CLOSELY,REAR END,EASTCOVENANTERBLVDSOUTHCOLLEGEMALLRD,NONE,2021-05-12 15:35:00,,,
2126,INDIANA UNIV BLOOMINGTON PD,BLOOMINGTON,2,0.0,0.0,0,0,,,,ST RD 45/46,N DUNN ST,,,,39.186352,-86.528496,ST RD,N,URBAN,N,N,N,,DAYLIGHT,CLEAR,DRY,,NO JUNCTION INVOLVED,STRAIGHT/LEVEL,ASPHALT,DRIVER DISTRACTED - EXPLAIN IN NARRATIVE,REAR END,DUNNSTST RD 46E,TRAFFIC CONTROL SIGNAL,2021-05-12 16:14:00,,,
2127,BLOOMINGTON PD,BLOOMINGTON,2,0.0,0.0,0,0,,,,W TAPP RD,S LEONARD SPRINGS RD,,,,39.13704,-86.582512,LOCAL/CITY RD,N,URBAN,N,N,N,,DAYLIGHT,CLEAR,DRY,,T-INTERSECTION,STRAIGHT/LEVEL,ASPHALT,FAILURE TO YIELD RIGHT OF WAY,LEFT TURN,SLEONARDSPRINGSRDWTAPPRD,NONE,2021-05-12 17:16:00,,,
2128,ELLETTSVILLE PD,ELLETTSVILLE,2,0.0,2.0,0,0,,,,ST RD 46,ENTRANCE TO MARATHON GAS STATION,,100.0,E,39.245757,-86.63672466,ST RD,N,URBAN,N,N,N,,DAYLIGHT,CLEAR,DRY,,NO JUNCTION INVOLVED,CURVE/LEVEL,ASPHALT,FAILURE TO YIELD RIGHT OF WAY,RIGHT ANGLE,REDHILLRDST RD 46 W,LN CONTROL,2021-05-12 17:39:00,,,
2129,ISP BLOOMINGTON 33,BLOOMINGTON,1,,0.0,0,0,,,,ST RD 446,S KNIGHTRIDGE RD (MID),,0.0,,39.13587998,-86.45690425,ST RD,,RURAL,N,Y,N,,DAYLIGHT,CLEAR,DRY,,FOUR-WAY INTERSECTION,,ASPHALT,UNSAFE SPEED,RAN OFF RD,StateRd446S.KnightridgeRd.,,2021-05-12 18:00:00,,,
2130,BLOOMINGTON PD,BLOOMINGTON,2,0.0,1.0,0,0,,,,S ROGERS ST,W RALSTON DR,,60.0,S,0.0,0.0,LOCAL/CITY RD,Y,URBAN,N,N,N,,DARK (LIGHTED),CLEAR,DRY,,NO JUNCTION INVOLVED,STRAIGHT/GRADE,,IMPROPER LN USAGE,HEAD ON BETWEEN TWO MOTOR VEHICLES,RALSTONSTSROGERSST,NONE,2021-05-12 21:45:00,,,
2131,BLOOMINGTON PD,BLOOMINGTON,2,0.0,1.0,0,0,,,,W BLOOMFIELD RD,S STONE DR,,300.0,E,39.15334533,-86.56574824,LOCAL/CITY RD,N,URBAN,N,N,N,,DAYLIGHT,CLOUDY,DRY,,NO JUNCTION INVOLVED,CURVE/GRADE,ASPHALT,LEFT OF CENTER,HEAD ON BETWEEN TWO MOTOR VEHICLES,BLOOMFIELDRDSTONEDR,LN CONTROL,2021-05-11 08:17:00,,,
2132,MONROE SD,BLOOMINGTON,2,0.0,0.0,0,0,,,,S CURRY PK,W INDUSTRIAL BLVD,,,,39.143808,-86.582592,COUNTY RD,N,RURAL,N,N,N,,DAYLIGHT,CLEAR,DRY,,T-INTERSECTION,STRAIGHT/GRADE,ASPHALT,FAILURE TO YIELD RIGHT OF WAY,LEFT TURN,SOUTHCURRYPKWESTINDUSTRIALBLVD,STOP SIGN,2021-05-11 09:45:00,,,
2133,BLOOMINGTON PD,BLOOMINGTON,2,0.0,0.0,0,0,,,,S HENDERSON ST,E WINSLOW RD,,,,39.136144,-86.5268,LOCAL/CITY RD,N,URBAN,N,N,N,,DAYLIGHT,CLOUDY,DRY,,FOUR-WAY INTERSECTION,STRAIGHT/LEVEL,ASPHALT,FOLLOWING TOO CLOSELY,REAR END,EASTWINSLOWRDSOUTHHENDERSONST,TRAFFIC CONTROL SIGNAL,2021-05-11 13:28:00,,,
2134,BLOOMINGTON PD,BLOOMINGTON,1,1.0,0.0,0,0,,,,N MADISON ST,W 15TH ST,,,,39.17664,-86.537712,LOCAL/CITY RD,N,URBAN,N,N,N,,DAYLIGHT,CLEAR,DRY,,T-INTERSECTION,STRAIGHT/LEVEL,ASPHALT,IMPROPER TURNING,RAN OFF RD,NMADISONSTW15THST,STOP SIGN,2021-05-11 16:09:00,,,
2135,BLOOMINGTON PD,BLOOMINGTON,1,1.0,0.0,0,0,,,,N ROGERS ST,W 15TH ST,,,,39.17664,-86.538496,LOCAL/CITY RD,N,URBAN,N,N,N,,DAYLIGHT,CLEAR,DRY,,T-INTERSECTION,STRAIGHT/LEVEL,ASPHALT,IMPROPER TURNING,RAN OFF RD,NROGERSSTW15THST,STOP SIGN,2021-05-11 16:09:00,,,
2136,BLOOMINGTON PD,BLOOMINGTON,1,0.0,0.0,0,0,,,,N FAIRVIEW ST,W 11TH ST,,,,39.173152,-86.5408,LOCAL/CITY RD,N,URBAN,N,N,N,,DAYLIGHT,CLEAR,DRY,,T-INTERSECTION,CURVE/GRADE,ASPHALT,STEERING FAILURE,OTHER - EXPLAIN IN NARRATIVE,NORTHFAIRVIEWSTWEST11THST,LN CONTROL,2021-05-10 01:29:00,,,
2137,BLOOMINGTON PD,BLOOMINGTON,2,0.0,0.0,0,0,,,,E MAXWELL LN,S FESS AVE,,,,39.157936,-86.525888,LOCAL/CITY RD,Y,URBAN,N,N,N,,DARK (NOT LIGHTED),CLEAR,DRY,,FOUR-WAY INTERSECTION,STRAIGHT/GRADE,ASPHALT,UNSAFE LN MOVEMENT,SAME DIRECTION SIDESWIPE,FESSAVEMAXWELLLN,NONE,2021-05-10 07:00:00,,,
2138,ELLETTSVILLE PD,ELLETTSVILLE,2,0.0,0.0,0,0,,,,ST RD 46,N MATTHEWS DR (S),,,,39.234768,-86.626384,ST RD,N,URBAN,N,N,N,,DAYLIGHT,CLEAR,DRY,,T-INTERSECTION,STRAIGHT/GRADE,ASPHALT,FAILURE TO YIELD RIGHT OF WAY,RIGHT ANGLE,MATTHEWSDRST RD 46 W,STOP SIGN,2021-05-10 08:39:00,,,
2139,ISP BLOOMINGTON 33,BLOOMINGTON,2,,1.0,0,0,,,,I-69 S,W TAPP RD,,0.0,,39.1391231,-86.57310895,INTERSTATE,,RURAL,N,N,N,,DAYLIGHT,CLEAR,DRY,,NO JUNCTION INVOLVED,,ASPHALT,DRIVER DISTRACTED - EXPLAIN IN NARRATIVE,REAR END,I-69S70ftnorthof116.5mm,,2021-05-10 08:42:00,,,
2140,INDIANA UNIV BLOOMINGTON PD,BLOOMINGTON,2,0.0,0.0,0,0,,,,E 10TH ST,N SUNRISE DR,,,,39.171585,-86.512477,LOCAL/CITY RD,N,URBAN,N,N,N,,DAYLIGHT,CLEAR,DRY,,FOUR-WAY INTERSECTION,STRAIGHT/GRADE,ASPHALT,FOLLOWING TOO CLOSELY,REAR END,NSUNRISEDRTENTHST,TRAFFIC CONTROL SIGNAL,2021-05-10 15:03:00,,,
2141,BLOOMINGTON PD,BLOOMINGTON,2,0.0,1.0,0,0,,,,ST RD 46,E 3RD ST,,,,39.1641814,-86.4959745,LOCAL/CITY RD,N,URBAN,N,N,N,,DAYLIGHT,CLEAR,DRY,,FOUR-WAY INTERSECTION,STRAIGHT/LEVEL,ASPHALT,FOLLOWING TOO CLOSELY,REAR END,3RDSTCOLLEGEMALLAVE,TRAFFIC CONTROL SIGNAL,2021-05-10 15:13:00,,,
2142,MONROE SD,BLOOMINGTON,2,1.0,0.0,0,0,,,,ST RD 37,W DILLMAN RD,,300.0,N,39.1246303,-86.546052,ST RD,N,RURAL,N,N,Y,LN CLOSURE,DAYLIGHT,CLEAR,DRY,,NO JUNCTION INVOLVED,STRAIGHT/LEVEL,ASPHALT,UNSAFE LN MOVEMENT,SAME DIRECTION SIDESWIPE,N ST RD 37WDILLMANRD,NONE,2021-05-10 16:53:00,,,
2143,MONROE SD,BLOOMINGTON,1,0.0,0.0,0,0,173,,,N WAYPORT RD,E SAMPLE RD,,,,39.266133,-86.521312,LOCAL/CITY RD,N,RURAL,N,N,N,,DAYLIGHT,CLEAR,DRY,,NO JUNCTION INVOLVED,CURVE/LEVEL,CONCRETE,UNSAFE SPEED,RAN OFF RD,ESAMPLERD,NONE,2021-05-10 18:12:00,,,
2144,BLOOMINGTON PD,BLOOMINGTON,1,0.0,0.0,0,0,,,,N ADAMS ST,INDIANA RAILRD BRIDGE,,100.0,N,39.168576,-86.5496,LOCAL/CITY RD,N,URBAN,N,N,N,,DAWN/DUSK,CLOUDY,DRY,,NO JUNCTION INVOLVED,STRAIGHT/LEVEL,ASPHALT,OTHER (DRIVER) - EXPLAIN IN NARRATIVE,OTHER - EXPLAIN IN NARRATIVE,7THSTNADAMSST,NONE,2021-05-10 18:22:00,,,