_id,Agency,City,Vehicles Involved,Trailers Involved,Number Injured,Number Dead,Number Deer,House Number,Roadway Interchange,Roadway Ramp,Roadway Id,Intersecting Road,Interchange,Feet From,Direction,Latitude,Longitude,Roadway Class,Hit and Run?,Locality,School Zone?,Rumble Strips?,Construction?,Construction Type,Light Condition,Weather Conditions,Surface Condition,Type of Median,Roadway Junction Type,Road Character,Roadway Surface,Primary Factor,Manner of Collision,Unique Location Id,Traffic Control,DateTime,Address Number,Cyclist Involved,Pedestrian Involved
2145,BLOOMINGTON PD,BLOOMINGTON,2,0.0,1.0,0,0,,,,W COUNTRY CLUB DR,ENTRANCE TO WALNUT PARK SHOPPINIG CENTER,,300.0,W,39.135932,-86.53106504,COUNTY RD,N,URBAN,N,N,N,,DARK (LIGHTED),CLEAR,DRY,,FOUR-WAY INTERSECTION,STRAIGHT/GRADE,ASPHALT,FAILURE TO YIELD RIGHT OF WAY,RIGHT ANGLE,SWALNUTSTWCOUNTRYCLUBRD,OTHER REGULATORY SIGN/MARKING,2021-05-10 21:15:00,,,
2146,MONROE SD,BLOOMINGTON,1,0.0,0.0,0,0,,123,S,I-69 S,N ST RD 37,,,,0.0,0.0,INTERSTATE,N,RURAL,N,N,N,,DAYLIGHT,CLOUDY,WET,,RAMP,CURVE/GRADE,ASPHALT,SPEED TOO FAST FOR WEATHER CONDITIONS,RAN OFF RD,I-69S,NONE,2021-05-09 13:50:00,,,
2147,ISP BLOOMINGTON 33,BLOOMINGTON,1,,0.0,0,0,,,,I-69 N,,,0.0,,39.05084863,-86.68004698,INTERSTATE,,RURAL,N,N,N,,DARK (NOT LIGHTED),CLEAR,DRY,,NO JUNCTION INVOLVED,,ASPHALT,DRIVER DISTRACTED - EXPLAIN IN NARRATIVE,RAN OFF RD,I-69105,,2021-05-09 18:30:00,,,
2148,ELLETTSVILLE PD,ELLETTSVILLE,2,0.0,0.0,0,0,,,,S 3RD ST,W ASSOCIATION ST,,,,39.232032,-86.623808,LOCAL/CITY RD,N,URBAN,N,N,N,,DAYLIGHT,CLEAR,DRY,,NO JUNCTION INVOLVED,STRAIGHT/LEVEL,ASPHALT,FAILURE TO YIELD RIGHT OF WAY,OTHER - EXPLAIN IN NARRATIVE,ASSOCIATIONST3RDST,STOP SIGN,2021-05-07 07:55:00,,,
2149,BLOOMINGTON PD,BLOOMINGTON,2,0.0,0.0,0,0,,,,S COLLEGE AVE,W 3RD ST,,,,39.16464,-86.534816,LOCAL/CITY RD,N,URBAN,N,N,N,,DAYLIGHT,CLEAR,DRY,,NO JUNCTION INVOLVED,STRAIGHT/LEVEL,ASPHALT,DISREGARD SIGNAL/REG SIGN,RIGHT ANGLE,SCOLLEGEAVEW 3RDST,TRAFFIC CONTROL SIGNAL,2021-05-07 08:01:00,,,
2150,BLOOMINGTON PD,BLOOMINGTON,2,0.0,0.0,0,0,,,,S SARE RD,E ROGERS ST,,,,39.13584,-86.496288,LOCAL/CITY RD,N,URBAN,N,N,N,,DAYLIGHT,CLEAR,DRY,,TRAFFIC CIRCLE/ROUNDABOUT,CURVE/LEVEL,ASPHALT,FAILURE TO YIELD RIGHT OF WAY,RIGHT ANGLE,ROGERSRDSARERD,ROUNDABOUT INTERSECTION,2021-05-07 08:35:00,,,
2151,BLOOMINGTON PD,BLOOMINGTON,2,0.0,1.0,0,0,,,,W 3RD ST,S KIMBLE DR,,50.0,W,39.16464,-86.568,LOCAL/CITY RD,N,URBAN,N,N,N,,DAYLIGHT,CLOUDY,DRY,,NO JUNCTION INVOLVED,STRAIGHT/GRADE,ASPHALT,FOLLOWING TOO CLOSELY,REAR END,SKIMBLEDRW 3RDST,LN CONTROL,2021-05-07 12:12:00,,,
2152,ISP BLOOMINGTON 33,BLOOMINGTON,2,,0.0,0,0,,,,ST RD 45/46,N COLLEGE AVE,,100.0,,39.18623654,-86.53488583,ST RD,,URBAN,N,N,N,,DAYLIGHT,CLOUDY,DRY,,NO JUNCTION INVOLVED,,ASPHALT,FAILURE TO YIELD RIGHT OF WAY,REAR END,ST RD 45100FtwestofCollegeAve,,2021-05-07 13:10:00,,,
2153,BLOOMINGTON PD,BLOOMINGTON,2,0.0,0.0,0,0,,,,N GRANT ST,E 10TH ST,,,,39.171696,-86.529696,,Y,URBAN,N,N,N,,UNKNOWN,CLEAR,DRY,,NO JUNCTION INVOLVED,STRAIGHT/LEVEL,ASPHALT,IMPROPER LN USAGE,SAME DIRECTION SIDESWIPE,E 10THSTNGRANTST,NONE,2021-05-07 13:30:00,,,
2154,BLOOMINGTON PD,BLOOMINGTON,2,0.0,0.0,0,0,,,,E HILLSIDE DR,S HUNTINGTON DR,,40.0,E,39.150688,-86.520896,LOCAL/CITY RD,N,URBAN,N,N,N,,DAYLIGHT,CLOUDY,WET,,T-INTERSECTION,STRAIGHT/LEVEL,ASPHALT,FOLLOWING TOO CLOSELY,REAR END,EASTHILLSIDEDRSOUTHHUNTINGTONST,NONE,2021-05-07 16:55:00,,,
2155,BLOOMINGTON PD,BLOOMINGTON,2,1.0,0.0,0,0,,,,S GRANT ST,E 3RD ST,,50.0,N,39.16464,-86.529728,LOCAL/CITY RD,N,URBAN,N,N,N,,DAYLIGHT,CLEAR,DRY,,NO JUNCTION INVOLVED,STRAIGHT/GRADE,ASPHALT,IMPROPER PASSING,OTHER - EXPLAIN IN NARRATIVE,E 3RDSTSGRANTST,NONE,2021-05-07 16:59:00,,,
2156,MONROE SD,BLOOMINGTON,2,0.0,1.0,0,0,,,,S WALNUT ST,W DILLMAN RD,,,,39.092976,-86.545648,ST RD,N,URBAN,N,N,N,,DAYLIGHT,CLEAR,DRY,,FOUR-WAY INTERSECTION,CURVE/HILLCREST,ASPHALT,FAILURE TO YIELD RIGHT OF WAY,RIGHT ANGLE,DILLMANRDS ST RD 37,STOP SIGN,2021-05-07 17:30:00,,,
2157,MONROE SD,BLOOMINGTON,1,0.0,0.0,0,0,,,,I-69 N,,,100.0,S,0.0,0.0,INTERSTATE,N,RURAL,N,N,N,,DARK (NOT LIGHTED),CLEAR,DRY,,NO JUNCTION INVOLVED,STRAIGHT/HILLCREST,CONCRETE,ANIMAL/OBJECT IN RDWAY,COLLISION WITH ANIMAL OTHER,I-69 N110.5,NONE,2021-05-07 22:38:00,,,
2158,BLOOMINGTON PD,BLOOMINGTON,2,0.0,0.0,0,0,,,,S SARE RD,E CREEKS EDGE DR,,100.0,S,39.11935068,-86.49695025,LOCAL/CITY RD,N,URBAN,N,N,N,,DARK (NOT LIGHTED),CLEAR,DRY,,T-INTERSECTION,STRAIGHT/LEVEL,ASPHALT,OTHER (ENVIRONMENTAL) - EXPLAIN IN NARR,REAR END,ECREEKSEDGEDRSSARERD,NONE,2021-05-07 23:28:00,,,
2159,ELLETTSVILLE PD,ELLETTSVILLE,2,0.0,0.0,0,0,,,,ST RD 46,,,400.0,E,39.266807,-86.66576866,ST RD,N,RURAL,N,N,N,,DAYLIGHT,CLEAR,DRY,,NO JUNCTION INVOLVED,STRAIGHT/LEVEL,ASPHALT,IMPROPER PASSING,SAME DIRECTION SIDESWIPE,ST RD 46 WSTINESVILLERD,LN CONTROL,2021-05-06 10:55:00,,,
2160,BLOOMINGTON PD,BLOOMINGTON,2,0.0,0.0,0,0,,,,W 17TH ST,N COLLEGE AVE,,,,39.17896,-86.53472,LOCAL/CITY RD,N,URBAN,N,N,N,,DAYLIGHT,CLEAR,DRY,,FOUR-WAY INTERSECTION,STRAIGHT/LEVEL,ASPHALT,IMPROPER LN USAGE,SAME DIRECTION SIDESWIPE,EAST17THSTNORTHCOLLEGEAVE,TRAFFIC CONTROL SIGNAL,2021-05-06 12:47:00,,,
2161,MONROE SD,BLOOMINGTON,2,1.0,0.0,0,0,,,,N HARTSTRAIT RD,,,1000.0,N,39.33253013,-86.61641523,LOCAL/CITY RD,N,RURAL,N,N,N,,DAYLIGHT,CLOUDY,DRY,,NO JUNCTION INVOLVED,STRAIGHT/HILLCREST,ASPHALT,UNSAFE SPEED,REAR END,NHARTSTRAITRDNWELLNESSWAY,NONE,2021-05-06 14:58:00,,,
2162,INDIANA UNIV BLOOMINGTON PD,BLOOMINGTON,2,0.0,0.0,0,0,,,,ST RD 45/46,E 17TH ST,,,,,,ST RD,Y,URBAN,N,N,N,,DAYLIGHT,CLEAR,DRY,,T-INTERSECTION,STRAIGHT/LEVEL,ASPHALT,FOLLOWING TOO CLOSELY,REAR END,EAST17THSTST RD 46,TRAFFIC CONTROL SIGNAL,2021-05-06 15:20:00,,,
2163,INDIANA UNIV BLOOMINGTON PD,BLOOMINGTON,2,0.0,0.0,0,0,,,,ST RD 45/46,E DISCOVERY PKWY,,,,0.0,0.0,ST RD,N,URBAN,N,N,N,,DAYLIGHT,CLEAR,DRY,,NO JUNCTION INVOLVED,STRAIGHT/LEVEL,ASPHALT,FOLLOWING TOO CLOSELY,REAR END,DISCOVERYPKWYST RD 4546S,LN CONTROL,2021-05-06 17:48:00,,,
2164,INDIANA UNIV BLOOMINGTON PD,BLOOMINGTON,2,0.0,0.0,0,0,,,,ST RD 45/46,E DISCOVERY PKWY,,100.0,S,39.21654567,-86.61521799,LOCAL/CITY RD,N,URBAN,N,N,N,,DAYLIGHT,CLOUDY,DRY,,NO JUNCTION INVOLVED,STRAIGHT/LEVEL,ASPHALT,FOLLOWING TOO CLOSELY,REAR END,DISCOVERYPKWYST RD 46BYP,NONE,2021-05-06 17:53:00,,,
2165,INDIANA UNIV BLOOMINGTON PD,BLOOMINGTON,2,0.0,0.0,0,0,,,,S SWAIN AVE,E 3RD ST,,,,,,LOCAL/CITY RD,N,URBAN,N,N,N,,DAYLIGHT,RAIN,WET,,T-INTERSECTION,STRAIGHT/LEVEL,ASPHALT,IMPROPER TURNING,LEFT TURN,SWAINAVE 3RDST,LN CONTROL,2021-05-06 19:14:00,,,
2166,MONROE SD,BLOOMINGTON,2,0.0,0.0,0,0,,,,N LINTEL DR,N CURRY PK,,,,39.1926083,-86.5757145,LOCAL/CITY RD,N,RURAL,N,N,N,,DAYLIGHT,CLEAR,DRY,,T-INTERSECTION,STRAIGHT/LEVEL,ASPHALT,IMPROPER TURNING,HEAD ON BETWEEN TWO MOTOR VEHICLES,NCURRYPKNLINTELDR,NONE,2021-05-05 01:45:00,,,
2167,INDIANA UNIV BLOOMINGTON PD,BLOOMINGTON,1,0.0,1.0,0,0,200,,,UNIVERSITY AVE,,,,,,,LOCAL/CITY RD,N,URBAN,N,N,N,,DARK (LIGHTED),RAIN,WET,,NO JUNCTION INVOLVED,CURVE/LEVEL,ASPHALT,UNSAFE SPEED,NON-COLLISION,SEAGLESON AVEAVE,NONE,2021-05-05 03:10:00,,,
2168,ELLETTSVILLE PD,ELLETTSVILLE,2,0.0,0.0,0,0,,,,ST RD 46,N HARTSTRAIT RD,,,,,,ST RD,N,URBAN,N,N,N,,DAYLIGHT,CLEAR,DRY,,FOUR-WAY INTERSECTION,STRAIGHT/LEVEL,ASPHALT,FOLLOWING TOO CLOSELY,REAR END,HARTSTRAIGHTRDST RD 46 W,TRAFFIC CONTROL SIGNAL,2021-05-05 04:50:00,,,
2169,BLOOMINGTON PD,BLOOMINGTON,2,0.0,0.0,0,0,,,,S WALNUT ST,E GRIMES LN,,,,39.15344,-86.5336,LOCAL/CITY RD,N,URBAN,N,N,N,,DAYLIGHT,CLEAR,DRY,,FOUR-WAY INTERSECTION,STRAIGHT/LEVEL,ASPHALT,OTHER (DRIVER) - EXPLAIN IN NARRATIVE,REAR END,EGRIMESLNSWALNUTST,TRAFFIC CONTROL SIGNAL,2021-05-05 08:27:00,,,
2170,ISP BLOOMINGTON 33,BLOOMINGTON,2,,0.0,0,0,,,,ST RD 45/46,N WALNUT ST,,0.0,,39.18624589,-86.53453178,ST RD,,URBAN,N,N,N,,DAYLIGHT,CLEAR,DRY,,FOUR-WAY INTERSECTION,,ASPHALT,DISREGARD SIGNAL/REG SIGN,RIGHT ANGLE,ST RD 45/ST RD 46BypassNWalnutSt,,2021-05-05 08:39:00,,,
2171,ISP BLOOMINGTON 33,BLOOMINGTON,2,,0.0,0,0,4638,,,ST RD 45,N PRAIRIE GREEN CT,,0.0,,39.17895976,-86.47480435,ST RD,,RURAL,N,N,N,,DAYLIGHT,CLEAR,DRY,,T-INTERSECTION,,ASPHALT,FOLLOWING TOO CLOSELY,REAR END,StateRd45NPrairieGreenCt,,2021-05-05 12:55:00,,,
2172,BLOOMINGTON PD,BLOOMINGTON,2,0.0,0.0,0,0,,,,W 14TH ST,N COLLEGE AVE,,,,39.175984,-86.534736,LOCAL/CITY RD,N,URBAN,N,N,N,,DAYLIGHT,CLEAR,DRY,,FOUR-WAY INTERSECTION,STRAIGHT/GRADE,ASPHALT,FAILURE TO YIELD RIGHT OF WAY,RIGHT ANGLE,NORTHCOLLEGEAVEWEST14THST,STOP SIGN,2021-05-05 15:25:00,,,
2173,MONROE SD,BLOOMINGTON,2,0.0,0.0,0,0,,,,ST RD 45,W AIRPORT RD,,150.0,E,39.13709864,-86.59337215,ST RD,N,RURAL,N,N,N,,DAYLIGHT,CLEAR,DRY,,T-INTERSECTION,STRAIGHT/LEVEL,ASPHALT,FOLLOWING TOO CLOSELY,REAR END,ST RD 45 WWAIRPORTRD,TRAFFIC CONTROL SIGNAL,2021-05-05 15:51:00,,,
2174,BLOOMINGTON PD,BLOOMINGTON,2,0.0,2.0,0,0,,,,N ADAMS ST,W KIRKWOOD AVE,,,,39.166816,-86.549488,LOCAL/CITY RD,N,URBAN,N,N,N,,DAYLIGHT,CLEAR,DRY,,FOUR-WAY INTERSECTION,STRAIGHT/GRADE,ASPHALT,FAILURE TO YIELD RIGHT OF WAY,LEFT/RIGHT TURN,NORTHADAMSSTWESTKIRKWOODAVE,TRAFFIC CONTROL SIGNAL,2021-05-05 16:59:00,,,
2175,ELLETTSVILLE PD,ELLETTSVILLE,2,0.0,1.0,0,0,,,,ST RD 46,N DEER PARK DR,,,,39.212048,-86.5872,ST RD,N,URBAN,N,N,N,,DAYLIGHT,CLEAR,DRY,,T-INTERSECTION,STRAIGHT/LEVEL,ASPHALT,FAILURE TO YIELD RIGHT OF WAY,LEFT TURN,DEERPARKDRST RD 46 W,LN CONTROL,2021-05-05 17:18:00,,,
2176,MONROE SD,BLOOMINGTON,2,0.0,0.0,0,0,,,,ST RD 48,,,500.0,W,0.0,0.0,ST RD,N,RURAL,N,N,N,,DAYLIGHT,CLOUDY,DRY,,NO JUNCTION INVOLVED,CURVE/LEVEL,ASPHALT,IMPROPER LN USAGE,SAME DIRECTION SIDESWIPE,ST RD 48WVERNALPK,NONE,2021-05-05 18:07:00,,,
2177,MONROE SD,BLOOMINGTON,1,0.0,0.0,0,0,,,,ST RD 45,S ISON RD,,,,,,ST RD,N,RURAL,N,N,N,,DAWN/DUSK,CLEAR,DRY,,T-INTERSECTION,STRAIGHT/GRADE,ASPHALT,RAN OFF RD RIGHT,RAN OFF RD,ISONRDST RD 45 W,NONE,2021-05-05 20:04:00,,,
2178,INDIANA UNIV BLOOMINGTON PD,BLOOMINGTON,2,0.0,0.0,0,0,,,,N UNION ST,E 10TH ST,,,,,,LOCAL/CITY RD,Y,URBAN,N,N,N,,DARK (NOT LIGHTED),CLEAR,DRY,,FOUR-WAY INTERSECTION,STRAIGHT/LEVEL,ASPHALT,LEFT OF CENTER,HEAD ON BETWEEN TWO MOTOR VEHICLES,TENTHSTUNIONST,TRAFFIC CONTROL SIGNAL,2021-05-05 23:43:00,,,
2179,BLOOMINGTON PD,BLOOMINGTON,2,0.0,1.0,0,0,,,,S WALNUT ST,E MILLER DR,,,,,,LOCAL/CITY RD,N,URBAN,N,N,N,,DAYLIGHT,CLOUDY,DRY,,T-INTERSECTION,STRAIGHT/LEVEL,ASPHALT,FAILURE TO YIELD RIGHT OF WAY,RIGHT ANGLE,EASTMILLERDRSOUTHWALNUTST,TRAFFIC CONTROL SIGNAL,2021-05-04 10:35:00,,,
2180,MONROE SD,ELLETTSVILLE,2,0.0,1.0,0,0,,,,ST RD 46,N CENTENNIAL DR,,,,,,ST RD,N,URBAN,N,N,N,,DAYLIGHT,CLOUDY,WET,,FOUR-WAY INTERSECTION,STRAIGHT/GRADE,ASPHALT,SPEED TOO FAST FOR WEATHER CONDITIONS,REAR END,NCENTENNIALDRST RD 46 W,TRAFFIC CONTROL SIGNAL,2021-05-04 10:55:00,,,
2181,BLOOMINGTON PD,BLOOMINGTON,2,0.0,0.0,0,0,,,,ST RD 45/46,N KINSER PK,,,,39.186544,-86.537888,ST RD,N,URBAN,N,N,N,,DAYLIGHT,RAIN,WET,,FOUR-WAY INTERSECTION,STRAIGHT/LEVEL,ASPHALT,FAILURE TO YIELD RIGHT OF WAY,RIGHT ANGLE,NKINSERPKST RD 45 W,TRAFFIC CONTROL SIGNAL,2021-05-04 14:40:00,,,
2182,BLOOMINGTON PD,BLOOMINGTON,2,0.0,0.0,0,0,,,,S HENDERSON ST,E MAXWELL LN,,,,39.157952,-86.527088,LOCAL/CITY RD,N,URBAN,N,N,N,,DAYLIGHT,RAIN,WET,,T-INTERSECTION,CURVE/GRADE,ASPHALT,UNSAFE BACKING,BACKING CRASH,EMAXWELLLNHENDERSONST,STOP SIGN,2021-05-04 16:39:00,,,
2183,MONROE SD,BLOOMINGTON,1,0.0,0.0,0,0,,,,S FAIRFAX RD,E SCHACHT RD,,,,,,LOCAL/CITY RD,N,RURAL,N,N,N,,DAYLIGHT,CLOUDY,WET,,T-INTERSECTION,CURVE/GRADE,ASPHALT,SPEED TOO FAST FOR WEATHER CONDITIONS,RAN OFF RD,ESCHACHTRDSFAIRFAXRD,NONE,2021-05-04 18:24:00,,,
2184,MONROE SD,BLOOMINGTON,1,1.0,0.0,0,0,,,,N OARD,,,5500.0,N,39.181344,-86.637104,LOCAL/CITY RD,N,RURAL,N,N,N,,DAYLIGHT,CLOUDY,DRY,,NO JUNCTION INVOLVED,STRAIGHT/LEVEL,ASPHALT,RAN OFF RD RIGHT,RAN OFF RD,NOARDRDWVERNALPK,NONE,2021-05-04 19:38:00,,,
2185,ISP BLOOMINGTON 33,BLOOMINGTON,2,,0.0,0,0,,,,N WALNUT ST,ST RD 45/46,,375.0,N,39.1871635,-86.53416309,LOCAL/CITY RD,,URBAN,N,N,N,,DARK (NOT LIGHTED),RAIN,WET,,NO JUNCTION INVOLVED,,ASPHALT,SPEED TOO FAST FOR WEATHER CONDITIONS,OPPOSITE DIRECTION SIDESWIPE,NWalnutSt375ftN/ST RD 45/ST RD 46Bypass,,2021-05-04 23:50:00,,,
2186,ELLETTSVILLE PD,ELLETTSVILLE,2,0.0,0.0,0,0,,,,N SALE ST (N),ST RD 46,,,,,,LOCAL/CITY RD,N,URBAN,N,N,N,,DAYLIGHT,RAIN,WET,,NO JUNCTION INVOLVED,STRAIGHT/GRADE,ASPHALT,FOLLOWING TOO CLOSELY,REAR END,SALESTSTATERD46RD,TRAFFIC CONTROL SIGNAL,2021-05-03 08:37:00,,,
2187,BLOOMINGTON PD,BLOOMINGTON,3,0.0,0.0,0,0,,,,E 3RD ST,S ROOSEVELT ST,,75.0,E,39.164304,-86.505792,LOCAL/CITY RD,N,URBAN,N,N,N,,DAYLIGHT,CLOUDY,DRY,,NO JUNCTION INVOLVED,STRAIGHT/GRADE,ASPHALT,FOLLOWING TOO CLOSELY,REAR END,EAST3RDSTSOUTHROOSEVELTST,LN CONTROL,2021-05-03 12:21:00,,,
2188,BLOOMINGTON PD,BLOOMINGTON,2,0.0,0.0,0,0,,Y,,I-69 N,W 3RD ST,,,,,,INTERSTATE,N,URBAN,N,Y,N,,DAYLIGHT,CLOUDY,WET,,RAMP,CURVE/GRADE,ASPHALT,IMPROPER LN USAGE,REAR END,E 3RDSTI-69 N,YIELD SIGN,2021-05-03 13:10:00,,,
2189,BLOOMINGTON PD,BLOOMINGTON,2,0.0,4.0,0,0,3103,,,E STRATUM WAY,,,,,39.1565109,-86.49447165,LOCAL/CITY RD,N,URBAN,N,N,N,,DAYLIGHT,CLOUDY,DRY,,NO JUNCTION INVOLVED,CURVE/LEVEL,ASPHALT,UNSAFE SPEED,RIGHT ANGLE,EASTSTRATUMWAY,LN CONTROL,2021-05-03 13:16:00,,,
2190,INDIANA UNIV BLOOMINGTON PD,BLOOMINGTON,2,0.0,0.0,0,0,,,,ST RD 45/46,E DISCOVERY PKWY,,,,,,ST RD,N,URBAN,N,N,N,,DAYLIGHT,CLOUDY,DRY,,T-INTERSECTION,STRAIGHT/LEVEL,ASPHALT,FOLLOWING TOO CLOSELY,REAR END,DISCOVERYPKWYST RD 46 W,TRAFFIC CONTROL SIGNAL,2021-05-03 14:15:00,,,
2191,BLOOMINGTON PD,BLOOMINGTON,3,0.0,2.0,0,0,,,,ST RD 45,S LIBERTY DR,,200.0,E,,,LOCAL/CITY RD,N,URBAN,N,N,N,,DAYLIGHT,CLOUDY,DRY,,NO JUNCTION INVOLVED,STRAIGHT/LEVEL,ASPHALT,RAN OFF RD RIGHT,RAN OFF RD,SLIBERTYDRWSTATERD45HWY,LN CONTROL,2021-05-03 15:33:00,,,
2192,BLOOMINGTON PD,BLOOMINGTON,2,0.0,1.0,0,0,,,,W BLOOMFIELD RD,I-69 N,,,,,,LOCAL/CITY RD,N,URBAN,N,N,N,,DAYLIGHT,CLOUDY,DRY,,FOUR-WAY INTERSECTION,STRAIGHT/LEVEL,ASPHALT,FOLLOWING TOO CLOSELY,REAR END,INTERSTATE69NBHWYWBLOOMFIELDRD,TRAFFIC CONTROL SIGNAL,2021-05-03 16:25:00,,,
2193,BLOOMINGTON PD,BLOOMINGTON,2,0.0,0.0,0,0,,,,RIDGE RD,N LONGFELLOW RD,,50.0,W,,,LOCAL/CITY RD,Y,URBAN,N,N,N,,DARK (NOT LIGHTED),CLEAR,DRY,,T-INTERSECTION,STRAIGHT/GRADE,ASPHALT,DRIVER DISTRACTED - EXPLAIN IN NARRATIVE,SAME DIRECTION SIDESWIPE,1600NWILLISDRLOT11DRNLONGFELLOWDR,NONE,2021-05-02 06:40:00,,,
2194,ISP BLOOMINGTON 33,BLOOMINGTON,2,,0.0,0,0,9611,,,ST RD 46,,,0.0,,39.15264071,-86.37548167,ST RD,,RURAL,N,N,N,,DAYLIGHT,CLEAR,DRY,,NO JUNCTION INVOLVED,,ASPHALT,FAILURE TO YIELD RIGHT OF WAY,REAR END,StateRd462000FteastofSewellRd,,2021-05-02 13:00:00,,,
2195,MONROE SD,BLOOMINGTON,1,0.0,0.0,0,0,,,,ST RD 45,,,3000.0,W,39.23405781,-86.39345239,ST RD,N,RURAL,N,N,N,,DAYLIGHT,CLOUDY,DRY,,NO JUNCTION INVOLVED,CURVE/HILLCREST,CONCRETE,RAN OFF RD RIGHT,RAN OFF RD,NRICHARDSONRDST RD 45E,NONE,2021-05-02 14:38:00,,,
2196,MONROE SD,BLOOMINGTON,1,0.0,0.0,0,1,,,,I-69 N,,,10.0,N,,,INTERSTATE,N,RURAL,N,N,N,,DAYLIGHT,CLEAR,DRY,,NO JUNCTION INVOLVED,STRAIGHT/LEVEL,ASPHALT,ANIMAL/OBJECT IN RDWAY,COLLISION WITH DEER,I-69 N108.5,NONE,2021-05-02 15:34:00,,,
2197,BLOOMINGTON PD,BLOOMINGTON,1,0.0,2.0,0,0,1500,,,S WALNUT ST,W HILLSIDE DR,,,,39.150544,-86.5336,LOCAL/CITY RD,N,URBAN,N,N,N,,DAYLIGHT,CLOUDY,DRY,,FOUR-WAY INTERSECTION,CURVE/LEVEL,ASPHALT,RAN OFF RD RIGHT,RAN OFF RD,SWALNUTST,TRAFFIC CONTROL SIGNAL,2021-05-02 16:40:00,,,
2198,BLOOMINGTON PD,BLOOMINGTON,2,0.0,0.0,0,0,,,,S COLLEGE AVE,W 2ND ST,,,,39.16144,-86.534848,LOCAL/CITY RD,N,URBAN,N,N,N,,DARK (LIGHTED),RAIN,WET,,FOUR-WAY INTERSECTION,STRAIGHT/GRADE,ASPHALT,DRIVER DISTRACTED - EXPLAIN IN NARRATIVE,REAR END,2NDSTCOLLEGEAVE,TRAFFIC CONTROL SIGNAL,2021-05-02 22:21:00,,,
2199,MONROE SD,BLOOMINGTON,2,0.0,0.0,0,0,,,,E MOFFETT LN,S FAIRFAX RD,,,,,,LOCAL/CITY RD,N,RURAL,N,N,N,,DARK (NOT LIGHTED),CLOUDY,WET,,T-INTERSECTION,STRAIGHT/GRADE,ASPHALT,FAILURE TO YIELD RIGHT OF WAY,RIGHT ANGLE,EMOFFETTLNSFAIRFAXRD,STOP SIGN,2021-05-02 22:30:00,,,
2200,BLOOMINGTON PD,BLOOMINGTON,2,0.0,0.0,0,0,,,,S WALNUT ST,E VERMILYA AVE,,,,39.148928,-86.53312,LOCAL/CITY RD,Y,URBAN,N,N,N,,DARK (LIGHTED),CLEAR,WET,,NO JUNCTION INVOLVED,STRAIGHT/GRADE,ASPHALT,UNSAFE LN MOVEMENT,SAME DIRECTION SIDESWIPE,EVERMILYAAVESWALNUTST,NONE,2021-05-02 23:30:00,,,
2201,BLOOMINGTON PD,BLOOMINGTON,2,0.0,0.0,0,0,,,,W 3RD ST,I-69,,100.0,W,,,LOCAL/CITY RD,N,URBAN,N,N,N,,DAYLIGHT,CLEAR,DRY,,NO JUNCTION INVOLVED,STRAIGHT/LEVEL,ASPHALT,DRIVER DISTRACTED - EXPLAIN IN NARRATIVE,REAR END,3RDSTI-69RAMP,LN CONTROL,2021-05-01 00:47:00,,,
2202,BLOOMINGTON PD,BLOOMINGTON,2,0.0,0.0,0,0,,,,S CURRY PK,ST RD 48,,,,,,LOCAL/CITY RD,N,URBAN,N,N,N,,DAYLIGHT,CLEAR,DRY,,FOUR-WAY INTERSECTION,STRAIGHT/LEVEL,ASPHALT,FOLLOWING TOO CLOSELY,REAR END,3RDSTCURRYPK,TRAFFIC CONTROL SIGNAL,2021-05-01 12:27:00,,,
2203,INDIANA UNIV BLOOMINGTON PD,BLOOMINGTON,2,0.0,1.0,0,0,,,,ST RD 45/46,E 17TH ST,,,,,,ST RD,N,URBAN,N,N,N,,DAYLIGHT,CLEAR,DRY,,FOUR-WAY INTERSECTION,STRAIGHT/LEVEL,ASPHALT,FAILURE TO YIELD RIGHT OF WAY,RIGHT ANGLE,EAST17THSTST RD 46,TRAFFIC CONTROL SIGNAL,2021-05-01 14:25:00,,,
2204,INDIANA UNIV BLOOMINGTON PD,BLOOMINGTON,2,0.0,0.0,0,0,,,,ST RD 45/46,E 17TH ST,,,,,,ST RD,N,URBAN,N,N,N,,DAYLIGHT,CLEAR,DRY,,T-INTERSECTION,STRAIGHT/LEVEL,ASPHALT,FOLLOWING TOO CLOSELY,REAR END,EAST17THSTST RD 46,NONE,2021-05-01 16:20:00,,,
2205,INDIANA UNIV BLOOMINGTON PD,BLOOMINGTON,2,0.0,0.0,0,0,,,,S SWAIN AVE,E 3RD ST,,,,,,LOCAL/CITY RD,N,URBAN,N,N,N,,DAYLIGHT,CLEAR,DRY,,T-INTERSECTION,STRAIGHT/LEVEL,ASPHALT,IMPROPER TURNING,LEFT TURN,SWAINAVE 3RDST,LN CONTROL,2021-05-01 19:12:00,,,
2206,BLOOMINGTON PD,BLOOMINGTON,2,0.0,1.0,0,0,,,,S WALNUT ST,ENTRANCE TO WAGON WHEEL/BIG RED LIQUORS,,100.0,S,39.146944,-86.532544,LOCAL/CITY RD,N,URBAN,N,N,N,,DARK (LIGHTED),CLEAR,DRY,,T-INTERSECTION,STRAIGHT/LEVEL,ASPHALT,UNSAFE LN MOVEMENT,RIGHT ANGLE,EMILLERDRSWALNUTST,NONE,2021-05-01 20:56:00,,,