_id,Agency,City,Vehicles Involved,Trailers Involved,Number Injured,Number Dead,Number Deer,House Number,Roadway Interchange,Roadway Ramp,Roadway Id,Intersecting Road,Interchange,Feet From,Direction,Latitude,Longitude,Roadway Class,Hit and Run?,Locality,School Zone?,Rumble Strips?,Construction?,Construction Type,Light Condition,Weather Conditions,Surface Condition,Type of Median,Roadway Junction Type,Road Character,Roadway Surface,Primary Factor,Manner of Collision,Unique Location Id,Traffic Control,DateTime,Address Number,Cyclist Involved,Pedestrian Involved
2268,ELLETTSVILLE PD,ELLETTSVILLE,2,0.0,0.0,0,0,,,,ST RD 46,N UNION VALLEY RD,,,,39.215152,-86.5928,ST RD,N,URBAN,N,N,N,,DAWN/DUSK,CLEAR,DRY,,FOUR-WAY INTERSECTION,STRAIGHT/LEVEL,ASPHALT,FAILURE TO YIELD RIGHT OF WAY,LEFT TURN,ST RD 46 WUNIONVALLEYRD,TRAFFIC CONTROL SIGNAL,2021-04-22 19:48:00,,,
2269,BLOOMINGTON PD,BLOOMINGTON,2,0.0,0.0,0,0,,,,W 3RD ST,S FRANKLIN RD,,,,39.164688,-86.5712,LOCAL/CITY RD,N,URBAN,N,N,N,,DAYLIGHT,CLOUDY,DRY,,FOUR-WAY INTERSECTION,CURVE/GRADE,ASPHALT,VIEW OBSTRUCTED,HEAD ON BETWEEN TWO MOTOR VEHICLES,FRANKLINRDWEST3RDST,TRAFFIC CONTROL SIGNAL,2021-04-21 06:40:00,,,
2270,MONROE SD,ELLETTSVILLE,2,0.0,0.0,0,0,6226,,,N UNION VALLEY RD,,,1100.0,N,39.35402936,-86.592763,LOCAL/CITY RD,N,RURAL,N,N,N,,DAYLIGHT,SNOW,DRY,,NO JUNCTION INVOLVED,STRAIGHT/GRADE,ASPHALT,ANIMAL/OBJECT IN RDWAY,REAR END,NUNIONVALLEYRDWMCNEELYST,NO PASSING ZONE,2021-04-21 08:12:00,,,
2271,BLOOMINGTON PD,BLOOMINGTON,2,0.0,0.0,0,0,,,,E MOORES PK,S SMITH RD,,,,39.150224,-86.480464,LOCAL/CITY RD,N,URBAN,N,N,N,,DAYLIGHT,CLOUDY,WET,,FOUR-WAY INTERSECTION,STRAIGHT/LEVEL,ASPHALT,DISREGARD SIGNAL/REG SIGN,RIGHT ANGLE,EMOORESPKSSMITHRD,STOP SIGN,2021-04-21 08:24:00,,,
2272,MONROE SD,BLOOMINGTON,2,0.0,0.0,0,0,,,,N SMITH PK,W COFFEY LN,,10.0,N,39.20807359,-86.583146,COUNTY RD,N,RURAL,N,N,N,,DAYLIGHT,CLEAR,DRY,,T-INTERSECTION,STRAIGHT/LEVEL,ASPHALT,FOLLOWING TOO CLOSELY,REAR END,NSMITHPKWCOFFEYLN,NONE,2021-04-21 15:41:00,,,
2273,BLOOMINGTON PD,BLOOMINGTON,2,0.0,0.0,0,0,4001,,,ST RD 48,S CURRY PK,,,,39.164346,-86.5834,UNKNOWN,N,URBAN,N,N,N,,DAYLIGHT,CLOUDY,DRY,,NO JUNCTION INVOLVED,STRAIGHT/LEVEL,CONCRETE,IMPROPER TURNING,RIGHT ANGLE,W 3RDST,NONE,2021-04-21 16:08:00,,,
2274,BLOOMINGTON PD,BLOOMINGTON,2,0.0,0.0,0,0,,,,ST RD 48,S GATES DR,,,,39.1645631,-86.5761678,LOCAL/CITY RD,N,URBAN,N,N,N,,DAYLIGHT,CLEAR,DRY,,FOUR-WAY INTERSECTION,STRAIGHT/LEVEL,CONCRETE,IMPROPER LN USAGE,LEFT TURN,SOUTHGATESDRWEST3RDST,TRAFFIC CONTROL SIGNAL,2021-04-21 17:25:00,,,
2275,BLOOMINGTON PD,BLOOMINGTON,3,0.0,0.0,0,0,,,,E 2ND ST,S DUNN ST,,,,39.161348,-86.52839,LOCAL/CITY RD,Y,URBAN,N,N,N,,DAYLIGHT,CLEAR,DRY,,NO JUNCTION INVOLVED,STRAIGHT/LEVEL,ASPHALT,RAN OFF RD RIGHT,SAME DIRECTION SIDESWIPE,E 2NDSTSDUNNST,NONE,2021-04-20 13:45:00,,,
2276,BLOOMINGTON PD,BLOOMINGTON,2,0.0,0.0,0,0,,,,S WASHINGTON ST,ALLEY,,75.0,N,39.165648,-86.5324,LOCAL/CITY RD,N,URBAN,N,N,N,,DAYLIGHT,CLEAR,DRY,,FOUR-WAY INTERSECTION,STRAIGHT/LEVEL,ASPHALT,FAILURE TO YIELD RIGHT OF WAY,RIGHT TURN,EAST4THSTSOUTHWASHINGTONST,NONE,2021-04-20 13:55:00,,,
2277,BLOOMINGTON PD,BLOOMINGTON,2,0.0,1.0,0,0,,,,S SMITH RD,ST RD 46,,,,39.16424,-86.480688,LOCAL/CITY RD,N,URBAN,N,N,N,,DAYLIGHT,CLEAR,DRY,,NO JUNCTION INVOLVED,STRAIGHT/LEVEL,ASPHALT,FOLLOWING TOO CLOSELY,REAR END,E 3RDSTSOUTHSMITHRD,NONE,2021-04-20 14:50:00,,,
2278,INDIANA UNIV BLOOMINGTON PD,BLOOMINGTON,1,0.0,0.0,0,0,,,,E 10TH ST,N JEFFERSON ST,,,,0.0,0.0,LOCAL/CITY RD,N,URBAN,N,N,N,,DAYLIGHT,RAIN,WET,,NO JUNCTION INVOLVED,CURVE/LEVEL,ASPHALT,SPEED TOO FAST FOR WEATHER CONDITIONS,RAN OFF RD,JEFFERSONSTUNIONVILLERD,NONE,2021-04-20 18:27:00,,,
2279,BLOOMINGTON PD,BLOOMINGTON,2,0.0,0.0,0,0,,,,S COLLEGE AVE,W KIRKWOOD AVE,,,,39.16664,-86.5348,LOCAL/CITY RD,N,URBAN,N,N,N,,DARK (LIGHTED),SLEET/HAIL/FREEZING RAIN,WET,,FOUR-WAY INTERSECTION,STRAIGHT/LEVEL,ASPHALT,UNSAFE LN MOVEMENT,LEFT TURN,EKIRKWOODAVESCOLLEGEAVE,TRAFFIC CONTROL SIGNAL,2021-04-20 21:21:00,,,
2280,BLOOMINGTON PD,BLOOMINGTON,2,0.0,0.0,0,0,,,,ST RD 45,I-69 S,,,,39.0227067,-86.7230867,ST RD,N,URBAN,N,N,N,,DAYLIGHT,CLEAR,DRY,,FOUR-WAY INTERSECTION,STRAIGHT/LEVEL,ASPHALT,FAILURE TO YIELD RIGHT OF WAY,RIGHT ANGLE,INTERSTATE69SBRAMPST RD 45 W,TRAFFIC CONTROL SIGNAL,2021-04-19 16:23:00,,,
2281,BLOOMINGTON PD,BLOOMINGTON,1,0.0,1.0,0,0,,,,S LIBERTY DR,ST RD 48,,,,39.164606,-86.579131,LOCAL/CITY RD,N,URBAN,N,N,N,,DAYLIGHT,CLEAR,DRY,,FOUR-WAY INTERSECTION,STRAIGHT/LEVEL,CONCRETE,FAILURE TO YIELD RIGHT OF WAY,RIGHT ANGLE,SLIBERTYDRW 3RDST,TRAFFIC CONTROL SIGNAL,2021-04-19 16:26:00,,True,
2282,MONROE SD,ELLETTSVILLE,2,1.0,1.0,0,0,,,,N UNION VALLEY RD,W MAPLE GROVE RD,,,,39.244752,-86.5928,LOCAL/CITY RD,N,RURAL,N,N,N,,DAYLIGHT,CLEAR,DRY,,FOUR-WAY INTERSECTION,STRAIGHT/HILLCREST,ASPHALT,DISREGARD SIGNAL/REG SIGN,RIGHT ANGLE,NORTHUNIONVALLEYRDWESTMAPLEGROVERD,STOP SIGN,2021-04-19 18:06:00,,,
2283,BLOOMINGTON PD,BLOOMINGTON,2,0.0,1.0,0,0,,,,ST RD 46,S PETE LLIS DR,,100.0,E,39.16424,-86.495088,LOCAL/CITY RD,N,URBAN,N,N,N,,DAYLIGHT,CLEAR,DRY,,FOUR-WAY INTERSECTION,STRAIGHT/LEVEL,ASPHALT,FAILURE TO YIELD RIGHT OF WAY,RIGHT ANGLE,EAST3RDSTSOUTHPETEELLISDR,NONE,2021-04-19 18:23:00,,,
2284,BLOOMINGTON PD,BLOOMINGTON,2,0.0,0.0,0,0,,,,S ROGERS ST,W 3RD ST,,,,39.16472,-86.538592,LOCAL/CITY RD,N,URBAN,N,N,N,,DARK (LIGHTED),CLEAR,DRY,,FOUR-WAY INTERSECTION,STRAIGHT/GRADE,ASPHALT,FAILURE TO YIELD RIGHT OF WAY,HEAD ON BETWEEN TWO MOTOR VEHICLES,SROGERSSTW 3RDST,TRAFFIC CONTROL SIGNAL,2021-04-19 21:45:00,,,
2285,MONROE SD,BLOOMINGTON,1,0.0,0.0,0,0,,,,ST RD 48,,,700.0,W,39.163144,-86.62907335,ST RD,N,RURAL,N,N,N,,DARK (NOT LIGHTED),CLEAR,DRY,,T-INTERSECTION,STRAIGHT/GRADE,ASPHALT,RAN OFF RD RIGHT,RAN OFF RD,SOUTHCAVERDST RD 48W,NONE,2021-04-19 23:26:00,,,
2286,MONROE SD,BLOOMINGTON,1,0.0,0.0,0,1,,,,ST RD 446,,,5280.0,E,0.0,0.0,ST RD,N,RURAL,N,N,N,,DARK (NOT LIGHTED),CLEAR,DRY,,NO JUNCTION INVOLVED,STRAIGHT/LEVEL,ASPHALT,ANIMAL/OBJECT IN RDWAY,COLLISION WITH DEER,SDUTCHRIDGERDST RD 46,LN CONTROL,2021-04-18 02:12:00,,,
2287,INDIANA UNIV BLOOMINGTON PD,BLOOMINGTON,2,0.0,1.0,0,0,,,,E 17TH ST,N FEE LN,,,,39.179061,-86.51897,LOCAL/CITY RD,N,URBAN,N,N,N,,DARK (LIGHTED),CLEAR,DRY,,FOUR-WAY INTERSECTION,STRAIGHT/LEVEL,ASPHALT,DISREGARD SIGNAL/REG SIGN,RIGHT ANGLE,EAST17THSTFEELN,TRAFFIC CONTROL SIGNAL,2021-04-18 02:40:00,,,
2288,ISP BLOOMINGTON 33,BLOOMINGTON,2,,1.0,0,0,,,,I-69,,,0.0,,39.17936229,-86.55855364,INTERSTATE,,URBAN,N,N,N,,DAYLIGHT,CLEAR,DRY,,NO JUNCTION INVOLVED,,ASPHALT,TIRE FAILURE OR DEFECTIVE,,69119.5,,2021-04-18 14:12:00,,,
2289,INDIANA UNIV BLOOMINGTON PD,BLOOMINGTON,2,0.0,0.0,0,0,2815,,,ST RD 45,E UNIVERSITY RD,,,,,,ST RD,N,URBAN,N,N,N,,DAYLIGHT,CLEAR,DRY,,NO JUNCTION INVOLVED,STRAIGHT/HILLCREST,CONCRETE,LEFT OF CENTER,HEAD ON BETWEEN TWO MOTOR VEHICLES,ST RD 45ST RD 46,NONE,2021-04-18 15:34:00,,,
2290,BLOOMINGTON PD,BLOOMINGTON,2,0.0,0.0,0,0,,,,W TAPP RD,S ADAMS ST,,100.0,W,39.136676,-86.55439134,LOCAL/CITY RD,N,URBAN,N,N,N,,DAYLIGHT,CLOUDY,DRY,,T-INTERSECTION,STRAIGHT/GRADE,ASPHALT,ANIMAL/OBJECT IN RDWAY,REAR END,SADAMSSTWTAPPRD,ROUNDABOUT INTERSECTION,2021-04-18 18:12:00,,,
2291,MONROE SD,BLOOMINGTON,1,0.0,0.0,1,0,,,,W DINSMORE RD (E),ST RD 45,,,,39.1132231,-86.6347686,LOCAL/CITY RD,N,RURAL,N,N,N,,DARK (NOT LIGHTED),CLEAR,DRY,,NO JUNCTION INVOLVED,STRAIGHT/LEVEL,ASPHALT,RAN OFF RD RIGHT,RAN OFF RD,WDINSMORERDWSTATERD45RD,NONE,2021-04-18 20:51:00,,,
2292,MONROE SD,BLOOMINGTON,1,0.0,0.0,0,1,,,,W VERNAL PK,N SUNRISE GREETING CT,,,,39.179142,-86.576399,COUNTY RD,N,RURAL,N,N,N,,DARK (NOT LIGHTED),CLEAR,DRY,,NO JUNCTION INVOLVED,STRAIGHT/HILLCREST,ASPHALT,ANIMAL/OBJECT IN RDWAY,COLLISION WITH DEER,SUNRISEGREETINGSCTVERNALPK,NONE,2021-04-17 00:03:00,,,
2293,BLOOMINGTON PD,BLOOMINGTON,2,0.0,0.0,0,0,,,,E 2ND ST,S HENDERSON ST,,,,39.16144,-86.527152,LOCAL/CITY RD,Y,URBAN,N,N,N,,UNKNOWN,CLEAR,DRY,,FOUR-WAY INTERSECTION,STRAIGHT/LEVEL,ASPHALT,IMPROPER LN USAGE,SAME DIRECTION SIDESWIPE,EAST2NDSTSOUTHHENDERSONST,STOP SIGN,2021-04-17 12:00:00,,,
2294,BLOOMINGTON PD,BLOOMINGTON,2,0.0,0.0,0,0,,,,E WINSLOW RD,S WALNUT ST PK,,,,39.136144,-86.528688,LOCAL/CITY RD,N,URBAN,N,N,N,,DAYLIGHT,CLOUDY,WET,,FOUR-WAY INTERSECTION,STRAIGHT/GRADE,ASPHALT,FAILURE TO YIELD RIGHT OF WAY,RIGHT ANGLE,WALNUTSTPKWINSLOWRD,LN CONTROL,2021-04-17 12:34:00,,,
2295,MONROE SD,BLOOMINGTON,1,0.0,1.0,0,0,,,,S VALLEY MISSION RD,E PEDIGO BAY DR,,200.0,N,39.02464413,-86.5012091,COUNTY RD,N,RURAL,N,N,N,,DAYLIGHT,CLEAR,DRY,,NO JUNCTION INVOLVED,CURVE/GRADE,ASPHALT,OTHER (DRIVER) - EXPLAIN IN NARRATIVE,REAR END,EPEDIGOBAYDRSVALLEYMISSIONRD,NONE,2021-04-17 12:52:00,,,True
2296,INDIANA UNIV BLOOMINGTON PD,BLOOMINGTON,2,0.0,0.0,0,0,,,,ST RD 45/46,E DISCOVERY PKWY,,100.0,S,39.21654567,-86.61521799,ST RD,N,URBAN,N,N,N,,DAYLIGHT,RAIN,WET,,NO JUNCTION INVOLVED,STRAIGHT/GRADE,ASPHALT,FOLLOWING TOO CLOSELY,REAR END,DISCOVERYPKWYST RD 46S,NONE,2021-04-17 12:55:00,,,
2297,ELLETTSVILLE PD,ELLETTSVILLE,2,0.0,0.0,0,0,,,,ST RD 46,BRIAR GATE DR,,,,39.216569,-86.596334,ST RD,N,URBAN,N,N,N,,DAYLIGHT,CLEAR,DRY,,NO JUNCTION INVOLVED,STRAIGHT/LEVEL,ASPHALT,UNSAFE LN MOVEMENT,SAME DIRECTION SIDESWIPE,BRIARGATEDRST RD 46 W,LN CONTROL,2021-04-17 18:01:00,,,
2298,MONROE SD,,2,0.0,0.0,0,0,,,,ST RD 45,W AIRPORT RD,,,,0.0,0.0,ST RD,Y,RURAL,N,N,N,,DARK (NOT LIGHTED),CLEAR,DRY,,T-INTERSECTION,STRAIGHT/GRADE,ASPHALT,DISREGARD SIGNAL/REG SIGN,REAR END,AIRPORTRDST RD 45,TRAFFIC CONTROL SIGNAL,2021-04-17 20:45:00,,,
2299,BLOOMINGTON PD,BLOOMINGTON,2,0.0,0.0,0,0,,,,W KIRKWOOD AVE,N COLLEGE AVE,,,,39.16664,-86.5348,LOCAL/CITY RD,Y,URBAN,N,N,N,,DARK (LIGHTED),CLEAR,DRY,,NO JUNCTION INVOLVED,STRAIGHT/GRADE,CONCRETE,FOLLOWING TOO CLOSELY,REAR END,SCOLLEGEAVEWKIRKWOODAVE,NONE,2021-04-17 23:50:00,,,
2300,MONROE SD,BLOOMINGTON,1,0.0,0.0,0,0,,,,S ROCKPORT RD,,,1500.0,N,39.101776,-86.576864,LOCAL/CITY RD,N,RURAL,N,N,N,,DAYLIGHT,CLEAR,DRY,,T-INTERSECTION,STRAIGHT/HILLCREST,ASPHALT,RAN OFF RD RIGHT,RAN OFF RD,COCKRELLRDSROCKPORTRD,NONE,2021-04-16 01:24:00,,,
2301,MONROE SD,BLOOMINGTON,1,0.0,0.0,0,0,,,,S HARMONY RD,,,2000.0,E,39.06822,-86.62629685,LOCAL/CITY RD,N,RURAL,N,N,N,,DARK (NOT LIGHTED),CLEAR,DRY,,NO JUNCTION INVOLVED,CURVE/LEVEL,ASPHALT,DRIVER ASLEEP OR FATIGUED,RAN OFF RD,HARMONYRDMOUNTZIONRD,LN CONTROL,2021-04-16 05:10:00,,,
2302,BLOOMINGTON PD,BLOOMINGTON,2,0.0,0.0,0,0,,,,N INDIANA AVE,E 14TH ST,,,,39.176192,-86.52712,LOCAL/CITY RD,N,URBAN,N,N,N,,DAYLIGHT,CLEAR,DRY,,FOUR-WAY INTERSECTION,STRAIGHT/LEVEL,ASPHALT,FAILURE TO YIELD RIGHT OF WAY,RIGHT ANGLE,14THSTINDIANAAVE,STOP SIGN,2021-04-16 09:25:00,,,
2303,BLOOMINGTON PD,BLOOMINGTON,2,0.0,0.0,0,0,,,,ST RD 45,I-69 S,,,,39.148144,-86.572992,ST RD,Y,URBAN,N,N,N,,DAYLIGHT,CLEAR,DRY,,FOUR-WAY INTERSECTION,STRAIGHT/GRADE,ASPHALT,DISREGARD SIGNAL/REG SIGN,LEFT TURN,S ST RD 37ST RD 45 W,TRAFFIC CONTROL SIGNAL,2021-04-16 11:00:00,,,
2304,ELLETTSVILLE PD,ELLETTSVILLE,2,0.0,0.0,0,0,,,,ST RD 46,W FORREST PARK DR,,,,39.212096,-86.587196,ST RD,Y,,N,N,N,,DAYLIGHT,CLEAR,DRY,,NO JUNCTION INVOLVED,STRAIGHT/LEVEL,ASPHALT,FAILURE TO YIELD RIGHT OF WAY,RIGHT ANGLE,FORRESTPARKFARMSDRST RD 46 W,STOP SIGN,2021-04-16 12:47:00,,,
2305,MONROE SD,BLOOMINGTON,2,0.0,1.0,0,0,6072,,,ST RD 46,E TRAILWOOD DR,,250.0,W,0.0,0.0,ST RD,N,RURAL,N,N,N,,DAYLIGHT,CLEAR,DRY,,NO JUNCTION INVOLVED,CURVE/GRADE,ASPHALT,LEFT OF CENTER,HEAD ON BETWEEN TWO MOTOR VEHICLES,ST RD 46ETWINLEAFTR,NONE,2021-04-16 14:54:00,,,
2306,INDIANA UNIV BLOOMINGTON PD,BLOOMINGTON,3,0.0,0.0,0,0,,,,E 3RD ST,S INDIANA AVE,,150.0,E,39.164281,-86.52588397,LOCAL/CITY RD,N,URBAN,N,N,N,,DAYLIGHT,CLEAR,DRY,,NO JUNCTION INVOLVED,STRAIGHT/LEVEL,ASPHALT,FOLLOWING TOO CLOSELY,REAR END,FESSAVE 3RDST,LN CONTROL,2021-04-16 15:18:00,,,
2307,BLOOMINGTON PD,BLOOMINGTON,2,0.0,0.0,0,0,,,,ST RD 48,S CURRY PK,,,,39.16465,-86.582939,LOCAL/CITY RD,N,URBAN,N,N,N,,DAYLIGHT,CLEAR,DRY,,NO JUNCTION INVOLVED,STRAIGHT/LEVEL,CONCRETE,FAILURE TO YIELD RIGHT OF WAY,LEFT TURN,SCURRYPKW 3RDST,NONE,2021-04-16 15:29:00,,,
2308,BLOOMINGTON PD,BLOOMINGTON,2,0.0,0.0,0,0,,,,E 10TH ST,N DUNN ST,,,,39.17168,-86.528256,LOCAL/CITY RD,N,URBAN,N,N,N,,DAYLIGHT,CLEAR,DRY,,FOUR-WAY INTERSECTION,STRAIGHT/LEVEL,ASPHALT,FAILURE TO YIELD RIGHT OF WAY,LEFT/RIGHT TURN,10THSTNDUNNST,LN CONTROL,2021-04-16 16:54:00,,,
2309,MONROE SD,BLOOMINGTON,2,0.0,1.0,1,0,,,,ST RD 46,,,1000.0,W,39.15629121,-86.40831933,ST RD,N,RURAL,N,N,N,,DAYLIGHT,CLEAR,DRY,,NO JUNCTION INVOLVED,STRAIGHT/GRADE,ASPHALT,LEFT OF CENTER,HEAD ON BETWEEN TWO MOTOR VEHICLES,FRIENDSHIPRDST RD 46E,NONE,2021-04-16 18:32:00,,,
2310,BLOOMINGTON PD,BLOOMINGTON,1,0.0,0.0,0,0,3939,,,ST RD 48,S CURRY PK,,,,39.164752,-86.573104,UNKNOWN,N,URBAN,N,N,N,,DAYLIGHT,CLEAR,DRY,,NO JUNCTION INVOLVED,STRAIGHT/LEVEL,ASPHALT,DRIVER ILLNESS,COLLISION WITH OBJECT IN RD,W 3RDST,NONE,2021-04-16 18:45:00,,,
2311,MONROE SD,BLOOMINGTON,2,0.0,0.0,0,0,,,,ST RD 46,,,3000.0,E,0.0,0.0,ST RD,N,RURAL,N,N,N,,DAWN/DUSK,CLEAR,DRY,,NO JUNCTION INVOLVED,STRAIGHT/LEVEL,ASPHALT,UNSAFE BACKING,BACKING CRASH,GETTYCREEKRDST RD 45E,NONE,2021-04-16 20:00:00,,,
2312,INDIANA UNIV BLOOMINGTON PD,BLOOMINGTON,2,0.0,0.0,0,0,,,,E 17TH ST,N INDIANA AVE,,,,,,LOCAL/CITY RD,N,URBAN,N,N,N,,DARK (LIGHTED),CLEAR,DRY,,T-INTERSECTION,STRAIGHT/GRADE,ASPHALT,FOLLOWING TOO CLOSELY,REAR END,EAST17THSTINDIANAAVE,NONE,2021-04-15 08:52:00,,,
2313,MONROE SD,BLOOMINGTON,2,0.0,0.0,0,0,,,,S LIBERTY DR,,,1545.0,N,39.31451421,-86.576869,LOCAL/CITY RD,N,URBAN,N,N,N,,DAYLIGHT,CLEAR,DRY,,NO JUNCTION INVOLVED,STRAIGHT/LEVEL,ASPHALT,FOLLOWING TOO CLOSELY,RIGHT TURN,SLIBERTYDRWCONSTITUTIONAVE,NONE,2021-04-15 10:32:00,,,
2314,MONROE SD,BLOOMINGTON,1,1.0,0.0,0,0,,,,ST RD 446,,,1380.0,S,39.03045889,-86.40763666,ST RD,N,RURAL,N,Y,N,,DAYLIGHT,CLEAR,DRY,,NO JUNCTION INVOLVED,CURVE/GRADE,ASPHALT,ANIMAL/OBJECT IN RDWAY,RAN OFF RD,EALLENSCREEKRDST RD 446E,NONE,2021-04-15 12:00:00,,,
2315,BLOOMINGTON PD,BLOOMINGTON,2,0.0,1.0,0,0,,,,W 2ND ST,S ADAMS ST,,,,39.160371,-86.550829,LOCAL/CITY RD,N,URBAN,N,N,N,,DAYLIGHT,CLEAR,DRY,,FOUR-WAY INTERSECTION,STRAIGHT/LEVEL,ASPHALT,DISREGARD SIGNAL/REG SIGN,RIGHT ANGLE,ADAMSSTW 2NDST,TRAFFIC CONTROL SIGNAL,2021-04-15 13:15:00,,,
2316,BLOOMINGTON PD,BLOOMINGTON,2,0.0,0.0,0,0,,,,S DUNN ST,E 9TH ST,,,,39.170544,-86.52824,LOCAL/CITY RD,N,URBAN,N,N,N,,DAYLIGHT,CLEAR,DRY,,NO JUNCTION INVOLVED,STRAIGHT/LEVEL,ASPHALT,FAILURE TO YIELD RIGHT OF WAY,RIGHT ANGLE,E9THSTSDUNNST,STOP SIGN,2021-04-15 13:30:00,,,
2317,BLOOMINGTON PD,BLOOMINGTON,1,0.0,0.0,0,0,349,,,S WALNUT ST,E SMITH AVE,,,,39.16908669,-86.53356016,LOCAL/CITY RD,N,URBAN,Y,N,N,,DAYLIGHT,CLEAR,DRY,,NO JUNCTION INVOLVED,STRAIGHT/LEVEL,CONCRETE,OVERCORRECTING/OVERSTEERING,OTHER - EXPLAIN IN NARRATIVE,SWALNUTST,NONE,2021-04-15 15:40:00,,,
2318,INDIANA UNIV BLOOMINGTON PD,BLOOMINGTON,1,0.0,0.0,0,1,,,,ST RD 45/46,N FEE LN,,1000.0,E,39.18504585,-86.51656815,ST RD,N,URBAN,N,N,N,,DAYLIGHT,CLEAR,DRY,,NO JUNCTION INVOLVED,STRAIGHT/LEVEL,ASPHALT,ANIMAL/OBJECT IN RDWAY,COLLISION WITH DEER,FEELNST RD 46E,NONE,2021-04-15 15:45:00,,,
2319,MONROE SD,BLOOMINGTON,2,0.0,0.0,0,0,,,,S FAIRFAX RD,E SCHACHT RD,,,,39.10704,-86.523488,COUNTY RD,N,RURAL,N,N,N,,DAYLIGHT,CLEAR,DRY,,T-INTERSECTION,STRAIGHT/LEVEL,ASPHALT,FOLLOWING TOO CLOSELY,REAR END,ESCHACHTRDSFAIRFAXRD,NONE,2021-04-15 16:57:00,,,
2320,INDIANA UNIV BLOOMINGTON PD,BLOOMINGTON,3,0.0,0.0,0,0,,,,ST RD 45/46,,,500.0,S,,,ST RD,N,URBAN,N,N,N,,DAYLIGHT,CLEAR,DRY,,NO JUNCTION INVOLVED,STRAIGHT/LEVEL,ASPHALT,FOLLOWING TOO CLOSELY,REAR END,EASTDISCOVERYPKWYST RD 46S,NONE,2021-04-15 17:51:00,,,
2321,BLOOMINGTON PD,BLOOMINGTON,2,0.0,0.0,0,0,,,,W 2ND ST,S COLLEGE AVE,,,,39.16144,-86.534848,LOCAL/CITY RD,N,URBAN,N,N,N,,DAYLIGHT,CLEAR,DRY,,FOUR-WAY INTERSECTION,STRAIGHT/LEVEL,ASPHALT,FOLLOWING TOO CLOSELY,REAR END,SCOLLEGEAVEW 2NDST,TRAFFIC CONTROL SIGNAL,2021-04-15 18:18:00,,,
2322,MONROE SD,BLOOMINGTON,1,0.0,1.0,0,0,,,,E MONROE DAM RD,S VALLEY MISSION LN,,200.0,E,39.009344,-86.510096,LOCAL/CITY RD,N,RURAL,N,N,N,,DAYLIGHT,CLEAR,DRY,,NO JUNCTION INVOLVED,STRAIGHT/LEVEL,ASPHALT,UNSAFE SPEED,RAN OFF RD,EMONROEDAMRDSVALLEYMISSIONRD,NONE,2021-04-15 20:10:00,,,
2323,MONROE SD,BLOOMINGTON,1,0.0,0.0,0,1,,,,I-69 N,,,20.0,S,0.0,0.0,INTERSTATE,N,RURAL,N,N,N,,DARK (NOT LIGHTED),CLEAR,DRY,,NO JUNCTION INVOLVED,STRAIGHT/LEVEL,ASPHALT,ANIMAL/OBJECT IN RDWAY,COLLISION WITH DEER,I-69 N123.0,NONE,2021-04-15 20:50:00,,,
2324,INDIANA UNIV BLOOMINGTON PD,BLOOMINGTON,2,0.0,0.0,0,0,,,,S MITCHELL ST,E 3RD ST,,,,39.16426,-86.514211,LOCAL/CITY RD,N,URBAN,N,N,N,,DARK (LIGHTED),CLEAR,DRY,,T-INTERSECTION,STRAIGHT/LEVEL,ASPHALT,LEFT OF CENTER,RIGHT TURN,MITCHELLST3RDST,NONE,2021-04-15 21:02:00,,,
2325,BLOOMINGTON PD,BLOOMINGTON,3,0.0,0.0,0,0,512,,,S WASHINGTON ST,,,150.0,S,39.16144,-86.5324,LOCAL/CITY RD,Y,URBAN,N,N,N,,DARK (NOT LIGHTED),CLEAR,DRY,,NO JUNCTION INVOLVED,STRAIGHT/LEVEL,ASPHALT,UNSAFE LN MOVEMENT,SAME DIRECTION SIDESWIPE,E 2NDSTSWASHINGTONST,NONE,2021-04-14 04:00:00,,,
2326,BLOOMINGTON PD,BLOOMINGTON,2,0.0,1.0,0,0,,,,N WALNUT ST,ST RD 45/46,,,,39.186368,-86.5344,LOCAL/CITY RD,N,URBAN,N,N,N,,DAWN/DUSK,CLEAR,DRY,,FOUR-WAY INTERSECTION,STRAIGHT/GRADE,ASPHALT,UNSAFE SPEED,REAR END,NWALNUTSTST RD 46 W,TRAFFIC CONTROL SIGNAL,2021-04-14 07:53:00,,,
2327,BLOOMINGTON PD,BLOOMINGTON,2,0.0,0.0,0,0,,,,S HENDERSON ST,E HUNTER AVE,,,,39.164448,-86.5268,LOCAL/CITY RD,N,URBAN,N,N,N,,DAYLIGHT,CLOUDY,DRY,,T-INTERSECTION,STRAIGHT/GRADE,ASPHALT,IMPROPER LN USAGE,SAME DIRECTION SIDESWIPE,HENDERSONSTHUNTERAVE,NONE,2021-04-14 08:23:00,,,