_id,Agency,City,Vehicles Involved,Trailers Involved,Number Injured,Number Dead,Number Deer,House Number,Roadway Interchange,Roadway Ramp,Roadway Id,Intersecting Road,Interchange,Feet From,Direction,Latitude,Longitude,Roadway Class,Hit and Run?,Locality,School Zone?,Rumble Strips?,Construction?,Construction Type,Light Condition,Weather Conditions,Surface Condition,Type of Median,Roadway Junction Type,Road Character,Roadway Surface,Primary Factor,Manner of Collision,Unique Location Id,Traffic Control,DateTime,Address Number,Cyclist Involved,Pedestrian Involved
2328,INDIANA UNIV BLOOMINGTON PD,BLOOMINGTON,2,0.0,0.0,0,0,,,,ST RD 45/46,E 17TH ST,,,,,,ST RD,N,URBAN,N,N,N,,DAYLIGHT,CLEAR,DRY,,T-INTERSECTION,STRAIGHT/LEVEL,ASPHALT,DISREGARD SIGNAL/REG SIGN,RIGHT ANGLE,EAST17THSTST RD 46,TRAFFIC CONTROL SIGNAL,2021-04-14 12:05:00,,,
2329,INDIANA UNIV BLOOMINGTON PD,BLOOMINGTON,1,0.0,0.0,0,0,1101,,,N FEE LN,,,,,39.17612549,-86.51898236,UNKNOWN,N,URBAN,N,N,N,,DAYLIGHT,CLEAR,DRY,,NO JUNCTION INVOLVED,STRAIGHT/LEVEL,CONCRETE,OTHER (DRIVER) - EXPLAIN IN NARRATIVE,COLLISION WITH OBJECT IN RD,NFEELN,NONE,2021-04-14 12:47:00,,,
2330,BLOOMINGTON PD,BLOOMINGTON,2,0.0,0.0,0,0,,,,E MCMILLAN CT,,,500.0,S,0.0,0.0,LOCAL/CITY RD,N,URBAN,N,N,N,,DAYLIGHT,CLEAR,DRY,,NO JUNCTION INVOLVED,CURVE/LEVEL,ASPHALT,UNSAFE BACKING,BACKING CRASH,EWINSTONSTMCMILLANCT,NONE,2021-04-14 14:53:00,,,
2331,BLOOMINGTON PD,BLOOMINGTON,2,0.0,0.0,0,0,,,,S WALNUT ST PK,E WINSLOW RD,,,,39.136144,-86.528688,LOCAL/CITY RD,N,URBAN,N,N,N,,DAYLIGHT,CLEAR,DRY,,FOUR-WAY INTERSECTION,STRAIGHT/LEVEL,ASPHALT,FAILURE TO YIELD RIGHT OF WAY,RIGHT ANGLE,EWINSLOWRDSWALNUTSTPK,STOP SIGN,2021-04-14 15:09:00,,,
2332,INDIANA UNIV BLOOMINGTON PD,BLOOMINGTON,2,0.0,0.0,0,0,,,,E ATWATER AVE,S HIGHLAND AVE,,,,,,LOCAL/CITY RD,N,URBAN,N,N,N,,DAYLIGHT,CLEAR,DRY,,FOUR-WAY INTERSECTION,STRAIGHT/GRADE,ASPHALT,FAILURE TO YIELD RIGHT OF WAY,RIGHT ANGLE,ATWATERAVEHIGHLANDAVE,STOP SIGN,2021-04-14 15:20:00,,,
2333,ELLETTSVILLE PD,ELLETTSVILLE,2,0.0,0.0,0,0,,,,ST RD 46,W MAPLE GROVE RD,,,,39.245744,-86.636896,ST RD,N,URBAN,N,N,N,,DAYLIGHT,CLEAR,DRY,,T-INTERSECTION,CURVE/GRADE,ASPHALT,FAILURE TO YIELD RIGHT OF WAY,LEFT TURN,MAPLEGROVERDST RD 46 W,NONE,2021-04-14 15:31:00,,,
2334,ELLETTSVILLE PD,ELLETTSVILLE,2,0.0,0.0,0,0,,,,S 1ST,W RITTER ST,,,,39.229424,-86.623584,LOCAL/CITY RD,N,URBAN,N,N,N,,DAYLIGHT,CLEAR,DRY,,NO JUNCTION INVOLVED,STRAIGHT/HILLCREST,ASPHALT,FAILURE TO YIELD RIGHT OF WAY,OPPOSITE DIRECTION SIDESWIPE,1STRITTERST,LN CONTROL,2021-04-13 08:35:00,,,
2335,INDIANA UNIV BLOOMINGTON PD,BLOOMINGTON,3,0.0,0.0,0,0,,,,E 3RD ST,S INDIANA AVE,,,,39.164287,-86.526904,LOCAL/CITY RD,N,URBAN,N,N,N,,DAYLIGHT,CLEAR,DRY,,NO JUNCTION INVOLVED,STRAIGHT/LEVEL,CONCRETE,FOLLOWING TOO CLOSELY,REAR END,HENDERSONST3RDST,NONE,2021-04-13 11:35:00,,,
2336,INDIANA UNIV BLOOMINGTON PD,BLOOMINGTON,2,0.0,1.0,0,0,,,,E 10TH ST,N FEE LN,,,,,,LOCAL/CITY RD,N,URBAN,N,N,N,,DAYLIGHT,CLOUDY,DRY,,T-INTERSECTION,STRAIGHT/LEVEL,ASPHALT,FOLLOWING TOO CLOSELY,REAR END,FEELNTENTHST,TRAFFIC CONTROL SIGNAL,2021-04-13 13:30:00,,,
2337,ELLETTSVILLE PD,ELLETTSVILLE,2,0.0,0.0,0,0,,,,ST RD 46,N HARTSTRAIT RD,,100.0,W,,,ST RD,N,URBAN,N,N,N,,DAYLIGHT,CLOUDY,DRY,,FOUR-WAY INTERSECTION,STRAIGHT/LEVEL,ASPHALT,OVERCORRECTING/OVERSTEERING,SAME DIRECTION SIDESWIPE,HARTSTRAITRDST RD 46 W,TRAFFIC CONTROL SIGNAL,2021-04-13 15:15:00,,,
2338,INDIANA UNIV BLOOMINGTON PD,BLOOMINGTON,2,0.0,0.0,0,0,,,,ST RD 45/46,E DISCOVERY PKWY,,,,,,ST RD,N,URBAN,N,N,N,,DAYLIGHT,CLEAR,DRY,,T-INTERSECTION,STRAIGHT/LEVEL,ASPHALT,FOLLOWING TOO CLOSELY,REAR END,ST RD 45/46BYPASSEASTDISCOVERYPARKWAY,TRAFFIC CONTROL SIGNAL,2021-04-13 15:40:00,,,
2339,BLOOMINGTON PD,BLOOMINGTON,2,0.0,1.0,0,0,,,,W 2ND ST,S ROGERS ST,,,,39.16152,-86.538592,LOCAL/CITY RD,Y,URBAN,N,N,N,,DAYLIGHT,CLEAR,DRY,,FOUR-WAY INTERSECTION,STRAIGHT/GRADE,CONCRETE,DISREGARD SIGNAL/REG SIGN,RIGHT ANGLE,SOUTHROGERSSTWEST2NDST,TRAFFIC CONTROL SIGNAL,2021-04-13 16:45:00,,,
2340,BLOOMINGTON PD,BLOOMINGTON,2,0.0,2.0,0,0,,,,S CURRY PK,ST RD 48,,,,39.16465,-86.582939,LOCAL/CITY RD,N,URBAN,N,N,N,,DAWN/DUSK,CLEAR,DRY,,FOUR-WAY INTERSECTION,STRAIGHT/LEVEL,ASPHALT,UNSAFE SPEED,REAR END,SCURRYPKW 3RDST,TRAFFIC CONTROL SIGNAL,2021-04-13 18:46:00,,,
2341,BLOOMINGTON PD,BLOOMINGTON,2,0.0,0.0,0,0,,,,W HOWE ST,S ROGERS ST,,,,39.162403,-86.53868,LOCAL/CITY RD,Y,URBAN,N,N,N,,DARK (NOT LIGHTED),CLEAR,DRY,,NO JUNCTION INVOLVED,STRAIGHT/LEVEL,ASPHALT,UNSAFE BACKING,BACKING CRASH,SROGERSSTWHOWEST,NONE,2021-04-12 00:00:00,,,
2342,BLOOMINGTON PD,BLOOMINGTON,2,0.0,0.0,0,0,,,,W ARLINGTON RD,W GOURLEY PK,,30.0,E,39.186544,-86.551168,LOCAL/CITY RD,N,URBAN,N,N,N,,DAWN/DUSK,CLEAR,DRY,,T-INTERSECTION,STRAIGHT/GRADE,ASPHALT,FAILURE TO YIELD RIGHT OF WAY,LEFT TURN,WARLINGTONRDWGOURLEYPK,NONE,2021-04-12 07:45:00,,,
2343,MONROE SD,BLOOMINGTON,1,0.0,1.0,0,0,,,,E GILMORE RIDGE RD,,,477.0,S,39.10303199,-86.38166422,COUNTY RD,N,RURAL,N,N,N,,DAYLIGHT,CLEAR,DRY,,NO JUNCTION INVOLVED,CURVE/LEVEL,GRAVEL,ANIMAL/OBJECT IN RDWAY,RAN OFF RD,EDECKARDRIDGERDGILMORERIDGERD,NONE,2021-04-12 10:49:00,,,
2344,BLOOMINGTON PD,BLOOMINGTON,2,0.0,1.0,0,0,,,,S WALNUT ST PK,E ALLENDALE DR,,,,39.130944,-86.526688,LOCAL/CITY RD,N,URBAN,N,N,N,,DAYLIGHT,CLEAR,DRY,,FOUR-WAY INTERSECTION,STRAIGHT/LEVEL,ASPHALT,FAILURE TO YIELD RIGHT OF WAY,RIGHT ANGLE,ALLENDALEDRWALNUTSTPK,STOP SIGN,2021-04-12 11:32:00,,,
2345,ISP BLOOMINGTON 33,BLOOMINGTON,2,,0.0,0,0,,118,B,I-69 N,W 3RD ST,,0.0,,39.1647367,-86.57244212,ST RD,,RURAL,N,N,N,,DAYLIGHT,CLEAR,DRY,,INTERCHANGE,,CONCRETE,IMPROPER TURNING,SAME DIRECTION SIDESWIPE,I-69118B,,2021-04-12 12:02:00,,,
2346,ISP BLOOMINGTON 33,BLOOMINGTON,1,,0.0,0,0,,123,C,I-69 S,N ST RD 37,,0.0,,39.23770483,-86.53901197,LOCAL/CITY RD,,URBAN,N,N,N,,DAYLIGHT,CLEAR,DRY,,RAMP,,ASPHALT,,RAN OFF RD,I-69-123-RampC123C,,2021-04-12 12:35:00,,,
2347,BLOOMINGTON PD,BLOOMINGTON,2,0.0,0.0,0,0,,,,E MOORES PK,ST RD 446,,,,39.150352,-86.471296,LOCAL/CITY RD,Y,URBAN,N,N,N,,DAYLIGHT,CLEAR,DRY,,FOUR-WAY INTERSECTION,STRAIGHT/GRADE,ASPHALT,FAILURE TO YIELD RIGHT OF WAY,LEFT TURN,EMOORESPKST RD 446S,NONE,2021-04-12 13:18:00,,,
2348,INDIANA UNIV BLOOMINGTON PD,BLOOMINGTON,2,0.0,0.0,0,0,,,,N EAGLESON AVE,E 10TH ST,,,,,,LOCAL/CITY RD,N,URBAN,N,N,N,,DAYLIGHT,CLEAR,DRY,,FOUR-WAY INTERSECTION,STRAIGHT/LEVEL,ASPHALT,IMPROPER PASSING,SAME DIRECTION SIDESWIPE,EAGLESON AVEAVETENTHST,TRAFFIC CONTROL SIGNAL,2021-04-12 14:00:00,,,
2349,BLOOMINGTON PD,BLOOMINGTON,2,0.0,0.0,0,0,300,,,E VARSITY LN,,,,,39.183454,-86.530617,LOCAL/CITY RD,Y,URBAN,N,N,N,,DARK (LIGHTED),CLEAR,DRY,,NO JUNCTION INVOLVED,CURVE/GRADE,ASPHALT,OTHER (DRIVER) - EXPLAIN IN NARRATIVE,BACKING CRASH,EVARSITYLN,NONE,2021-04-12 21:36:00,,,
2350,MONROE SD,BLOOMINGTON,1,0.0,0.0,0,0,,115,N,I-69 S,W FULLERTON PK,,,,,,INTERSTATE,N,RURAL,N,N,N,,DARK (LIGHTED),CLOUDY,DRY,,RAMP,CURVE/GRADE,ASPHALT,RAN OFF RD RIGHT,RAN OFF RD,I-69S,NONE,2021-04-11 01:01:00,,,
2351,ELLETTSVILLE PD,ELLETTSVILLE,2,0.0,0.0,0,0,,,,ST RD 46,N UNION VALLEY RD,,,,39.215152,-86.5928,ST RD,Y,URBAN,N,N,N,,DAYLIGHT,CLEAR,DRY,,NO JUNCTION INVOLVED,STRAIGHT/LEVEL,ASPHALT,OTHER (DRIVER) - EXPLAIN IN NARRATIVE,OPPOSITE DIRECTION SIDESWIPE,ST RD 46 WUNIONVALLEYRDS,TRAFFIC CONTROL SIGNAL,2021-04-11 07:32:00,,,
2352,BLOOMINGTON PD,BLOOMINGTON,1,0.0,,0,0,,,,S WALNUT ST,E S DR,,70.0,S,39.142048,-86.531088,LOCAL/CITY RD,Y,URBAN,Y,N,N,,DAYLIGHT,RAIN,WET,,NO JUNCTION INVOLVED,STRAIGHT/LEVEL,ASPHALT,RAN OFF RD RIGHT,RAN OFF RD,SWALNUTSTSOUTHDR,LN CONTROL,2021-04-11 09:45:00,,,
2353,INDIANA UNIV BLOOMINGTON PD,BLOOMINGTON,4,0.0,0.0,0,0,,,,ST RD 46,ST RD 45,,,,,,ST RD,N,URBAN,N,N,N,,DAYLIGHT,RAIN,WET,,FOUR-WAY INTERSECTION,STRAIGHT/LEVEL,ASPHALT,SPEED TOO FAST FOR WEATHER CONDITIONS,REAR END,ST RD 46UNIONVILLERD,TRAFFIC CONTROL SIGNAL,2021-04-11 15:45:00,,,
2354,BLOOMINGTON PD,BLOOMINGTON,3,0.0,1.0,0,0,,,,S LEONARD SPRINGS RD,W TAPP RD,,,,,,LOCAL/CITY RD,N,URBAN,N,N,N,,DAYLIGHT,CLOUDY,WET,,T-INTERSECTION,STRAIGHT/LEVEL,ASPHALT,FOLLOWING TOO CLOSELY,SAME DIRECTION SIDESWIPE,SLEONARDSPRINGSRDWTAPPRD,STOP SIGN,2021-04-11 16:15:00,,,
2355,MONROE SD,BLOOMINGTON,1,0.0,0.0,0,1,,,,W WILLIAMS RD,,,500.0,W,,,LOCAL/CITY RD,N,URBAN,N,N,N,,DARK (NOT LIGHTED),CLEAR,WET,,NO JUNCTION INVOLVED,STRAIGHT/GRADE,ASPHALT,ANIMAL/OBJECT IN RDWAY,COLLISION WITH DEER,WSIMPSONCHAPELRDWWILLIAMSRD,NONE,2021-04-10 04:54:00,,,
2356,MONROE SD,BLOOMINGTON,1,0.0,2.0,0,0,,,,W LEONARD SPRINGS RD,,,1100.0,W,39.122352,-86.5964,LOCAL/CITY RD,N,URBAN,N,N,N,,DARK (NOT LIGHTED),CLOUDY,WET,,NO JUNCTION INVOLVED,STRAIGHT/LEVEL,ASPHALT,ANIMAL/OBJECT IN RDWAY,RAN OFF RD,SDUNCANRDWLEONARDSPRINGSRD,LN CONTROL,2021-04-10 05:13:00,,,
2357,MONROE SD,BLOOMINGTON,1,0.0,1.0,0,0,,,,ST RD 446,,,,,,,ST RD,N,RURAL,N,N,N,,DARK (NOT LIGHTED),CLEAR,DRY,,NO JUNCTION INVOLVED,CURVE/GRADE,ASPHALT,OVERCORRECTING/OVERSTEERING,RAN OFF RD,SOLDRICHARDSONRDST RD 446,LN CONTROL,2021-04-10 05:55:00,,,
2358,BLOOMINGTON PD,BLOOMINGTON,2,0.0,1.0,0,0,,,,E 3RD ST,ST RD 46,,,,,,LOCAL/CITY RD,N,URBAN,N,N,N,,DAYLIGHT,CLOUDY,ICE,,FOUR-WAY INTERSECTION,STRAIGHT/LEVEL,ASPHALT,FAILURE TO YIELD RIGHT OF WAY,RIGHT ANGLE,E 3RDSTESTATERD46RD,TRAFFIC CONTROL SIGNAL,2021-04-10 09:35:00,,,
2359,BLOOMINGTON PD,BLOOMINGTON,2,0.0,0.0,0,0,,,,E HILLSIDE DR,S HENDERSON ST,,,,39.15064,-86.52696,LOCAL/CITY RD,N,URBAN,Y,N,N,,DAYLIGHT,CLOUDY,DRY,,FOUR-WAY INTERSECTION,STRAIGHT/LEVEL,ASPHALT,DISREGARD SIGNAL/REG SIGN,RIGHT ANGLE,EHILLSIDEDRSHENDERSONST,TRAFFIC CONTROL SIGNAL,2021-04-10 09:39:00,,,
2360,BLOOMINGTON PD,BLOOMINGTON,2,0.0,0.0,0,0,,,,ST RD 45/46,N DUNN ST,,,,39.186352,-86.528496,ST RD,N,URBAN,N,N,N,,DAYLIGHT,RAIN,WET,,FOUR-WAY INTERSECTION,STRAIGHT/LEVEL,ASPHALT,FOLLOWING TOO CLOSELY,REAR END,NDUNNSTST RD 4546 W,TRAFFIC CONTROL SIGNAL,2021-04-10 14:23:00,,,
2361,INDIANA UNIV BLOOMINGTON PD,BLOOMINGTON,2,0.0,0.0,0,0,,,,ST RD 45/46,E 17TH ST,,,,,,ST RD,N,URBAN,N,N,N,,DAYLIGHT,CLOUDY,WET,,T-INTERSECTION,STRAIGHT/LEVEL,ASPHALT,FOLLOWING TOO CLOSELY,REAR END,EAST17THSTST RD 46,TRAFFIC CONTROL SIGNAL,2021-04-10 15:15:00,,,
2362,BLOOMINGTON PD,BLOOMINGTON,2,0.0,1.0,0,0,,,,ST RD 46,KINGSTON DR S,,,,39.16424,-86.492944,LOCAL/CITY RD,N,URBAN,N,N,N,,DAYLIGHT,CLEAR,DRY,,FOUR-WAY INTERSECTION,STRAIGHT/LEVEL,ASPHALT,DISREGARD SIGNAL/REG SIGN,LEFT TURN,E 3RDSTSKINGSTONDR,TRAFFIC CONTROL SIGNAL,2021-04-10 16:37:00,,,
2363,MONROE SD,BLOOMINGTON,2,0.0,0.0,0,0,,,,S LEONARD SPRINGS RD,W WALNUT LEAF DR,,,,39.14012,-86.582605,LOCAL/CITY RD,N,URBAN,N,N,N,,DAYLIGHT,CLEAR,DRY,,T-INTERSECTION,STRAIGHT/LEVEL,ASPHALT,FOLLOWING TOO CLOSELY,REAR END,LEONARDSPRINGSRDWALNUTLEAFDR,LN CONTROL,2021-04-10 16:53:00,,,
2364,MONROE SD,BLOOMINGTON,1,0.0,0.0,0,0,,,,I-69 N,,,100.0,N,0.0,0.0,INTERSTATE,N,RURAL,N,Y,N,,DAYLIGHT,RAIN,WATER (STANDING OR MOVING),,NO JUNCTION INVOLVED,STRAIGHT/GRADE,ASPHALT,RAN OFF RD RIGHT,RAN OFF RD,I-69 N125,NONE,2021-04-10 17:50:00,,,
2365,BLOOMINGTON PD,BLOOMINGTON,2,0.0,0.0,0,0,,,,E 3RD ST,S ROOSEVELT ST,,,,39.164304,-86.505792,LOCAL/CITY RD,N,URBAN,N,N,N,,DAYLIGHT,RAIN,WATER (STANDING OR MOVING),,T-INTERSECTION,STRAIGHT/GRADE,ASPHALT,FOLLOWING TOO CLOSELY,REAR END,E 3RDSTSROOSEVELTST,NONE,2021-04-10 18:00:00,,,
2366,INDIANA UNIV BLOOMINGTON PD,BLOOMINGTON,2,0.0,0.0,0,0,,,,N EAGLESON AVE,E LINGELBACH LN,,,,,,UNKNOWN,N,URBAN,N,N,N,,DAYLIGHT,RAIN,WET,,NO JUNCTION INVOLVED,STRAIGHT/LEVEL,ASPHALT,OTHER (DRIVER) - EXPLAIN IN NARRATIVE,OPPOSITE DIRECTION SIDESWIPE,ELINGELBACHLNEAGLESON AVEAVE,NONE,2021-04-10 18:07:00,,,
2367,BLOOMINGTON PD,BLOOMINGTON,3,0.0,0.0,0,0,,,,ST RD 45/46,N KINSER PK,,,,,,LOCAL/CITY RD,N,URBAN,N,N,N,,DAWN/DUSK,RAIN,WET,,FOUR-WAY INTERSECTION,STRAIGHT/LEVEL,ASPHALT,FOLLOWING TOO CLOSELY,REAR END,NKINSERPKSTATERD4546BYP,TRAFFIC CONTROL SIGNAL,2021-04-10 18:45:00,,,
2368,BLOOMINGTON PD,BLOOMINGTON,2,0.0,0.0,0,0,1361,,,W MILIEU DR,S WESTPLEX AVE,,,,,,UNKNOWN,Y,URBAN,N,N,N,,UNKNOWN,CLEAR,DRY,,NO JUNCTION INVOLVED,STRAIGHT/LEVEL,ASPHALT,UNSAFE LN MOVEMENT,SAME DIRECTION SIDESWIPE,WESTMILIEUDR,NONE,2021-04-09 01:00:00,,,
2369,BLOOMINGTON PD,BLOOMINGTON,2,0.0,0.0,0,0,,,,N LINDBERGH DR,W 14TH ST,,,,39.176048,-86.552592,LOCAL/CITY RD,Y,URBAN,N,N,N,,DARK (NOT LIGHTED),CLOUDY,DRY,,NO JUNCTION INVOLVED,STRAIGHT/LEVEL,ASPHALT,IMPROPER LN USAGE,SAME DIRECTION SIDESWIPE,NLINDBERGHDRW14THST,NONE,2021-04-09 02:30:00,,,
2370,MONROE SD,BLOOMINGTON,1,0.0,1.0,0,0,,,,E ROBINSON RD,,,2789.0,E,39.24419372,-86.49119219,LOCAL/CITY RD,N,RURAL,N,N,N,,DARK (NOT LIGHTED),CLEAR,DRY,,NO JUNCTION INVOLVED,STRAIGHT/GRADE,ASPHALT,RAN OFF RD RIGHT,RAN OFF RD,OLDST RD 37RDROBINSONRD,NONE,2021-04-09 04:44:00,,,
2371,BLOOMINGTON PD,BLOOMINGTON,2,0.0,0.0,0,0,,,,N COLLEGE AVE,W 14TH ST,,,,39.175984,-86.534736,LOCAL/CITY RD,N,URBAN,N,N,N,,DARK (LIGHTED),CLEAR,DRY,,NO JUNCTION INVOLVED,STRAIGHT/GRADE,ASPHALT,OTHER (DRIVER) - EXPLAIN IN NARRATIVE,SAME DIRECTION SIDESWIPE,NCOLLEGEAVEW14THST,LN CONTROL,2021-04-09 05:30:00,,,
2372,BLOOMINGTON PD,BLOOMINGTON,1,0.0,0.0,0,0,,,,S CURRY PK,CAMPBELL'S,,200.0,N,39.14798817,-86.58263417,LOCAL/CITY RD,N,URBAN,N,N,N,,DAYLIGHT,CLOUDY,DRY,,NO JUNCTION INVOLVED,STRAIGHT/LEVEL,ASPHALT,RAN OFF RD RIGHT,RAN OFF RD,CURRYPKROLLAVE,LN CONTROL,2021-04-09 09:50:00,,,
2373,BLOOMINGTON PD,BLOOMINGTON,1,0.0,1.0,0,0,,,,W COUNTRYSIDE LN,S ROCKPORT RD,,,,39.136448,-86.548704,LOCAL/CITY RD,N,URBAN,N,N,N,,DAYLIGHT,CLEAR,DRY,,FOUR-WAY INTERSECTION,STRAIGHT/GRADE,CONCRETE,PEDESTRIAN ACTION,RIGHT ANGLE,SOUTHROCKPORTRDWESTCOUNTRYSIDELN,STOP SIGN,2021-04-09 13:45:00,,,True
2374,BLOOMINGTON PD,BLOOMINGTON,2,0.0,0.0,0,0,,,,N ROGERS ST,W 11TH ST,,,,,,LOCAL/CITY RD,Y,URBAN,N,N,N,,DAYLIGHT,CLEAR,DRY,,FOUR-WAY INTERSECTION,STRAIGHT/LEVEL,ASPHALT,FAILURE TO YIELD RIGHT OF WAY,RIGHT TURN,NRODGERSSTW11THST,STOP SIGN,2021-04-09 14:55:00,,,
2375,MONROE SD,BLOOMINGTON,2,0.0,2.0,0,0,,,,ST RD 48,N PROFILE PKWY,,,,,,ST RD,N,URBAN,N,N,N,,DAYLIGHT,CLEAR,DRY,,FOUR-WAY INTERSECTION,STRAIGHT/LEVEL,ASPHALT,DISREGARD SIGNAL/REG SIGN,OTHER - EXPLAIN IN NARRATIVE,PROFILEPKWYST RD 48W,TRAFFIC CONTROL SIGNAL,2021-04-09 16:53:00,,,
2376,BLOOMINGTON PD,BLOOMINGTON,2,0.0,2.0,0,0,,,,E 10TH ST,N WASHINGTON ST,,,,39.171728,-86.5324,LOCAL/CITY RD,N,URBAN,N,N,N,,DAWN/DUSK,CLEAR,DRY,,FOUR-WAY INTERSECTION,STRAIGHT/GRADE,ASPHALT,FAILURE TO YIELD RIGHT OF WAY,LEFT TURN,E 10THSTNWASHINGTONST,NONE,2021-04-09 19:00:00,,,
2377,INDIANA UNIV BLOOMINGTON PD,BLOOMINGTON,2,0.0,0.0,0,0,,,,ST RD 45/46,E 10TH ST,,300.0,N,,,ST RD,N,URBAN,N,N,N,,DAWN/DUSK,CLOUDY,DRY,,NO JUNCTION INVOLVED,STRAIGHT/LEVEL,ASPHALT,FOLLOWING TOO CLOSELY,REAR END,10THSTST RD 45S,NONE,2021-04-09 20:10:00,,,
2378,ELLETTSVILLE PD,ELLETTSVILLE,2,0.0,0.0,0,0,,,,ST RD 46,S PARK ST,,,,39.2292755,-86.618466,LOCAL/CITY RD,N,URBAN,N,N,N,,DARK (NOT LIGHTED),CLEAR,DRY,,T-INTERSECTION,STRAIGHT/LEVEL,ASPHALT,DRIVER DISTRACTED - EXPLAIN IN NARRATIVE,REAR END,PARKSTTEMPERANCEST,LN CONTROL,2021-04-09 20:12:00,,,
2379,MONROE SD,BLOOMINGTON,1,0.0,0.0,0,1,,,,W ST RD 37,,,2000.0,S,,,ST RD,N,RURAL,N,N,N,,DARK (NOT LIGHTED),CLOUDY,DRY,,NO JUNCTION INVOLVED,STRAIGHT/GRADE,ASPHALT,ANIMAL/OBJECT IN RDWAY,COLLISION WITH DEER,OLDMEYERSRDN ST RD 37,NONE,2021-04-09 20:36:00,,,
2380,MONROE SD,BLOOMINGTON,2,0.0,0.0,0,0,,,,N FOW HOLLOW RD,,,2000.0,S,,,COUNTY RD,N,RURAL,N,N,N,,DAYLIGHT,CLOUDY,DRY,,NO JUNCTION INVOLVED,CURVE/HILLCREST,ASPHALT,IMPROPER LN USAGE,OPPOSITE DIRECTION SIDESWIPE,EVIXENDRNFOWHOLLOWRD,NONE,2021-04-09 21:35:00,,,
2381,ELLETTSVILLE PD,ELLETTSVILLE,1,0.0,0.0,0,0,8201,,,ST RD 46,ENTRANCE TO RICHARD'S SMALL ENGINE INC,,,,39.2512,-86.652504,ST RD,N,RURAL,N,N,N,,DARK (NOT LIGHTED),RAIN,WET,,NO JUNCTION INVOLVED,CURVE/GRADE,ASPHALT,UNSAFE SPEED,RAN OFF RD,ST RD 46 W,NONE,2021-04-08 04:53:00,,,
2382,BLOOMINGTON PD,BLOOMINGTON,2,0.0,0.0,0,0,,,,W RALSTON DR,S BANTA AVE,,,,39.138592,-86.544656,LOCAL/CITY RD,Y,URBAN,N,N,N,,DARK (LIGHTED),RAIN,WET,,T-INTERSECTION,STRAIGHT/LEVEL,ASPHALT,IMPROPER PASSING,SAME DIRECTION SIDESWIPE,BANTAAVERALSTONDR,NONE,2021-04-08 06:30:00,,,
2383,BLOOMINGTON PD,BLOOMINGTON,2,0.0,0.0,0,0,,,,W IRIS LN,W HEATHERWOOD LN,,,,39.128848,-86.588272,LOCAL/CITY RD,Y,URBAN,N,N,N,,DAYLIGHT,CLOUDY,DRY,,T-INTERSECTION,STRAIGHT/LEVEL,ASPHALT,UNSAFE BACKING,BACKING CRASH,HEATHERWOODLNIRISLN,NONE,2021-04-08 08:15:00,,,
2384,ISP BLOOMINGTON 33,BLOOMINGTON,1,,1.0,0,0,5175,,,W ST RD 37,,,0.0,,39.22563442,-86.51548794,LOCAL/CITY RD,,RURAL,N,N,N,,DAYLIGHT,CLOUDY,WET,,NO JUNCTION INVOLVED,,ASPHALT,SPEED TOO FAST FOR WEATHER CONDITIONS,RAN OFF RD,NOldStateRoad37,,2021-04-08 09:52:00,,,
2385,INDIANA UNIV BLOOMINGTON PD,BLOOMINGTON,2,0.0,0.0,0,0,,,,ST RD 45,ST RD 45/46,,160.0,E,,,ST RD,N,URBAN,N,N,N,,DAYLIGHT,CLEAR,DRY,,FOUR-WAY INTERSECTION,STRAIGHT/LEVEL,ASPHALT,FOLLOWING TOO CLOSELY,REAR END,ST RD 45ST RD 46,TRAFFIC CONTROL SIGNAL,2021-04-08 15:30:00,,,
2386,INDIANA UNIV BLOOMINGTON PD,BLOOMINGTON,2,0.0,0.0,0,0,,,,E 17TH ST,N FORREST AVE,,,,0.0,0.0,,Y,URBAN,N,N,N,,DAYLIGHT,CLOUDY,DRY,,NO JUNCTION INVOLVED,STRAIGHT/LEVEL,ASPHALT,IMPROPER TURNING,LEFT/RIGHT TURN,EAST17THSTFORRESTAVE,NONE,2021-04-08 19:52:00,,,
2387,INDIANA UNIV BLOOMINGTON PD,BLOOMINGTON,1,0.0,0.0,0,1,,,,ST RD 46,E 7TH ST,,100.0,N,39.17831904,-86.500487,ST RD,N,URBAN,N,N,N,,DARK (NOT LIGHTED),CLEAR,DRY,,NO JUNCTION INVOLVED,STRAIGHT/GRADE,ASPHALT,ANIMAL/OBJECT IN RDWAY,COLLISION WITH DEER,7THSTST RD 46N,NONE,2021-04-08 22:05:00,,,
2388,BLOOMINGTON PD,BLOOMINGTON,2,0.0,0.0,0,0,,,,W 3RD ST,S WALNUT ST,,,,39.16464,-86.5336,LOCAL/CITY RD,N,URBAN,N,N,N,,DARK (LIGHTED),CLEAR,DRY,,NO JUNCTION INVOLVED,STRAIGHT/LEVEL,ASPHALT,FAILURE TO YIELD RIGHT OF WAY,RIGHT ANGLE,3RDSTWALNUTST,TRAFFIC CONTROL SIGNAL,2021-04-08 23:04:00,,,
2389,BLOOMINGTON PD,BLOOMINGTON,2,0.0,0.0,0,0,,,,E HECTOR DR,E KINSER DR,,90.0,S,39.1742981,-86.47852629,LOCAL/CITY RD,N,URBAN,N,N,N,,DARK (LIGHTED),CLEAR,DRY,,NO JUNCTION INVOLVED,STRAIGHT/LEVEL,ASPHALT,FAILURE TO YIELD RIGHT OF WAY,SAME DIRECTION SIDESWIPE,HECTORDRKINSERDR,NONE,2021-04-07 05:08:00,,,