_id,Agency,City,Vehicles Involved,Trailers Involved,Number Injured,Number Dead,Number Deer,House Number,Roadway Interchange,Roadway Ramp,Roadway Id,Intersecting Road,Interchange,Feet From,Direction,Latitude,Longitude,Roadway Class,Hit and Run?,Locality,School Zone?,Rumble Strips?,Construction?,Construction Type,Light Condition,Weather Conditions,Surface Condition,Type of Median,Roadway Junction Type,Road Character,Roadway Surface,Primary Factor,Manner of Collision,Unique Location Id,Traffic Control,DateTime,Address Number,Cyclist Involved,Pedestrian Involved
2451,INDIANA UNIV BLOOMINGTON PD,BLOOMINGTON,2,0.0,0.0,0,0,,,,E 3RD ST,N WOODLAWN AVE,,,,39.164248,-86.522621,UNKNOWN,N,URBAN,N,N,N,,DAYLIGHT,CLEAR,DRY,,NO JUNCTION INVOLVED,NON-RDWAY CRASH,ASPHALT,UNSAFE BACKING,BACKING CRASH,3RDSTWOODLAWNAVE,NONE,2021-03-29 17:15:00,,,
2452,ISP BLOOMINGTON 33,BLOOMINGTON,2,,0.0,0,0,,,,W KARST FARM PARK DR,S ENDWRIGHT RD,,0.0,,39.1409874,-86.598657,,,RURAL,N,N,N,,DAYLIGHT,CLEAR,DRY,,NO JUNCTION INVOLVED,,ASPHALT,UNSAFE SPEED,REAR END,WKarstFarmParkDr,,2021-03-29 19:35:00,,,
2453,INDIANA UNIV BLOOMINGTON PD,BLOOMINGTON,2,0.0,0.0,0,0,,,,ST RD 45/46,E 10TH ST,,,,0.0,0.0,ST RD,N,URBAN,N,N,N,,DARK (LIGHTED),CLEAR,DRY,,FOUR-WAY INTERSECTION,STRAIGHT/LEVEL,ASPHALT,FOLLOWING TOO CLOSELY,REAR END,ST RD 46UNIONVILLERD,TRAFFIC CONTROL SIGNAL,2021-03-29 20:08:00,,,
2454,BLOOMINGTON PD,BLOOMINGTON,2,0.0,0.0,0,0,,,,N WALNUT ST,W 14TH ST,,,,39.175952,-86.53344,LOCAL/CITY RD,N,URBAN,N,N,N,,DAYLIGHT,CLEAR,DRY,,T-INTERSECTION,STRAIGHT/GRADE,ASPHALT,FAILURE TO YIELD RIGHT OF WAY,LEFT TURN,NWALNUTSTW14THST,STOP SIGN,2021-03-29 22:00:00,,,
2455,INDIANA UNIV BLOOMINGTON PD,BLOOMINGTON,2,0.0,0.0,0,0,,,,E 7TH ST,,,653.0,E,39.168465,-86.52119549,LOCAL/CITY RD,N,URBAN,N,N,N,,DAYLIGHT,CLOUDY,DRY,,NO JUNCTION INVOLVED,STRAIGHT/LEVEL,ASPHALT,IMPROPER LN USAGE,SAME DIRECTION SIDESWIPE,E7THSTNFORRESTAVE,NONE,2021-03-28 12:00:00,,,
2456,BLOOMINGTON PD,BLOOMINGTON,2,0.0,1.0,0,0,,,,S COLLEGE MALL RD,E BUICK CADILLAC BLVD,,,,39.1581742,-86.4979409,LOCAL/CITY RD,N,URBAN,N,N,N,,DAYLIGHT,CLEAR,DRY,,FOUR-WAY INTERSECTION,STRAIGHT/LEVEL,ASPHALT,FAILURE TO YIELD RIGHT OF WAY,LEFT TURN,EBUICKCADILLACBLVDSCOLLEGEMALLRD,TRAFFIC CONTROL SIGNAL,2021-03-28 12:30:00,,,
2457,BLOOMINGTON PD,BLOOMINGTON,2,0.0,4.0,0,0,,,,E 10TH ST,ST RD 45/46,,300.0,W,0.0,0.0,LOCAL/CITY RD,N,URBAN,N,N,N,,DARK (LIGHTED),RAIN,WET,,NO JUNCTION INVOLVED,STRAIGHT/HILLCREST,ASPHALT,IMPROPER LN USAGE,HEAD ON BETWEEN TWO MOTOR VEHICLES,E10STSTRD4546BYP,NONE,2021-03-28 13:04:00,,,
2458,BLOOMINGTON PD,BLOOMINGTON,2,0.0,0.0,0,0,,,,ST RD 48,S CURRY PK,,,,39.16465,-86.582939,LOCAL/CITY RD,N,URBAN,N,N,N,,DAYLIGHT,CLOUDY,DRY,,FOUR-WAY INTERSECTION,STRAIGHT/GRADE,ASPHALT,FAILURE TO YIELD RIGHT OF WAY,LEFT TURN,SCURRYPKW 3RDST,TRAFFIC CONTROL SIGNAL,2021-03-28 13:20:00,,,
2459,BLOOMINGTON PD,BLOOMINGTON,2,0.0,0.0,0,0,,,,S SMITH RD,ST RD 46,,,,39.16424,-86.480688,LOCAL/CITY RD,N,URBAN,N,N,N,,DAYLIGHT,CLOUDY,DRY,,FOUR-WAY INTERSECTION,STRAIGHT/GRADE,ASPHALT,FAILURE TO YIELD RIGHT OF WAY,RIGHT TURN,E 3RDSTSSMITHRD,NONE,2021-03-28 14:42:00,,,
2460,BLOOMINGTON PD,BLOOMINGTON,3,0.0,1.0,0,0,,,,E 3RD ST,S JEFFERSON ST,,,,39.164304,-86.506992,LOCAL/CITY RD,N,URBAN,N,N,N,,DARK (NOT LIGHTED),CLEAR,DRY,,T-INTERSECTION,STRAIGHT/GRADE,ASPHALT,FOLLOWING TOO CLOSELY,REAR END,E 3RDSTSJEFFERSONST,NONE,2021-03-28 20:51:00,,,
2461,ISP BLOOMINGTON 33,BLOOMINGTON,1,,0.0,0,0,,,,N ADAMS ST,INDIANA RAILRD BRIDGE,,65.0,,39.16935327,-86.54970235,LOCAL/CITY RD,,RURAL,N,N,N,,DAYLIGHT,CLEAR,DRY,,RAILRD CROSSINGS,,ASPHALT,DISREGARD SIGNAL/REG SIGN,OTHER - EXPLAIN IN NARRATIVE,WFountainDr.NAdamsSt,,2021-03-27 01:50:00,,,
2462,MONROE SD,BLOOMINGTON,1,0.0,0.0,0,2,,,,I-69 S,,,100.0,S,0.0,0.0,INTERSTATE,N,URBAN,N,N,N,,DARK (NOT LIGHTED),CLEAR,DRY,,NO JUNCTION INVOLVED,STRAIGHT/LEVEL,ASPHALT,ANIMAL/OBJECT IN RDWAY,COLLISION WITH DEER,I-69S122.5,LN CONTROL,2021-03-27 05:56:00,,,
2463,BLOOMINGTON PD,BLOOMINGTON,2,0.0,0.0,0,0,,,,W 7TH ST,N COLLEGE AVE,,55.0,E,39.168546,-86.53486675,LOCAL/CITY RD,Y,URBAN,N,N,N,,DAYLIGHT,CLEAR,DRY,,NO JUNCTION INVOLVED,STRAIGHT/GRADE,ASPHALT,UNSAFE LN MOVEMENT,REAR END,7THSTCOLLEGEAVE,NONE,2021-03-27 08:00:00,,,
2464,BLOOMINGTON PD,BLOOMINGTON,2,0.0,0.0,0,0,,,,E 10TH ST,N INDIANA AVE,,,,39.17168,-86.527024,LOCAL/CITY RD,N,URBAN,N,N,N,,DAYLIGHT,CLEAR,DRY,,FOUR-WAY INTERSECTION,STRAIGHT/GRADE,ASPHALT,IMPROPER LN USAGE,SAME DIRECTION SIDESWIPE,E 10THSTNINDIANAAVE,LN CONTROL,2021-03-27 18:50:00,,,
2465,BLOOMINGTON PD,BLOOMINGTON,2,0.0,0.0,0,0,123,,,W KIRKWOOD AVE,S COLLEGE AVE,,,,39.16662118,-86.53328761,,Y,URBAN,N,N,N,,DARK (LIGHTED),CLEAR,DRY,,NO JUNCTION INVOLVED,STRAIGHT/GRADE,ASPHALT,IMPROPER TURNING,OTHER - EXPLAIN IN NARRATIVE,KIRKWOODAVE,NONE,2021-03-27 21:45:00,,,
2466,BLOOMINGTON PD,BLOOMINGTON,2,0.0,0.0,0,0,,,,E 4TH ST,S WASHINGTON ST,,,,39.165648,-86.5324,LOCAL/CITY RD,N,URBAN,N,N,N,,DARK (LIGHTED),RAIN,WET,,FOUR-WAY INTERSECTION,STRAIGHT/GRADE,ASPHALT,FOLLOWING TOO CLOSELY,REAR END,E4THSTSWASHINGTONST,STOP SIGN,2021-03-27 23:04:00,,,
2467,BLOOMINGTON PD,BLOOMINGTON,2,0.0,0.0,0,0,,,,S SARE RD,E MOORES PK,,,,0.0,0.0,LOCAL/CITY RD,N,URBAN,N,N,Y,LN CLOSURE,DARK (LIGHTED),CLOUDY,DRY,,FOUR-WAY INTERSECTION,STRAIGHT/LEVEL,ASPHALT,DRIVER ASLEEP OR FATIGUED,REAR END,MOORESPKSARERD,TRAFFIC CONTROL SIGNAL,2021-03-26 06:05:00,,,
2468,BLOOMINGTON PD,BLOOMINGTON,2,0.0,0.0,0,0,,118,1,I-69 N,W 3RD ST,,,,0.0,0.0,INTERSTATE,N,URBAN,N,N,N,,DAYLIGHT,CLOUDY,DRY,,RAMP,STRAIGHT/LEVEL,ASPHALT,OTHER (DRIVER) - EXPLAIN IN NARRATIVE,REAR END,I-69 N,LN CONTROL,2021-03-26 08:27:00,,,
2469,BLOOMINGTON PD,BLOOMINGTON,2,0.0,1.0,0,0,,,,S HENDERSON ST,S WALNUT ST PK,,,,39.133744,-86.526896,LOCAL/CITY RD,N,URBAN,N,N,N,,UNKNOWN,CLEAR,DRY,,Y-INTERSECTION,STRAIGHT/HILLCREST,CONCRETE,UNSAFE SPEED,REAR END,SHENDERSONSTSWALNUTSTPK,NONE,2021-03-26 18:47:00,,,
2470,BLOOMINGTON PD,BLOOMINGTON,2,0.0,1.0,0,0,,,,ST RD 46,S PETE LLIS DR,,,,39.16424,-86.495088,LOCAL/CITY RD,N,URBAN,N,N,N,,DAYLIGHT,CLEAR,DRY,,T-INTERSECTION,STRAIGHT/LEVEL,ASPHALT,FAILURE TO YIELD RIGHT OF WAY,LEFT TURN,E 3RDSTNPETEELLISDR,TRAFFIC CONTROL SIGNAL,2021-03-26 19:32:00,,,
2471,ELLETTSVILLE PD,ELLETTSVILLE,1,0.0,0.0,0,0,7353,,,ST RD 46,W MAPLE GROVE RD,,650.0,W,39.243366,-86.63373868,ST RD,N,URBAN,N,N,N,,DARK (LIGHTED),CLEAR,DRY,,NO JUNCTION INVOLVED,CURVE/LEVEL,ASPHALT,ANIMAL/OBJECT IN RDWAY,COLLISION WITH ANIMAL OTHER,NJACCOBSTST RD 46 W,LN CONTROL,2021-03-25 04:04:00,,,
2472,ELLETTSVILLE PD,ELLETTSVILLE,2,0.0,0.0,0,0,,,,ST RD 46,S RIDGE SPRINGS LN,,600.0,W,39.24082203,-86.63287472,LOCAL/CITY RD,N,URBAN,N,N,N,,DARK (LIGHTED),CLOUDY,DRY,,NO JUNCTION INVOLVED,STRAIGHT/LEVEL,ASPHALT,FAILURE TO YIELD RIGHT OF WAY,REAR END,1600TEMPERANCESTRIDGESPRINGSLN,LN CONTROL,2021-03-25 06:52:00,,,
2473,MONROE SD,ELLETTSVILLE,1,0.0,0.0,0,1,,,,W MCNEELY ST,,,1906.0,W,39.237494,-86.59259795,LOCAL/CITY RD,N,RURAL,N,N,N,,DAYLIGHT,CLEAR,DRY,,NO JUNCTION INVOLVED,STRAIGHT/LEVEL,ASPHALT,ANIMAL/OBJECT IN RDWAY,COLLISION WITH DEER,NUNIONVALLEYRDWMCNEELYST,NONE,2021-03-25 07:35:00,,,
2474,BLOOMINGTON PD,BLOOMINGTON,2,0.0,0.0,0,0,,,,S LEONARD SPRINGS RD,W FAIRINGTON DR,,,,39.136144,-86.582496,LOCAL/CITY RD,N,URBAN,N,N,N,,DAYLIGHT,RAIN,WET,,T-INTERSECTION,STRAIGHT/GRADE,ASPHALT,IMPROPER TURNING,LEFT TURN,SLEONARDSPRINGSRDWFAIRINGTONDR,STOP SIGN,2021-03-25 14:15:00,,,
2475,MONROE SD,BLOOMINGTON,2,0.0,0.0,0,0,,,,ST RD 46,N SMITH PK,,,,39.210144,-86.5832,ST RD,N,RURAL,N,N,N,,DAYLIGHT,CLOUDY,DRY,,FOUR-WAY INTERSECTION,STRAIGHT/LEVEL,ASPHALT,FAILURE TO YIELD RIGHT OF WAY,LEFT TURN,NSMITHPKST RD 46 W,TRAFFIC CONTROL SIGNAL,2021-03-25 17:58:00,,,
2476,MONROE SD,BLOOMINGTON,1,0.0,1.0,0,0,,,,S FAIRFAX RD,E LENA AVE,,,,0.0,0.0,COUNTY RD,N,RURAL,N,N,N,,DARK (NOT LIGHTED),CLOUDY,WET,,T-INTERSECTION,CURVE/GRADE,ASPHALT,RAN OFF RD RIGHT,RAN OFF RD,ELENAAVESFAIRFAXRD,NONE,2021-03-25 22:18:00,,,
2477,BLOOMINGTON PD,BLOOMINGTON,2,0.0,0.0,0,0,,,,E 6TH ST,N WALNUT ST,,50.0,E,39.167648,-86.533584,LOCAL/CITY RD,N,URBAN,N,N,N,,DAYLIGHT,CLEAR,WET,,NO JUNCTION INVOLVED,STRAIGHT/GRADE,ASPHALT,UNSAFE BACKING,BACKING CRASH,E6THSTWALNUTST,NONE,2021-03-24 09:05:00,,,
2478,BLOOMINGTON PD,BLOOMINGTON,2,0.0,1.0,0,0,,Y,,I-69 N,W 3RD ST,,,,39.164522,-86.573015,INTERSTATE,N,URBAN,N,N,N,,DAYLIGHT,CLEAR,DRY,,RAMP,CURVE/GRADE,ASPHALT,FOLLOWING TOO CLOSELY,REAR END,I-69 N3RDST,TRAFFIC CONTROL SIGNAL,2021-03-24 13:13:00,,,
2479,INDIANA UNIV BLOOMINGTON PD,BLOOMINGTON,2,0.0,0.0,0,0,2654,,,ST RD 45,ST RD 46,,,,39.171338,-86.500623,UNKNOWN,N,URBAN,N,N,N,,DAYLIGHT,CLEAR,DRY,,T-INTERSECTION,STRAIGHT/GRADE,ASPHALT,UNSAFE BACKING,BACKING CRASH,EAST10THST,NONE,2021-03-24 14:00:00,,,
2480,INDIANA UNIV BLOOMINGTON PD,BLOOMINGTON,3,0.0,1.0,0,0,,,,N INDIANA AVE,E 13TH ST,,,,39.175247,-86.527004,LOCAL/CITY RD,N,URBAN,N,N,N,,DAYLIGHT,CLEAR,DRY,,FOUR-WAY INTERSECTION,STRAIGHT/GRADE,ASPHALT,FAILURE TO YIELD RIGHT OF WAY,RIGHT ANGLE,INDIANAAVETHIRTEENTHST,NONE,2021-03-24 14:26:00,,,
2481,MONROE SD,BLOOMINGTON,2,0.0,0.0,0,0,,,,W STONEWOOD DR,S BOBCAT BEND,,,,0.0,0.0,COUNTY RD,N,RURAL,N,N,N,,DAYLIGHT,CLEAR,DRY,,T-INTERSECTION,STRAIGHT/LEVEL,ASPHALT,IMPROPER TURNING,LEFT TURN,SBOBCATBNDWSTONEWOODDR,NONE,2021-03-24 15:20:00,,,
2482,INDIANA UNIV BLOOMINGTON PD,BLOOMINGTON,2,0.0,0.0,0,0,,,,N FEE LN,E 17TH ST,,,,39.1797903,-86.50724825,UNKNOWN,N,URBAN,N,N,N,,DAYLIGHT,CLEAR,DRY,,NO JUNCTION INVOLVED,STRAIGHT/LEVEL,ASPHALT,UNSAFE BACKING,BACKING CRASH,EAST17THSTFEELN,NONE,2021-03-23 11:20:00,,,
2483,INDIANA UNIV BLOOMINGTON PD,BLOOMINGTON,4,0.0,0.0,0,0,,,,E 17TH ST,E LINGELBACH LN,,,,39.179247,-86.508383,LOCAL/CITY RD,N,URBAN,N,N,N,,DAYLIGHT,CLEAR,DRY,,T-INTERSECTION,STRAIGHT/LEVEL,ASPHALT,FOLLOWING TOO CLOSELY,REAR END,ELINGELBACHLNEAST17THST,NONE,2021-03-23 14:18:00,,,
2484,MONROE SD,BLOOMINGTON,1,0.0,0.0,0,0,,,,ST RD 46,,,,,39.19137416,-86.56971557,ST RD,N,URBAN,N,N,N,,DAYLIGHT,CLOUDY,DRY,,NO JUNCTION INVOLVED,NON-RDWAY CRASH,ASPHALT,OBSTRUCTION NOT MARKED,NON-COLLISION,MAHALIAWAYST RD 46,NONE,2021-03-23 14:33:00,,,
2485,ISP BLOOMINGTON 33,BLOOMINGTON,2,,0.0,0,0,,,,S WALNUT ST,,,500.0,N,39.10268719,-86.53387732,COUNTY RD,,RURAL,N,N,N,,DAYLIGHT,CLEAR,DRY,,NO JUNCTION INVOLVED,,ASPHALT,FOLLOWING TOO CLOSELY,REAR END,SOldStateRoad37RogersSt,,2021-03-22 07:33:00,,,
2486,BLOOMINGTON PD,BLOOMINGTON,2,0.0,0.0,0,0,,,,ST RD 45,N PETE LLIS DR,,150.0,E,39.171504,-86.49478273,LOCAL/CITY RD,N,URBAN,N,N,N,,DAYLIGHT,CLOUDY,DRY,,FOUR-WAY INTERSECTION,STRAIGHT/LEVEL,ASPHALT,DRIVER DISTRACTED - EXPLAIN IN NARRATIVE,REAR END,10THSTPETEELLISDR,NONE,2021-03-22 11:30:00,,,
2487,INDIANA UNIV BLOOMINGTON PD,BLOOMINGTON,2,0.0,0.0,0,0,,,,E 17TH ST,N WALNUT GROVE ST,,,,39.179039,-86.521096,LOCAL/CITY RD,N,URBAN,N,N,N,,DAYLIGHT,CLEAR,DRY,,T-INTERSECTION,STRAIGHT/LEVEL,ASPHALT,FOLLOWING TOO CLOSELY,REAR END,EAST17THSTWALNUTGROVEST,NONE,2021-03-22 13:59:00,,,
2488,BLOOMINGTON PD,BLOOMINGTON,1,0.0,1.0,0,0,,,,E 2ND ST,S COLLEGE MALL RD,,,,39.1609319,-86.4977835,LOCAL/CITY RD,N,URBAN,N,N,N,,DAYLIGHT,CLEAR,DRY,,FOUR-WAY INTERSECTION,STRAIGHT/LEVEL,ASPHALT,FAILURE TO YIELD RIGHT OF WAY,LEFT TURN,E 2NDSTSCOLLEGEMALLRD,TRAFFIC CONTROL SIGNAL,2021-03-22 16:32:00,,,True
2489,BLOOMINGTON PD,BLOOMINGTON,2,0.0,0.0,0,0,,,,E 10TH ST,N GRANT ST,,,,39.171696,-86.529696,LOCAL/CITY RD,N,URBAN,N,N,N,,DAYLIGHT,CLEAR,DRY,,NO JUNCTION INVOLVED,STRAIGHT/LEVEL,ASPHALT,FAILURE TO YIELD RIGHT OF WAY,RIGHT ANGLE,E 10THSTNGRANTST,STOP SIGN,2021-03-22 19:00:00,,,
2490,MONROE SD,BLOOMINGTON,1,0.0,0.0,0,0,,,,I-69 N,,,0.0,N,0.0,0.0,INTERSTATE,N,RURAL,N,N,N,,DARK (NOT LIGHTED),CLEAR,DRY,,NO JUNCTION INVOLVED,STRAIGHT/LEVEL,ASPHALT,ANIMAL/OBJECT IN RDWAY,COLLISION WITH OBJECT IN RD,I-69 N124.0,LN CONTROL,2021-03-22 23:09:00,,,
2491,MONROE SD,BLOOMINGTON,1,0.0,0.0,0,0,,,,I-69 N,,,100.0,S,0.0,0.0,INTERSTATE,N,RURAL,N,N,N,,DARK (LIGHTED),CLEAR,DRY,,NO JUNCTION INVOLVED,CURVE/GRADE,ASPHALT,RAN OFF RD RIGHT,RAN OFF RD,I-69 N125,LN CONTROL,2021-03-21 00:46:00,,,
2492,INDIANA UNIV BLOOMINGTON PD,BLOOMINGTON,2,0.0,1.0,0,0,,,,ST RD 45/46,N FEE LN,,,,39.1864059,-86.5344391,ST RD,N,URBAN,N,N,N,,DAYLIGHT,CLEAR,DRY,,FOUR-WAY INTERSECTION,STRAIGHT/LEVEL,CONCRETE,FAILURE TO YIELD RIGHT OF WAY,LEFT TURN,MATLOCKRDST RD 46,TRAFFIC CONTROL SIGNAL,2021-03-21 10:14:00,,,
2493,INDIANA UNIV BLOOMINGTON PD,BLOOMINGTON,2,0.0,0.0,0,0,,,,E 3RD ST,N UNION ST,,,,39.164261,-86.509069,LOCAL/CITY RD,N,URBAN,N,N,N,,DAYLIGHT,CLEAR,DRY,,NO JUNCTION INVOLVED,STRAIGHT/LEVEL,ASPHALT,FOLLOWING TOO CLOSELY,REAR END,3RDSTUNIONST,NONE,2021-03-21 14:00:00,,,
2494,MONROE SD,BLOOMINGTON,1,0.0,2.0,0,0,,,,N LOW GAP RD,,,1000.0,N,0.0,0.0,LOCAL/CITY RD,N,RURAL,N,N,N,,DAYLIGHT,CLEAR,DRY,,NO JUNCTION INVOLVED,STRAIGHT/LEVEL,ASPHALT,RAN OFF RD RIGHT,RAN OFF RD,ETULIPTREETRNLOWGAPRD,NONE,2021-03-21 15:21:00,,,
2495,BLOOMINGTON PD,BLOOMINGTON,1,0.0,1.0,0,0,,1,1,ST RD 45/46,I-69 N,,,,0.0,0.0,ST RD,N,URBAN,N,N,N,,DAYLIGHT,CLEAR,DRY,,RAMP,STRAIGHT/LEVEL,ASPHALT,DRIVER ASLEEP OR FATIGUED,RAN OFF RD,ST RD 45N,NONE,2021-03-21 16:54:00,,,
2496,MONROE SD,BLOOMINGTON,2,0.0,0.0,0,0,,,,S WALNUT ST,W CHURCH LN,,,,39.107248,-86.531392,LOCAL/CITY RD,N,URBAN,N,N,N,,DAWN/DUSK,CLEAR,DRY,,FOUR-WAY INTERSECTION,STRAIGHT/LEVEL,ASPHALT,IMPROPER TURNING,RIGHT ANGLE,SOLDSTATERD37RDWCHURCHLN,TRAFFIC CONTROL SIGNAL,2021-03-20 08:24:00,,,
2497,BLOOMINGTON PD,BLOOMINGTON,2,0.0,0.0,0,0,,,,N GATES DR,W ALEXANDER DR,,,,39.168772,-86.576428,LOCAL/CITY RD,N,URBAN,N,N,N,,DAYLIGHT,CLEAR,DRY,,FOUR-WAY INTERSECTION,STRAIGHT/LEVEL,ASPHALT,FAILURE TO YIELD RIGHT OF WAY,RIGHT ANGLE,ALEXANDERDRGATESDR,STOP SIGN,2021-03-20 08:53:00,,,
2498,BLOOMINGTON PD,BLOOMINGTON,2,0.0,0.0,0,0,,,,N MORTON ST,,,200.0,S,39.171744,-86.536,LOCAL/CITY RD,Y,URBAN,N,N,N,,DARK (LIGHTED),CLEAR,DRY,,NO JUNCTION INVOLVED,STRAIGHT/LEVEL,ASPHALT,OTHER (DRIVER) - EXPLAIN IN NARRATIVE,OTHER - EXPLAIN IN NARRATIVE,NMORTONSTW10THST,NONE,2021-03-20 12:30:00,,,
2499,INDIANA UNIV BLOOMINGTON PD,BLOOMINGTON,2,0.0,0.0,0,0,,,,E 10TH ST,N SUNRISE DR,,,,39.171585,-86.512477,LOCAL/CITY RD,N,URBAN,N,N,N,,DARK (LIGHTED),CLEAR,DRY,,NO JUNCTION INVOLVED,STRAIGHT/LEVEL,CONCRETE,DRIVER DISTRACTED - EXPLAIN IN NARRATIVE,REAR END,NSUNRISEDRTENTHST,NONE,2021-03-20 12:30:00,,,
2500,BLOOMINGTON PD,BLOOMINGTON,1,0.0,1.0,0,0,,,,S COLLEGE AVE,W 1ST,,,,39.15944,-86.53488,LOCAL/CITY RD,N,URBAN,N,N,N,,DAYLIGHT,CLEAR,DRY,,FOUR-WAY INTERSECTION,STRAIGHT/LEVEL,CONCRETE,UNSAFE SPEED,NON-COLLISION,SOUTHCOLLEGEAVEWEST1STST,TRAFFIC CONTROL SIGNAL,2021-03-20 14:40:00,,,
2501,ELLETTSVILLE PD,ELLETTSVILLE,2,0.0,0.0,0,0,,,,ST RD 46,S POPLAR DR,,50.0,W,39.23737378,-86.62936682,ST RD,Y,RURAL,N,N,N,,DAYLIGHT,CLEAR,DRY,,T-INTERSECTION,STRAIGHT/GRADE,ASPHALT,FOLLOWING TOO CLOSELY,REAR END,POPLARSTST RD 46 W,NONE,2021-03-20 15:48:00,,,
2502,BLOOMINGTON PD,BLOOMINGTON,2,0.0,0.0,0,0,,,,E 19TH ST,N LINCOLN ST,,50.0,E,39.18112,-86.530816,LOCAL/CITY RD,N,URBAN,N,N,N,,DARK (NOT LIGHTED),CLEAR,DRY,,NO JUNCTION INVOLVED,STRAIGHT/LEVEL,ASPHALT,UNSAFE BACKING,BACKING CRASH,E19THSTNLINCOLNST,NONE,2021-03-20 18:00:00,,,
2503,MONROE SD,BLOOMINGTON,1,0.0,0.0,0,1,,,,ST RD 37,,,1500.0,S,39.08887076,-86.54520247,ST RD,N,RURAL,N,Y,N,,DARK (NOT LIGHTED),CLEAR,DRY,,NO JUNCTION INVOLVED,STRAIGHT/LEVEL,CONCRETE,ANIMAL/OBJECT IN RDWAY,COLLISION WITH DEER,S ST RD 37WDILLMANRD,NONE,2021-03-20 20:33:00,,,
2504,BLOOMINGTON PD,BLOOMINGTON,2,0.0,1.0,0,0,,,,N WALNUT ST,E 7TH ST,,,,39.16864,-86.533568,LOCAL/CITY RD,Y,URBAN,N,N,N,,DARK (LIGHTED),CLEAR,DRY,,NO JUNCTION INVOLVED,STRAIGHT/GRADE,ASPHALT,FOLLOWING TOO CLOSELY,REAR END,7THSTWALNUTST,LN CONTROL,2021-03-20 21:55:00,,,
2505,MONROE SD,BLOOMINGTON,1,0.0,0.0,0,1,,,,ST RD 45,,,2000.0,W,39.09640983,-86.6577342,ST RD,N,RURAL,N,N,N,,DAWN/DUSK,CLEAR,DRY,,T-INTERSECTION,STRAIGHT/HILLCREST,ASPHALT,ANIMAL/OBJECT IN RDWAY,COLLISION WITH DEER,HINDSRDST RD 45 W,NONE,2021-03-19 07:50:00,,,
2506,MONROE SD,BLOOMINGTON,1,0.0,1.0,0,0,,,,S SMITH RD,E ROGERS ST,,1500.0,E,39.138766,-86.48051972,LOCAL/CITY RD,N,RURAL,N,N,N,,DAYLIGHT,CLEAR,ICE,,NO JUNCTION INVOLVED,CURVE/GRADE,ASPHALT,RAN OFF RD RIGHT,RAN OFF RD,ESADDLEBROOKLNSSMITHRD,LN CONTROL,2021-03-19 07:53:00,,,
2507,MONROE SD,BLOOMINGTON,1,0.0,0.0,0,0,,,,S WALNUT ST,,,1500.0,N,39.25762305,-86.537935,LOCAL/CITY RD,N,URBAN,N,N,N,,DAYLIGHT,CLEAR,DRY,,T-INTERSECTION,CURVE/HILLCREST,ASPHALT,RAN OFF RD RIGHT,RAN OFF RD,SOLDST37RDSROGERSST,NONE,2021-03-19 10:51:00,,,
2508,BLOOMINGTON PD,BLOOMINGTON,2,0.0,2.0,0,0,,,,ST RD 48,S LIBERTY DR,,,,39.164606,-86.579131,LOCAL/CITY RD,N,URBAN,N,N,N,,DAYLIGHT,CLEAR,DRY,,FOUR-WAY INTERSECTION,STRAIGHT/LEVEL,ASPHALT,DISREGARD SIGNAL/REG SIGN,LEFT TURN,SLIBERTYDRW 3RDST,NONE,2021-03-19 12:25:00,,,
2509,INDIANA UNIV BLOOMINGTON PD,BLOOMINGTON,1,0.0,4.0,0,0,,,,ST RD 45/46,,,,,0.0,0.0,ST RD,N,URBAN,N,N,N,,DAYLIGHT,CLEAR,DRY,,NO JUNCTION INVOLVED,STRAIGHT/LEVEL,ASPHALT,UNSAFE LN MOVEMENT,RAN OFF RD,NEAGLESON AVEAVEST RD 46,NONE,2021-03-19 14:04:00,,,
2510,MONROE SD,BLOOMINGTON,2,0.0,0.0,0,0,,,,E MOFFETT LN,S HARRELL RD,,580.0,W,39.099792,-86.498448,LOCAL/CITY RD,N,RURAL,N,N,N,,DAYLIGHT,CLEAR,DRY,,NO JUNCTION INVOLVED,STRAIGHT/LEVEL,CONCRETE,FAILURE TO YIELD RIGHT OF WAY,RIGHT ANGLE,EMOFFETTLNSHARRELLRD,NONE,2021-03-19 15:11:00,,,
2511,INDIANA UNIV BLOOMINGTON PD,BLOOMINGTON,2,0.0,0.0,0,0,,,,ST RD 45/46,E 10TH ST,,,,39.171648,-86.502096,ST RD,N,URBAN,N,N,N,,DAYLIGHT,CLEAR,DRY,,FOUR-WAY INTERSECTION,STRAIGHT/LEVEL,ASPHALT,DRIVER DISTRACTED - EXPLAIN IN NARRATIVE,REAR END,EAST10THSTST RD 46 W,TRAFFIC CONTROL SIGNAL,2021-03-19 16:45:00,,,
2512,INDIANA UNIV BLOOMINGTON PD,BLOOMINGTON,2,0.0,0.0,0,0,,,,S HENDERSON ST,E ATWATER AVE,,,,39.163149,-86.5272662,LOCAL/CITY RD,N,URBAN,N,N,N,,DAYLIGHT,CLEAR,DRY,,FOUR-WAY INTERSECTION,STRAIGHT/LEVEL,ASPHALT,DISREGARD SIGNAL/REG SIGN,RIGHT ANGLE,ATWATERAVEHENDERSONST,TRAFFIC CONTROL SIGNAL,2021-03-19 17:55:00,,,