_id,Agency,City,Vehicles Involved,Trailers Involved,Number Injured,Number Dead,Number Deer,House Number,Roadway Interchange,Roadway Ramp,Roadway Id,Intersecting Road,Interchange,Feet From,Direction,Latitude,Longitude,Roadway Class,Hit and Run?,Locality,School Zone?,Rumble Strips?,Construction?,Construction Type,Light Condition,Weather Conditions,Surface Condition,Type of Median,Roadway Junction Type,Road Character,Roadway Surface,Primary Factor,Manner of Collision,Unique Location Id,Traffic Control,DateTime,Address Number,Cyclist Involved,Pedestrian Involved
2513,INDIANA UNIV BLOOMINGTON PD,BLOOMINGTON,2,0.0,0.0,0,0,,,,E 17TH ST,ST RD 45/46,,,,0.0,0.0,LOCAL/CITY RD,N,URBAN,N,N,N,,DARK (LIGHTED),CLEAR,DRY,,T-INTERSECTION,STRAIGHT/LEVEL,ASPHALT,FOLLOWING TOO CLOSELY,REAR END,EAST17THSTST RD 46,TRAFFIC CONTROL SIGNAL,2021-03-19 21:40:00,,,
2514,BLOOMINGTON PD,BLOOMINGTON,1,0.0,0.0,0,0,,,,W HILLSIDE DR,S COLLEGE AVE,,,,39.150544,-86.534688,LOCAL/CITY RD,N,URBAN,N,N,N,,DARK (NOT LIGHTED),RAIN,WET,,FOUR-WAY INTERSECTION,STRAIGHT/LEVEL,ASPHALT,RAN OFF RD RIGHT,RAN OFF RD,COLLEGEAVEHILLSIDEDR,NONE,2021-03-18 01:00:00,,,
2515,INDIANA UNIV BLOOMINGTON PD,BLOOMINGTON,1,0.0,1.0,0,0,1492,,,ST RD 45/46,,,,,39.18372987,-86.51236722,ST RD,Y,URBAN,N,N,N,,DARK (NOT LIGHTED),RAIN,WET,,NO JUNCTION INVOLVED,STRAIGHT/LEVEL,ASPHALT,RAN OFF RD RIGHT,RAN OFF RD,ST RD 46,NONE,2021-03-18 03:15:00,,,
2516,MONROE SD,BLOOMINGTON,1,0.0,1.0,0,0,,,,I-69 N,,,200.0,S,0.0,0.0,INTERSTATE,N,RURAL,N,N,N,,DARK (NOT LIGHTED),RAIN,WATER (STANDING OR MOVING),,NO JUNCTION INVOLVED,CURVE/GRADE,ASPHALT,RAN OFF RD RIGHT,RAN OFF RD,I-69 N130.5,NONE,2021-03-18 06:26:00,,,
2517,BLOOMINGTON PD,BLOOMINGTON,2,0.0,0.0,0,0,,,,W 11TH ST,N MORTON ST,,,,39.173216,-86.536,LOCAL/CITY RD,N,URBAN,Y,N,N,,DAYLIGHT,CLEAR,DRY,,FOUR-WAY INTERSECTION,STRAIGHT/LEVEL,ASPHALT,FAILURE TO YIELD RIGHT OF WAY,RIGHT ANGLE,11THSTNMORTONST,STOP SIGN,2021-03-18 10:21:00,,,
2518,MONROE SD,BLOOMINGTON,1,0.0,1.0,0,0,,,,E LAMPKINS RIDGE RD,S FRIENDSHIP RD,,,,39.143056,-86.406096,LOCAL/CITY RD,N,RURAL,N,N,N,,DAYLIGHT,RAIN,WET,,T-INTERSECTION,STRAIGHT/GRADE,GRAVEL,RAN OFF RD RIGHT,RAN OFF RD,ELAMPKINSRIDGERDSFRIENDSHIPRD,NONE,2021-03-18 14:09:00,,,
2519,BLOOMINGTON PD,BLOOMINGTON,1,0.0,0.0,0,0,,,,ST RD 45/46,N WALNUT ST,,,,39.186368,-86.5344,LOCAL/CITY RD,N,URBAN,N,N,N,,DAYLIGHT,RAIN,WET,,FOUR-WAY INTERSECTION,STRAIGHT/LEVEL,ASPHALT,IMPROPER TURNING,COLLISION WITH OBJECT IN RD,NSTATERD4546HWYNWALNUTST,TRAFFIC CONTROL SIGNAL,2021-03-18 17:13:00,,,
2520,MONROE SD,BLOOMINGTON,1,0.0,0.0,0,0,,,,ST RD 45,W JOHN WILLIAMS LN,,200.0,N,0.0,0.0,ST RD,N,RURAL,N,Y,N,,DAYLIGHT,RAIN,WET,,NO JUNCTION INVOLVED,CURVE/GRADE,ASPHALT,SPEED TOO FAST FOR WEATHER CONDITIONS,RAN OFF RD,JOHNWILLIAMSLNST RD 45 W,NONE,2021-03-18 17:17:00,,,
2521,BLOOMINGTON PD,BLOOMINGTON,2,0.0,0.0,0,0,,,,ST RD 46,S SMITH RD,,,,39.16424,-86.480688,LOCAL/CITY RD,N,URBAN,N,N,N,,DAYLIGHT,RAIN,WET,,FOUR-WAY INTERSECTION,STRAIGHT/LEVEL,ASPHALT,FOLLOWING TOO CLOSELY,REAR END,E 3RDSTNSMITHRD,TRAFFIC CONTROL SIGNAL,2021-03-18 17:52:00,,,
2522,BLOOMINGTON PD,BLOOMINGTON,3,0.0,0.0,0,0,510,,,S MULLER PKWY,,,,,39.1601085,-86.5680892,UNKNOWN,Y,URBAN,N,N,N,,DARK (NOT LIGHTED),RAIN,WET,,NO JUNCTION INVOLVED,STRAIGHT/LEVEL,ASPHALT,OTHER (DRIVER) - EXPLAIN IN NARRATIVE,RIGHT ANGLE,SMULLERPKWY,NONE,2021-03-18 22:52:00,,,
2523,ISP BLOOMINGTON 33,BLOOMINGTON,1,,0.0,0,0,7190,,,ST RD 45,,,581.0,,39.1148964,-86.63182496,ST RD,,RURAL,N,N,N,,DARK (NOT LIGHTED),FOG/SMOKE/SMOG,DRY,,NO JUNCTION INVOLVED,,ASPHALT,,RAN OFF RD,WStateRd45DinsmoreRoad,,2021-03-17 02:30:00,,,
2524,INDIANA UNIV BLOOMINGTON PD,BLOOMINGTON,2,0.0,0.0,0,0,,,,E 3RD ST,S INDIANA AVE,,,,39.164287,-86.526904,LOCAL/CITY RD,Y,URBAN,N,N,N,,DAYLIGHT,CLEAR,DRY,,T-INTERSECTION,STRAIGHT/LEVEL,ASPHALT,FAILURE TO YIELD RIGHT OF WAY,RIGHT ANGLE,HENDERSONST3RDST,STOP SIGN,2021-03-17 10:30:00,,,
2525,MONROE SD,BLOOMINGTON,2,0.0,1.0,0,0,,,,ST RD 446,ENTRANCE TO CUTRIGHT STATE RECREATION AREA,,1200.0,N,39.06447718,-86.41458729,ST RD,N,RURAL,N,Y,N,,DAYLIGHT,CLOUDY,DRY,,NO JUNCTION INVOLVED,STRAIGHT/LEVEL,ASPHALT,IMPROPER PASSING,LEFT TURN,EWALDRIPCREEKRDST RD 446S,NONE,2021-03-17 15:51:00,,,
2526,ELLETTSVILLE PD,ELLETTSVILLE,2,0.0,1.0,0,0,,,,ST RD 46,N LAKEVIEW DR,,,,39.221152,-86.6056,ST RD,N,URBAN,N,N,N,,DAWN/DUSK,CLOUDY,WET,,T-INTERSECTION,STRAIGHT/LEVEL,ASPHALT,OTHER (DRIVER) - EXPLAIN IN NARRATIVE,LEFT TURN,NORTHLAKEVIEWDRST RD 46 W,LN CONTROL,2021-03-17 18:50:00,,,
2527,BLOOMINGTON PD,BLOOMINGTON,3,0.0,2.0,0,0,,,,ST RD 45/46,N DUNN ST,,,,39.186352,-86.528496,ST RD,N,URBAN,N,N,N,,DAWN/DUSK,CLEAR,WET,,FOUR-WAY INTERSECTION,STRAIGHT/LEVEL,ASPHALT,DISREGARD SIGNAL/REG SIGN,RIGHT ANGLE,NDUNNSTST RD 4546E,TRAFFIC CONTROL SIGNAL,2021-03-17 19:39:00,,,
2528,INDIANA UNIV BLOOMINGTON PD,BLOOMINGTON,2,0.0,1.0,0,0,,,,E LAW LN,N FEE LN,,,,39.173984,-86.518919,LOCAL/CITY RD,N,URBAN,N,N,N,,DARK (LIGHTED),RAIN,WET,,T-INTERSECTION,STRAIGHT/GRADE,ASPHALT,FOLLOWING TOO CLOSELY,REAR END,ELAWLNFEELN,NONE,2021-03-17 20:25:00,,,
2529,BLOOMINGTON PD,BLOOMINGTON,2,0.0,0.0,0,0,,,,N WALNUT ST,W 8TH ST,,,,39.169552,-86.533552,LOCAL/CITY RD,N,URBAN,N,N,N,,DARK (LIGHTED),CLOUDY,WET,,FOUR-WAY INTERSECTION,STRAIGHT/LEVEL,ASPHALT,FAILURE TO YIELD RIGHT OF WAY,RIGHT ANGLE,8THSTWALNUTST,STOP SIGN,2021-03-17 20:50:00,,,
2530,BLOOMINGTON PD,BLOOMINGTON,2,0.0,2.0,0,0,,,,ST RD 45/46,N KINSER PK,,,,39.186544,-86.537888,ST RD,N,URBAN,N,N,N,,DARK (LIGHTED),CLEAR,DRY,,FOUR-WAY INTERSECTION,STRAIGHT/GRADE,ASPHALT,FAILURE TO YIELD RIGHT OF WAY,LEFT TURN,NKINSERPKST RD 45 W,TRAFFIC CONTROL SIGNAL,2021-03-17 22:41:00,,,
2531,BLOOMINGTON PD,BLOOMINGTON,2,0.0,0.0,0,0,1414,,,W 12TH ST,N ILLINOIS ST,,50.0,W,39.174352,-86.5504,,Y,URBAN,N,N,N,,DAYLIGHT,CLOUDY,,,NO JUNCTION INVOLVED,STRAIGHT/LEVEL,ASPHALT,UNSAFE LN MOVEMENT,SAME DIRECTION SIDESWIPE,NILLINOISSTW12THST,NONE,2021-03-16 11:15:00,,,
2532,MONROE SD,ELLETTSVILLE,2,0.0,0.0,0,0,4610,,,W RICHLAND PLAZA DR,,,,,39.21473027,-86.59350405,LOCAL/CITY RD,N,URBAN,N,N,N,,DAYLIGHT,CLEAR,DRY,,T-INTERSECTION,CURVE/GRADE,ASPHALT,FAILURE TO YIELD RIGHT OF WAY,LEFT TURN,WRICHLANDPLAZADR,NONE,2021-03-16 16:21:00,,,
2533,MONROE SD,BLOOMINGTON,2,0.0,0.0,0,0,,,,ST RD 46,W ARLINGTON RD,,,,39.207648,-86.573792,ST RD,N,RURAL,N,N,N,,DAYLIGHT,CLEAR,DRY,,FOUR-WAY INTERSECTION,STRAIGHT/LEVEL,ASPHALT,FOLLOWING TOO CLOSELY,REAR END,ST RD 46 WWARLINGTONRD,TRAFFIC CONTROL SIGNAL,2021-03-16 16:31:00,,,
2534,INDIANA UNIV BLOOMINGTON PD,BLOOMINGTON,4,0.0,0.0,0,0,,,,E 17TH ST,N FEE LN,,,,39.179061,-86.51897,,Y,URBAN,N,N,N,,DAYLIGHT,CLEAR,DRY,,NO JUNCTION INVOLVED,CURVE/LEVEL,CONCRETE,FOLLOWING TOO CLOSELY,REAR END,EAST17THSTFEELN,NONE,2021-03-16 17:00:00,,,
2535,ELLETTSVILLE PD,ELLETTSVILLE,2,0.0,0.0,0,0,,,,S SALE ST,ST RD 46 (S),,,,39.23384,-86.624704,LOCAL/CITY RD,N,URBAN,N,N,N,,DAYLIGHT,CLEAR,DRY,,FOUR-WAY INTERSECTION,STRAIGHT/LEVEL,CONCRETE,IMPROPER TURNING,LEFT TURN,SALESTTEMPERANCEST,TRAFFIC CONTROL SIGNAL,2021-03-16 19:04:00,,,
2536,ISP BLOOMINGTON 33,BLOOMINGTON,3,,0.0,0,0,,99F,117A,I-69 N,W BLOOMFIELD RD,,950.0,W,39.14902144,-86.57077379,INTERSTATE,,URBAN,N,N,N,,DARK (LIGHTED),CLEAR,DRY,,RAMP,,ASPHALT,UNSAFE SPEED,REAR END,S ST RD 37BasswoodDr,,2021-03-15 07:20:00,,,
2537,ELLETTSVILLE PD,ELLETTSVILLE,3,0.0,0.0,0,0,,,,N UNION VALLEY RD,ST RD 46,,,,39.21273147,-86.58914134,COUNTY RD,N,URBAN,N,N,N,,DAYLIGHT,CLOUDY,WET,,FOUR-WAY INTERSECTION,STRAIGHT/LEVEL,ASPHALT,SPEED TOO FAST FOR WEATHER CONDITIONS,REAR END,46 WHWYUNIONVALLEYRD,NONE,2021-03-15 09:40:00,,,
2538,BLOOMINGTON PD,BLOOMINGTON,1,0.0,0.0,0,0,,,,S PATTERSON DR,W 2ND ST,,200.0,N,39.1818838,-86.548536,LOCAL/CITY RD,N,URBAN,N,N,N,,DAYLIGHT,RAIN,WET,,FOUR-WAY INTERSECTION,STRAIGHT/LEVEL,ASPHALT,RAN OFF RD RIGHT,RAN OFF RD,SPATTERSONDRW 2NDST,NONE,2021-03-15 12:17:00,,,
2539,INDIANA UNIV BLOOMINGTON PD,BLOOMINGTON,2,0.0,0.0,0,0,,,,E 10TH ST,N SUNRISE DR,,,,39.171585,-86.512477,LOCAL/CITY RD,N,URBAN,N,N,N,,DAYLIGHT,CLOUDY,DRY,,NO JUNCTION INVOLVED,STRAIGHT/LEVEL,ASPHALT,FAILURE TO YIELD RIGHT OF WAY,LEFT TURN,EASTTENTHSTNSUNRISEDR,TRAFFIC CONTROL SIGNAL,2021-03-15 16:45:00,,,
2540,MONROE SD,BLOOMINGTON,1,0.0,0.0,0,0,,,,S ROCKPORT RD,S LODGE RD,,300.0,N,39.07904,-86.594,LOCAL/CITY RD,N,RURAL,N,N,N,,DAYLIGHT,CLOUDY,LOOSE MATERIAL ON RD,,NO JUNCTION INVOLVED,CURVE/GRADE,ASPHALT,RAN OFF RD RIGHT,RAN OFF RD,SLODGERDSROCKPORTRD,NONE,2021-03-15 16:49:00,,,
2541,BLOOMINGTON PD,BLOOMINGTON,2,0.0,0.0,0,0,,,,E ATWATER AVE,S MITCHELL ST,,,,39.163055,-86.514192,LOCAL/CITY RD,N,URBAN,N,N,N,,DARK (LIGHTED),CLEAR,DRY,,FOUR-WAY INTERSECTION,STRAIGHT/LEVEL,ASPHALT,FAILURE TO YIELD RIGHT OF WAY,RIGHT ANGLE,EASTATWATERAVESOUTHMITCHELLAVE,STOP SIGN,2021-03-14 20:00:00,,,
2542,INDIANA UNIV BLOOMINGTON PD,BLOOMINGTON,2,0.0,1.0,0,0,,,,E ATWATER AVE,S FESS AVE,,,,39.163132,-86.525907,LOCAL/CITY RD,N,URBAN,N,N,N,,DAYLIGHT,CLEAR,DRY,,FOUR-WAY INTERSECTION,STRAIGHT/LEVEL,ASPHALT,DISREGARD SIGNAL/REG SIGN,OTHER - EXPLAIN IN NARRATIVE,ATWATERAVEFESSAVE,STOP SIGN,2021-03-13 15:48:00,,,
2543,MONROE SD,BLOOMINGTON,1,0.0,0.0,0,0,3439,,,E WILL SOWDERS RD,,,,,39.060434,-86.489986,LOCAL/CITY RD,N,RURAL,N,N,N,,DARK (NOT LIGHTED),CLEAR,DRY,,NO JUNCTION INVOLVED,STRAIGHT/LEVEL,ASPHALT,RAN OFF RD RIGHT,RAN OFF RD,EWILLSOWDERSRD,NONE,2021-03-13 20:49:00,,,
2544,BLOOMINGTON PD,BLOOMINGTON,2,0.0,0.0,0,0,,,,N COLLEGE AVE,W 17TH ST,,,,39.17896,-86.53472,LOCAL/CITY RD,N,URBAN,N,N,N,,DARK (LIGHTED),CLEAR,DRY,,FOUR-WAY INTERSECTION,STRAIGHT/GRADE,ASPHALT,UNSAFE LN MOVEMENT,SAME DIRECTION SIDESWIPE,NCOLLEGEAVEW17THST,TRAFFIC CONTROL SIGNAL,2021-03-13 23:40:00,,,
2545,BLOOMINGTON PD,BLOOMINGTON,2,0.0,0.0,0,0,,,,ST RD 45,S LEONARD SPRINGS RD,,,,39.142048,-86.582592,ST RD,N,URBAN,N,N,N,,DAYLIGHT,CLEAR,DRY,,FOUR-WAY INTERSECTION,CURVE/GRADE,ASPHALT,DISREGARD SIGNAL/REG SIGN,RIGHT ANGLE,LEONARDSPRINGSRDST RD 45 W,TRAFFIC CONTROL SIGNAL,2021-03-12 10:10:00,,,
2546,BLOOMINGTON PD,BLOOMINGTON,2,0.0,0.0,0,0,,,,N GATES DR,W RUNKLE WAY,,100.0,S,39.15577309,-86.575982,LOCAL/CITY RD,N,URBAN,N,N,N,,DAYLIGHT,CLEAR,DRY,,T-INTERSECTION,STRAIGHT/LEVEL,ASPHALT,FOLLOWING TOO CLOSELY,REAR END,RUNKLEWAYSGATESDR,NONE,2021-03-12 13:30:00,,,
2547,MONROE SD,BLOOMINGTON,1,0.0,0.0,0,1,,,,E BETHEL LN,E FAIRWOOD DR,,1780.0,E,39.215354,-86.519077,LOCAL/CITY RD,N,RURAL,N,N,N,,DAYLIGHT,CLEAR,DRY,,NO JUNCTION INVOLVED,STRAIGHT/GRADE,CONCRETE,ANIMAL/OBJECT IN RDWAY,COLLISION WITH DEER,EBETHELLNNCHRISTINALN,NONE,2021-03-12 15:06:00,,,
2548,MONROE SD,BLOOMINGTON,2,0.0,0.0,0,0,,,,S CURRY PK,W BELLE AVE,,,,39.163552,-86.582896,LOCAL/CITY RD,N,URBAN,N,N,N,,DAYLIGHT,CLEAR,DRY,,T-INTERSECTION,STRAIGHT/GRADE,ASPHALT,IMPROPER LN USAGE,SAME DIRECTION SIDESWIPE,BELLEAVECURRYPK,NONE,2021-03-12 16:50:00,,,
2549,BLOOMINGTON PD,BLOOMINGTON,2,0.0,0.0,0,0,,,,W 17TH ST,N COLLEGE AVE,,,,39.17896,-86.53472,LOCAL/CITY RD,N,URBAN,N,N,N,,DARK (LIGHTED),CLEAR,DRY,,FOUR-WAY INTERSECTION,STRAIGHT/LEVEL,CONCRETE,FAILURE TO YIELD RIGHT OF WAY,RIGHT ANGLE,NCOLLEGEAVEW17THST,TRAFFIC CONTROL SIGNAL,2021-03-12 19:33:00,,,
2550,INDIANA UNIV BLOOMINGTON PD,BLOOMINGTON,2,0.0,0.0,0,0,,,,W 17TH ST,N COLLEGE AVE,,,,0.0,0.0,LOCAL/CITY RD,N,URBAN,N,N,N,,DARK (LIGHTED),CLEAR,DRY,,T-INTERSECTION,STRAIGHT/GRADE,CONCRETE,DRIVER DISTRACTED - EXPLAIN IN NARRATIVE,REAR END,COLLEGEAVEEAST17THST,STOP SIGN,2021-03-12 19:37:00,,,
2551,MONROE SD,BLOOMINGTON,1,0.0,0.0,0,0,,,,S RAYLE PL,W TAPP RD,,,,39.13704,-86.577504,LOCAL/CITY RD,N,URBAN,N,N,N,,DARK (NOT LIGHTED),CLEAR,DRY,,T-INTERSECTION,STRAIGHT/LEVEL,ASPHALT,OTHER (ENVIRONMENTAL) - EXPLAIN IN NARR,COLLISION WITH OBJECT IN RD,RAYLEPLWTAPPRD,LN CONTROL,2021-03-12 20:19:00,,,True
2552,MONROE SD,BLOOMINGTON,2,0.0,0.0,0,0,,,,W COFFEY LN,,,800.0,W,39.2065,-86.58661173,LOCAL/CITY RD,N,URBAN,N,N,N,,DARK (NOT LIGHTED),CLEAR,DRY,,NO JUNCTION INVOLVED,STRAIGHT/LEVEL,ASPHALT,DRIVER ILLNESS,REAR END,COFFEYLNJINNILYNNCT,NONE,2021-03-11 05:49:00,,,
2553,ISP BLOOMINGTON 33,BLOOMINGTON,1,,0.0,0,0,,103,F,I-69 N,ST RD 45/46,,739.0,N,39.18840695,-86.55430502,INTERSTATE,,RURAL,N,N,N,,DAYLIGHT,CLOUDY,WET,,RAMP,,ASPHALT,,RAN OFF RD,ST RD 37,,2021-03-11 12:35:00,,,
2554,BLOOMINGTON PD,BLOOMINGTON,2,0.0,0.0,0,0,,,,E 3RD ST,S LINCOLN ST,,100.0,E,39.16464,-86.531024,LOCAL/CITY RD,N,URBAN,N,N,N,,DAYLIGHT,CLOUDY,WET,,NO JUNCTION INVOLVED,STRAIGHT/GRADE,ASPHALT,FOLLOWING TOO CLOSELY,REAR END,E 3RDSTSLINCOLNST,LN CONTROL,2021-03-11 14:29:00,,,
2555,MONROE SD,BLOOMINGTON,1,0.0,0.0,0,0,,,,N BUSKIRK RD,,,1000.0,N,39.41575597,-86.552475,LOCAL/CITY RD,N,RURAL,N,N,N,,DAYLIGHT,RAIN,WET,,NO JUNCTION INVOLVED,CURVE/GRADE,ASPHALT,RAN OFF RD RIGHT,RAN OFF RD,NBUSKIRKRDWFRYRD,NONE,2021-03-11 17:00:00,,,
2556,BLOOMINGTON PD,BLOOMINGTON,2,0.0,3.0,0,0,,,,ST RD 45/46,N KINSER PK,,,,39.186544,-86.537888,ST RD,N,URBAN,N,N,N,,DARK (LIGHTED),CLEAR,DRY,,FOUR-WAY INTERSECTION,STRAIGHT/LEVEL,ASPHALT,DISREGARD SIGNAL/REG SIGN,RIGHT ANGLE,NKINSERPKST RD 46 W,TRAFFIC CONTROL SIGNAL,2021-03-10 06:30:00,,,
2557,BLOOMINGTON PD,BLOOMINGTON,2,0.0,0.0,0,0,,,,N WASHINGTON ST,,,100.0,N,39.16664,-86.5324,LOCAL/CITY RD,Y,URBAN,N,N,N,,DAYLIGHT,CLEAR,DRY,,NO JUNCTION INVOLVED,STRAIGHT/LEVEL,ASPHALT,UNSAFE BACKING,BACKING CRASH,KIRKWOODAVENORTHWASHINGTONST,NONE,2021-03-10 12:49:00,,,
2558,BLOOMINGTON PD,BLOOMINGTON,1,0.0,0.0,0,0,,,,N WALNUT ST,ST RD 45/46,,,,39.186368,-86.5344,LOCAL/CITY RD,N,URBAN,N,N,N,,DAYLIGHT,CLEAR,DRY,,FOUR-WAY INTERSECTION,STRAIGHT/LEVEL,ASPHALT,OVERSIZE/OVERWEIGHT LOAD,NON-COLLISION,NWALNUTSTWSTATERD4546BYP,TRAFFIC CONTROL SIGNAL,2021-03-10 18:04:00,,,
2559,ISP BLOOMINGTON 33,BLOOMINGTON,2,,2.0,0,0,,,,ST RD 45,,,0.0,,39.13060862,-86.60238528,ST RD,,RURAL,N,N,N,,DARK (NOT LIGHTED),CLEAR,DRY,,T-INTERSECTION,,ASPHALT,ANIMAL/OBJECT IN RDWAY,COLLISION WITH OBJECT IN RD,WStateRd45BruceLn,,2021-03-10 20:15:00,,,
2560,ELLETTSVILLE PD,ELLETTSVILLE,1,0.0,0.0,0,1,,,,W REEVES RD,W GILMORE RD,,,,,,COUNTY RD,N,URBAN,Y,N,N,,DARK (LIGHTED),CLEAR,DRY,,NO JUNCTION INVOLVED,STRAIGHT/LEVEL,ASPHALT,ANIMAL/OBJECT IN RDWAY,COLLISION WITH DEER,GILMORERDREEVERD,NONE,2021-03-10 20:27:00,,,
2561,MONROE SD,BLOOMINGTON,1,0.0,0.0,0,0,,,,E MONROE DAM RD,S FOGGY MORNING RD,,,,39.02366323,-86.53055279,LOCAL/CITY RD,N,RURAL,N,N,N,,DARK (NOT LIGHTED),CLEAR,DRY,,NO JUNCTION INVOLVED,STRAIGHT/LEVEL,ASPHALT,RAN OFF RD RIGHT,RAN OFF RD,MONROELAKERDSFOGGYMORNINGRD,NONE,2021-03-10 21:13:00,,,
2562,MONROE SD,BLOOMINGTON,1,0.0,0.0,0,1,,,,ST RD 45,N YOUNG CEMETERY RD,,1000.0,E,39.23079564,-86.42847466,ST RD,N,RURAL,N,N,N,,DARK (NOT LIGHTED),CLEAR,DRY,,T-INTERSECTION,CURVE/HILLCREST,ASPHALT,ANIMAL/OBJECT IN RDWAY,COLLISION WITH DEER,ST RD 45ETUNNELRD,NONE,2021-03-09 01:51:00,,,
2563,INDIANA UNIV BLOOMINGTON PD,BLOOMINGTON,1,0.0,0.0,0,0,101,,,MUSICAL ARTS CENTER CIRCLE,,,,,,,UNKNOWN,N,URBAN,N,N,N,,DAYLIGHT,CLEAR,DRY,,NO JUNCTION INVOLVED,CURVE/LEVEL,ASPHALT,OTHER (DRIVER) - EXPLAIN IN NARRATIVE,OTHER - EXPLAIN IN NARRATIVE,NEAGLESON AVEAVE,NONE,2021-03-09 11:15:00,,,
2564,BLOOMINGTON PD,BLOOMINGTON,4,0.0,5.0,0,0,,,,E WINSLOW RD,S HENDERSON ST,,100.0,W,39.136144,-86.5268,LOCAL/CITY RD,N,URBAN,N,N,N,,DAYLIGHT,CLEAR,DRY,,NO JUNCTION INVOLVED,STRAIGHT/LEVEL,ASPHALT,FOLLOWING TOO CLOSELY,REAR END,EWINSLOWRDSHENDERSONST,TRAFFIC CONTROL SIGNAL,2021-03-09 13:05:00,,,
2565,INDIANA UNIV BLOOMINGTON PD,BLOOMINGTON,2,0.0,0.0,0,0,,,,N INDIANA AVE,E KIRKWOOD AVE,,,,,,LOCAL/CITY RD,N,URBAN,N,N,N,,DAYLIGHT,CLEAR,DRY,,NO JUNCTION INVOLVED,STRAIGHT/LEVEL,ASPHALT,UNSAFE LN MOVEMENT,LEFT TURN,INDIANAAVEKIRKWOODAVE,NONE,2021-03-09 13:29:00,,,
2566,ISP BLOOMINGTON 33,BLOOMINGTON,2,,0.0,0,0,,,,I-69 N,,,1003.0,S,39.12875864,-86.57290883,INTERSTATE,,URBAN,N,N,N,,DAYLIGHT,CLEAR,DRY,,NO JUNCTION INVOLVED,,ASPHALT,,SAME DIRECTION SIDESWIPE,SYonkersStI-69,,2021-03-09 14:05:00,,,
2567,BLOOMINGTON PD,BLOOMINGTON,3,0.0,1.0,0,0,,,,ST RD 46,E ASTGATE LN (N),,150.0,N,,,LOCAL/CITY RD,N,URBAN,N,N,N,,DAYLIGHT,CLEAR,DRY,,T-INTERSECTION,STRAIGHT/LEVEL,ASPHALT,FOLLOWING TOO CLOSELY,REAR END,EEASTGATELNNSTATERD46HWY,NONE,2021-03-09 14:47:00,,,
2568,BLOOMINGTON PD,BLOOMINGTON,2,0.0,0.0,0,0,,,Y,W 3RD ST,I-69 S,,,,,,LOCAL/CITY RD,N,URBAN,N,N,N,,DAYLIGHT,CLEAR,DRY,,NO JUNCTION INVOLVED,STRAIGHT/GRADE,ASPHALT,FAILURE TO YIELD RIGHT OF WAY,SAME DIRECTION SIDESWIPE,I-69SEXITRPW 3RDST,NONE,2021-03-09 15:28:00,,,
2569,BLOOMINGTON PD,BLOOMINGTON,2,0.0,0.0,0,0,,,,ST RD 48,W 3RD ST (ENTRANCE TO WHITEHALL CROSSING),,175.0,W,,,LOCAL/CITY RD,N,URBAN,N,N,N,,DAYLIGHT,CLEAR,DRY,,FOUR-WAY INTERSECTION,STRAIGHT/LEVEL,ASPHALT,IMPROPER TURNING,RIGHT ANGLE,NGATESDRW 3RDST,YIELD SIGN,2021-03-09 16:09:00,,,
2570,ELLETTSVILLE PD,ELLETTSVILLE,2,0.0,0.0,0,0,,,,ST RD 46,N SALE ST (N),,,,,,ST RD,N,URBAN,N,N,N,,DAYLIGHT,CLEAR,DRY,,FOUR-WAY INTERSECTION,STRAIGHT/LEVEL,ASPHALT,FOLLOWING TOO CLOSELY,REAR END,SALESTST RD 46 W,TRAFFIC CONTROL SIGNAL,2021-03-09 17:10:00,,,
2571,MONROE SD,BLOOMINGTON,1,0.0,0.0,0,0,,,,S FAIRFAX RD,E MARIE LN,,350.0,S,39.06873912,-86.52248,LOCAL/CITY RD,N,RURAL,N,N,N,,DAYLIGHT,CLEAR,DRY,,NO JUNCTION INVOLVED,STRAIGHT/GRADE,CONCRETE,OTHER (DRIVER) - EXPLAIN IN NARRATIVE,RAN OFF RD,EMARIELNSFAIRFAXRD,NONE,2021-03-09 18:29:00,,,
2572,BLOOMINGTON PD,BLOOMINGTON,2,0.0,1.0,0,0,,,,ST RD 45/46,N KINSER PK,,,,39.186544,-86.537888,ST RD,N,URBAN,N,Y,N,,DARK (LIGHTED),CLEAR,DRY,,FOUR-WAY INTERSECTION,STRAIGHT/LEVEL,ASPHALT,FAILURE TO YIELD RIGHT OF WAY,RIGHT ANGLE,NKINSERPKST RD 46 W,TRAFFIC CONTROL SIGNAL,2021-03-09 20:04:00,,,
2573,BLOOMINGTON PD,BLOOMINGTON,3,0.0,0.0,0,0,,,,S PATTERSON DR,W 2ND ST,,,,39.160737,-86.548536,LOCAL/CITY RD,N,URBAN,N,N,N,,DARK (LIGHTED),CLEAR,DRY,,NO JUNCTION INVOLVED,STRAIGHT/LEVEL,ASPHALT,FOLLOWING TOO CLOSELY,REAR END,SPATTERSONDRW 2NDST,TRAFFIC CONTROL SIGNAL,2021-03-09 20:30:00,,,