_id,Agency,City,Vehicles Involved,Trailers Involved,Number Injured,Number Dead,Number Deer,House Number,Roadway Interchange,Roadway Ramp,Roadway Id,Intersecting Road,Interchange,Feet From,Direction,Latitude,Longitude,Roadway Class,Hit and Run?,Locality,School Zone?,Rumble Strips?,Construction?,Construction Type,Light Condition,Weather Conditions,Surface Condition,Type of Median,Roadway Junction Type,Road Character,Roadway Surface,Primary Factor,Manner of Collision,Unique Location Id,Traffic Control,DateTime,Address Number,Cyclist Involved,Pedestrian Involved
2699,ISP BLOOMINGTON 33,BLOOMINGTON,2,,0.0,0,0,,,,I-69 S,,,898.0,N,39.23785073,-86.53881236,INTERSTATE,,URBAN,N,N,N,,DAYLIGHT,SNOW,WET,,NO JUNCTION INVOLVED,,ASPHALT,,SAME DIRECTION SIDESWIPE,StateRd37I-69,,2021-02-18 09:30:00,,,
2700,MONROE SD,BLOOMINGTON,2,0.0,0.0,0,0,,,,W VERNAL PK,N CURRY PK,,,,39.179248,-86.5832,COUNTY RD,N,RURAL,N,N,N,,DAYLIGHT,CLEAR,DRY,,FOUR-WAY INTERSECTION,STRAIGHT/LEVEL,ASPHALT,FOLLOWING TOO CLOSELY,REAR END,NCURRYPKWVERNALPK,TRAFFIC CONTROL SIGNAL,2021-02-18 16:23:00,,,
2701,INDIANA UNIV BLOOMINGTON PD,BLOOMINGTON,2,0.0,0.0,0,0,,,,E 3RD ST,S FACULTY AVE,,66.0,W,,,LOCAL/CITY RD,Y,URBAN,N,N,N,,DAYLIGHT,CLEAR,SNOW/SLUSH,,NO JUNCTION INVOLVED,STRAIGHT/LEVEL,ASPHALT,FOLLOWING TOO CLOSELY,REAR END,FACULTYAVE 3RDST,NONE,2021-02-18 17:00:00,,,
2702,ELLETTSVILLE PD,ELLETTSVILLE,2,0.0,0.0,0,0,,,,ST RD 46,N MATTHEWS DR (N),,,,,,LOCAL/CITY RD,N,URBAN,N,N,N,,DAYLIGHT,CLEAR,DRY,,NO JUNCTION INVOLVED,STRAIGHT/LEVEL,ASPHALT,OTHER (DRIVER) - EXPLAIN IN NARRATIVE,OTHER - EXPLAIN IN NARRATIVE,NORTHMATTHEWSDRWESTMIANSST,TRAFFIC CONTROL SIGNAL,2021-02-18 18:08:00,,,
2703,MONROE SD,BLOOMINGTON,2,0.0,0.0,0,0,,,,ST RD 446,S OLD RICHARDSON RD,,100.0,S,,,ST RD,N,RURAL,N,N,N,,DARK (NOT LIGHTED),SNOW,SNOW/SLUSH,,NO JUNCTION INVOLVED,CURVE/GRADE,ASPHALT,RAN OFF RD RIGHT,RAN OFF RD,EASTOLDRICHARDSONRDST RD 446S,NONE,2021-02-18 18:21:00,,,
2704,BLOOMINGTON PD,BLOOMINGTON,1,0.0,0.0,0,0,,,,W GRIMES LN,E DAVIS ST,,300.0,W,39.15344,-86.5336,LOCAL/CITY RD,Y,URBAN,N,N,N,,DARK (LIGHTED),CLEAR,SNOW/SLUSH,,FOUR-WAY INTERSECTION,CURVE/GRADE,ASPHALT,RAN OFF RD RIGHT,RAN OFF RD,SWALNUTSTWGRIMESLN,NONE,2021-02-17 00:15:00,,,
2705,BLOOMINGTON PD,BLOOMINGTON,2,0.0,0.0,0,0,222,,,N WALNUT ST,E 7TH ST,,150.0,S,39.16864,-86.533568,LOCAL/CITY RD,Y,URBAN,N,N,N,,DARK (LIGHTED),SNOW,SNOW/SLUSH,,NO JUNCTION INVOLVED,STRAIGHT/GRADE,ASPHALT,RDWAY SURFACE CONDITION,SAME DIRECTION SIDESWIPE,7THSTNWALNUTST,NONE,2021-02-17 12:00:00,,,
2706,MONROE SD,BLOOMINGTON,1,1.0,1.0,0,0,6220,,,S VICTOR PK,,,965.0,N,39.085952,-86.566096,LOCAL/CITY RD,N,RURAL,N,N,N,,DAYLIGHT,CLEAR,SNOW/SLUSH,,NO JUNCTION INVOLVED,CURVE/GRADE,ASPHALT,RAN OFF RD RIGHT,RAN OFF RD,SVICTORPKWTRAMWAYRD,NONE,2021-02-17 13:13:00,,,
2707,INDIANA UNIV BLOOMINGTON PD,BLOOMINGTON,2,0.0,0.0,0,0,,,,S INDIANA AVE,E 3RD ST,,,,39.164287,-86.526904,LOCAL/CITY RD,N,URBAN,N,N,N,,DAYLIGHT,CLEAR,DRY,,FOUR-WAY INTERSECTION,STRAIGHT/LEVEL,ASPHALT,DISREGARD SIGNAL/REG SIGN,RIGHT ANGLE,INDIANAAVE 3RDST,TRAFFIC CONTROL SIGNAL,2021-02-17 15:48:00,,,
2708,INDIANA UNIV BLOOMINGTON PD,BLOOMINGTON,2,0.0,0.0,0,0,,,,S DUNN ST,E KIRKWOOD AVE,,161.0,S,39.14950831,-86.52825,LOCAL/CITY RD,N,URBAN,N,N,N,,DAYLIGHT,CLEAR,SNOW/SLUSH,,NO JUNCTION INVOLVED,STRAIGHT/GRADE,ASPHALT,IMPROPER PASSING,SAME DIRECTION SIDESWIPE,DUNNSTKIRKWOODAVE,NONE,2021-02-17 17:20:00,,,
2709,BLOOMINGTON PD,BLOOMINGTON,1,0.0,1.0,0,0,1514,,,E 3RD ST,S MITCHELL ST,,50.0,W,0.0,0.0,LOCAL/CITY RD,N,URBAN,N,N,N,,DARK (LIGHTED),BLOWING SAND/SOIL/SNOW,SNOW/SLUSH,,NO JUNCTION INVOLVED,STRAIGHT/LEVEL,ASPHALT,RAN OFF RD RIGHT,RAN OFF RD,1514E 3RDSTSOUTHMITCHELLST,NONE,2021-02-17 21:16:00,,,
2710,ISP BLOOMINGTON 33,BLOOMINGTON,1,,0.0,0,0,,,,ST RD 48,S GATES DR,,0.0,S,39.164562,-86.576208,LOCAL/CITY RD,,URBAN,N,N,N,,DARK (LIGHTED),SNOW,SNOW/SLUSH,,FOUR-WAY INTERSECTION,,CONCRETE,,,W3rdStNGatesDr,,2021-02-16 00:55:00,,,
2711,MONROE SD,BLOOMINGTON,2,0.0,0.0,0,0,3838,,,S CRAMER CIR,,,200.0,E,39.124593,-86.5475213,COUNTY RD,N,URBAN,N,N,N,,DAYLIGHT,CLEAR,SNOW/SLUSH,,NO JUNCTION INVOLVED,STRAIGHT/GRADE,ASPHALT,UNSAFE BACKING,BACKING CRASH,WCRAMERCIRWROCKCRESTDR,NONE,2021-02-16 09:34:00,,,
2712,MONROE SD,BLOOMINGTON,1,0.0,0.0,0,0,,,,N TUNNEL RD,,,300.0,S,0.0,0.0,COUNTY RD,N,RURAL,N,N,N,,DAYLIGHT,CLEAR,SNOW/SLUSH,,NO JUNCTION INVOLVED,STRAIGHT/GRADE,ASPHALT,ANIMAL/OBJECT IN RDWAY,RAN OFF RD,HILLSLAMMERRDTUNNELRD,NONE,2021-02-16 12:00:00,,,
2713,ISP BLOOMINGTON 33,UNIONVILLE(MONROE),2,,0.0,0,0,,,,ST RD 45,,,750.0,E,39.24047043,-86.38554658,ST RD,,RURAL,N,N,N,,DAYLIGHT,CLEAR,SNOW/SLUSH,,NO JUNCTION INVOLVED,,ASPHALT,LEFT OF CENTER,OPPOSITE DIRECTION SIDESWIPE,ST RD 45750fteastofRichardsonRd,,2021-02-16 12:20:00,,,
2714,BLOOMINGTON PD,BLOOMINGTON,2,0.0,0.0,0,0,1250,,,W ADAMS HILL CIR,,,,,39.164544,-86.552192,LOCAL/CITY RD,Y,URBAN,N,N,N,,DARK (LIGHTED),SNOW,SNOW/SLUSH,,NO JUNCTION INVOLVED,STRAIGHT/LEVEL,ASPHALT,IMPROPER LN USAGE,RIGHT ANGLE,WADAMSHILLCIR,NONE,2021-02-16 12:45:00,,,
2715,BLOOMINGTON PD,BLOOMINGTON,2,0.0,0.0,0,0,,,,E 3RD ST,S WALNUT ST,,,,39.16464,-86.5336,LOCAL/CITY RD,N,URBAN,N,N,N,,DAYLIGHT,CLEAR,SNOW/SLUSH,,FOUR-WAY INTERSECTION,STRAIGHT/LEVEL,ASPHALT,DISREGARD SIGNAL/REG SIGN,RIGHT ANGLE,3RDSTWALNUTST,TRAFFIC CONTROL SIGNAL,2021-02-16 15:45:00,,,
2716,BLOOMINGTON PD,BLOOMINGTON,2,0.0,0.0,0,0,,,,N COLLEGE AVE,W 10TH ST,,500.0,N,39.171744,-86.534768,LOCAL/CITY RD,N,URBAN,N,N,N,,DAWN/DUSK,CLOUDY,SNOW/SLUSH,,NO JUNCTION INVOLVED,STRAIGHT/GRADE,ASPHALT,FOLLOWING TOO CLOSELY,REAR END,NCOLLEGEAVEW10THST,LN CONTROL,2021-02-16 18:12:00,,,
2717,INDIANA UNIV BLOOMINGTON PD,BLOOMINGTON,2,1.0,0.0,0,0,,,,S INDIANA AVE,E KIRKWOOD AVE,,,,39.166531,-86.526926,LOCAL/CITY RD,N,URBAN,N,N,N,,DARK (LIGHTED),CLEAR,SNOW/SLUSH,,T-INTERSECTION,STRAIGHT/GRADE,ASPHALT,IMPROPER LN USAGE,SAME DIRECTION SIDESWIPE,INDIANAAVEKIRKWOODAVE,STOP SIGN,2021-02-16 20:05:00,,,
2718,MONROE SD,BLOOMINGTON,1,0.0,0.0,0,0,,,,I-69 S,ST RD 37,,100.0,S,0.0,0.0,INTERSTATE,N,RURAL,N,N,N,,DARK (LIGHTED),CLEAR,SNOW/SLUSH,,INTERCHANGE,STRAIGHT/LEVEL,ASPHALT,RAN OFF RD RIGHT,RAN OFF RD,I-69S114,NONE,2021-02-16 22:03:00,,,
2719,ISP BLOOMINGTON 33,BLOOMINGTON,1,,0.0,0,0,,,,I-69 S,,,264.0,W,39.06856264,-86.67335648,INTERSTATE,,RURAL,N,N,N,,DARK (NOT LIGHTED),SNOW,SNOW/SLUSH,,NO JUNCTION INVOLVED,,ASPHALT,ANIMAL/OBJECT IN RDWAY,COLLISION WITH OBJECT IN RD,I-69I-69,,2021-02-15 02:00:00,,,
2720,ISP BLOOMINGTON 33,STANFORD,1,,0.0,0,0,,,,ST RD 45,W HINDS RD (NE),,53.0,W,39.09895688,-86.65228123,ST RD,,RURAL,N,N,N,,DARK (NOT LIGHTED),SNOW,SNOW/SLUSH,,T-INTERSECTION,,ASPHALT,,RAN OFF RD,WStateRd45 WHindsRd,,2021-02-15 05:00:00,,,
2721,MONROE SD,BLOOMINGTON,1,0.0,0.0,0,0,2299,,,W FLUCK MILL RD,,,,,39.0710215,-86.5635372,COUNTY RD,N,RURAL,N,N,N,,DARK (NOT LIGHTED),CLEAR,SNOW/SLUSH,,NO JUNCTION INVOLVED,CURVE/LEVEL,ASPHALT,RAN OFF RD RIGHT,RAN OFF RD,FLUCKMILLRD,NONE,2021-02-15 06:14:00,,,
2722,BLOOMINGTON PD,BLOOMINGTON,2,0.0,0.0,0,0,,,,W 2ND ST,S COLLEGE AVE,,,,39.161366,-86.534943,LOCAL/CITY RD,N,URBAN,N,N,N,,DAYLIGHT,SNOW,SNOW/SLUSH,,NO JUNCTION INVOLVED,STRAIGHT/LEVEL,ASPHALT,OTHER (DRIVER) - EXPLAIN IN NARRATIVE,HEAD ON BETWEEN TWO MOTOR VEHICLES,2NDSTCOLLEGEAVE,TRAFFIC CONTROL SIGNAL,2021-02-15 08:26:00,,,
2723,BLOOMINGTON PD,BLOOMINGTON,2,0.0,0.0,0,0,,,,S COLLEGE AVE,W 2ND ST,,,,39.1609319,-86.4977835,LOCAL/CITY RD,N,URBAN,N,N,N,,DAYLIGHT,SNOW,SNOW/SLUSH,,FOUR-WAY INTERSECTION,STRAIGHT/GRADE,ASPHALT,SPEED TOO FAST FOR WEATHER CONDITIONS,RIGHT ANGLE,2NDSTSCOLLEGEAVE,TRAFFIC CONTROL SIGNAL,2021-02-15 08:26:00,,,
2724,INDIANA UNIV BLOOMINGTON PD,BLOOMINGTON,2,0.0,3.0,0,0,,,,N WOODLAWN AVE,E 17TH ST,,,,39.1790372,-86.523554,LOCAL/CITY RD,N,URBAN,N,N,N,,DAYLIGHT,CLOUDY,SNOW/SLUSH,,FOUR-WAY INTERSECTION,STRAIGHT/GRADE,ASPHALT,SPEED TOO FAST FOR WEATHER CONDITIONS,REAR END,EAST17THSTWOODLAWNAVE,TRAFFIC CONTROL SIGNAL,2021-02-15 08:36:00,,,
2725,MONROE SD,BLOOMINGTON,2,0.0,0.0,0,0,,,,E SAMPLE RD,W ST RD 37,,100.0,W,39.258605,-86.50125134,LOCAL/CITY RD,N,RURAL,N,N,N,,DAYLIGHT,BLOWING SAND/SOIL/SNOW,SNOW/SLUSH,,NO JUNCTION INVOLVED,STRAIGHT/LEVEL,ASPHALT,LEFT OF CENTER,HEAD ON BETWEEN TWO MOTOR VEHICLES,ESAMPLERDRDNOLSSTATERD37RD,NONE,2021-02-15 09:56:00,,,
2726,BLOOMINGTON PD,BLOOMINGTON,1,0.0,0.0,0,0,,,,S PATTERSON DR,W ALLEN ST,,100.0,N,39.16621302,-86.543337,LOCAL/CITY RD,N,URBAN,N,N,N,,DAYLIGHT,SNOW,SNOW/SLUSH,,NO JUNCTION INVOLVED,CURVE/LEVEL,ASPHALT,SPEED TOO FAST FOR WEATHER CONDITIONS,RAN OFF RD,SPATTERSONDRWALLENST,LN CONTROL,2021-02-15 11:54:00,,,
2727,MONROE SD,STINESVILLE,1,0.0,0.0,0,0,,,,N TEXAS RIDGE RD,,,3700.0,S,38.93986731,-86.679205,COUNTY RD,N,RURAL,N,N,N,,DAYLIGHT,SNOW,SNOW/SLUSH,,NO JUNCTION INVOLVED,STRAIGHT/GRADE,ASPHALT,SPEED TOO FAST FOR WEATHER CONDITIONS,RAN OFF RD,NTEXASRIDGERDNORTHCOUNTYLINERD,NONE,2021-02-15 12:00:00,,,
2728,MONROE SD,ELLETTSVILLE,2,0.0,0.0,0,0,,,,ST RD 46,N CENTENNIAL DR,,,,0.0,0.0,ST RD,N,URBAN,N,N,N,,DAYLIGHT,SNOW,SNOW/SLUSH,,NO JUNCTION INVOLVED,STRAIGHT/LEVEL,ASPHALT,RDWAY SURFACE CONDITION,RIGHT ANGLE,NCENTENNIALDRST RD 46 W,TRAFFIC CONTROL SIGNAL,2021-02-15 12:43:00,,,
2729,ISP BLOOMINGTON 33,BLOOMINGTON,1,,0.0,0,0,8997,,,I-69 N,,,370.0,S,39.33338231,-86.51274621,INTERSTATE,,RURAL,N,N,N,,DAYLIGHT,BLOWING SAND/SOIL/SNOW,SNOW/SLUSH,,NO JUNCTION INVOLVED,,ASPHALT,SPEED TOO FAST FOR WEATHER CONDITIONS,RIGHT ANGLE,I-69131,,2021-02-15 13:30:00,,,
2730,STINESVILLE PD,BLOOMINGTON,1,1.0,0.0,0,0,5434,,,N MAPLE GROVE RD,,,,,39.22959049,-86.57231382,LOCAL/CITY RD,N,RURAL,N,N,N,,DAYLIGHT,BLOWING SAND/SOIL/SNOW,SNOW/SLUSH,,NO JUNCTION INVOLVED,STRAIGHT/GRADE,CONCRETE,RAN OFF RD RIGHT,RAN OFF RD,5434MAPLEGROVERD5434NORTHMAPLEGROVERD,NONE,2021-02-15 17:10:00,,,
2731,MONROE SD,BLOOMINGTON,1,0.0,0.0,0,0,,,,N HARTSTRAIT RD,,,500.0,N,39.18812521,-86.61148581,COUNTY RD,N,RURAL,N,N,N,,DARK (NOT LIGHTED),BLOWING SAND/SOIL/SNOW,SNOW/SLUSH,,NO JUNCTION INVOLVED,STRAIGHT/LEVEL,ASPHALT,RAN OFF RD RIGHT,RAN OFF RD,HARTSTRAIGHTRDVERNALPK,NONE,2021-02-15 19:36:00,,,
2732,BLOOMINGTON PD,BLOOMINGTON,2,0.0,2.0,0,0,,,,W 11TH ST,,,300.0,W,39.173344,-86.544704,LOCAL/CITY RD,N,URBAN,N,N,N,,DARK (NOT LIGHTED),SNOW,ICE,,NO JUNCTION INVOLVED,STRAIGHT/GRADE,ASPHALT,UNSAFE SPEED,OPPOSITE DIRECTION SIDESWIPE,NORRISDRW11THST,NONE,2021-02-15 22:12:00,,,
2733,MONROE SD,BLOOMINGTON,1,0.0,0.0,0,0,,,,E LAMPKINS RIDGE RD,S DEER TRACE,,,,39.15054,-86.426436,COUNTY RD,N,RURAL,N,N,N,,DAYLIGHT,CLEAR,DRY,,NO JUNCTION INVOLVED,CURVE/LEVEL,ASPHALT,OVERCORRECTING/OVERSTEERING,RAN OFF RD,DEERTRACERDLAMPKINSRIDGERD,NONE,2021-02-14 12:04:00,,,
2734,BLOOMINGTON PD,BLOOMINGTON,2,0.0,0.0,0,0,,,,W 15TH ST,N MAPLE ST,,,,39.17664,-86.542096,LOCAL/CITY RD,Y,URBAN,N,N,N,,DAYLIGHT,CLOUDY,DRY,,FOUR-WAY INTERSECTION,STRAIGHT/LEVEL,CONCRETE,UNSAFE LN MOVEMENT,,NMAPLESTW15THST,STOP SIGN,2021-02-14 14:37:00,,,
2735,INDIANA UNIV BLOOMINGTON PD,BLOOMINGTON,2,0.0,0.0,0,0,,,,N UNION ST,ENTRANCE TO EIGENMANN HALL ,,719.0,S,39.09552024,-86.509445,LOCAL/CITY RD,N,URBAN,N,N,N,,DAYLIGHT,CLEAR,DRY,,T-INTERSECTION,STRAIGHT/LEVEL,ASPHALT,FAILURE TO YIELD RIGHT OF WAY,RIGHT ANGLE,TENTHSTUNIONST,NONE,2021-02-14 16:05:00,,,
2736,MONROE SD,BLOOMINGTON,2,0.0,1.0,0,0,,,,ST RD 45,W ELLER RD,,,,39.12224,-86.6144,ST RD,N,RURAL,N,N,N,,DAYLIGHT,CLEAR,DRY,,FOUR-WAY INTERSECTION,STRAIGHT/GRADE,ASPHALT,UNSAFE SPEED,REAR END,ELLERRDST RD 45 W,NONE,2021-02-14 17:52:00,,,
2737,BLOOMINGTON PD,BLOOMINGTON,2,0.0,0.0,0,0,,,,W 3RD ST,S WALNUT ST,,,,39.16464,-86.5336,LOCAL/CITY RD,N,URBAN,N,N,N,,DARK (LIGHTED),CLEAR,DRY,,FOUR-WAY INTERSECTION,STRAIGHT/LEVEL,ASPHALT,DISREGARD SIGNAL/REG SIGN,RIGHT ANGLE,E 3RDSTSWALNUTST,TRAFFIC CONTROL SIGNAL,2021-02-14 19:01:00,,,
2738,MONROE SD,BLOOMINGTON,1,0.0,0.0,0,0,1583,,,W DOVE DR,S MALLARD CT,,,,39.119411,-86.549553,LOCAL/CITY RD,N,URBAN,N,N,N,,DARK (NOT LIGHTED),CLEAR,DRY,,NO JUNCTION INVOLVED,STRAIGHT/GRADE,ASPHALT,RAN OFF RD RIGHT,RAN OFF RD,WDOVEDR,NONE,2021-02-14 22:51:00,,,
2739,MONROE SD,BLOOMINGTON,1,0.0,0.0,0,0,9698,,,S ST RD 37,S HARRODSBURG RD,,,,39.00529296,-86.54348316,COUNTY RD,Y,RURAL,N,N,N,,DARK (NOT LIGHTED),CLEAR,DRY,,Y-INTERSECTION,CURVE/GRADE,ASPHALT,RAN OFF RD RIGHT,RAN OFF RD,OLDSTATERD37HWY,NONE,2021-02-14 23:06:00,,,
2740,ELLETTSVILLE PD,ELLETTSVILLE,2,0.0,0.0,0,0,,,,ST RD 46,ENTRANCE TO CIRCLE S,,200.0,W,39.21225894,-86.58785197,ST RD,N,URBAN,N,N,N,,DAYLIGHT,CLEAR,DRY,,NO JUNCTION INVOLVED,STRAIGHT/LEVEL,ASPHALT,FAILURE TO YIELD RIGHT OF WAY,RIGHT ANGLE,DEERPARKDRST RD 46 W,LN CONTROL,2021-02-13 00:25:00,,,
2741,MONROE SD,,1,0.0,0.0,0,0,,,,S FAIRFAX RD,S WISLEY LN,,,,39.05450365,-86.49837915,LOCAL/CITY RD,Y,RURAL,N,N,N,,DARK (NOT LIGHTED),CLEAR,SNOW/SLUSH,,Y-INTERSECTION,STRAIGHT/LEVEL,ASPHALT,RAN OFF RD RIGHT,RAN OFF RD,FAIRFAXRDWISLEYLN,LN CONTROL,2021-02-13 01:30:00,,,
2742,MONROE SD,BLOOMINGTON,1,0.0,0.0,0,0,,,,S ROCKPORT RD,,,1000.0,N,0.0,0.0,LOCAL/CITY RD,N,RURAL,N,N,N,,DAYLIGHT,CLEAR,LOOSE MATERIAL ON RD,,NO JUNCTION INVOLVED,CURVE/LEVEL,ASPHALT,SPEED TOO FAST FOR WEATHER CONDITIONS,RAN OFF RD,HENNESSYSTROCKPORTRD,NONE,2021-02-13 10:59:00,,,
2743,INDIANA UNIV BLOOMINGTON PD,BLOOMINGTON,1,0.0,0.0,0,0,,,,ST RD 45/46,E 10TH ST,,,,0.0,0.0,ST RD,N,URBAN,N,N,N,,DAYLIGHT,CLOUDY,ICE,,FOUR-WAY INTERSECTION,CURVE/LEVEL,ASPHALT,RAN OFF RD RIGHT,RAN OFF RD,ST RD 45SST RD 46E,TRAFFIC CONTROL SIGNAL,2021-02-13 12:30:00,,,
2744,BLOOMINGTON PD,BLOOMINGTON,2,0.0,0.0,0,0,,,,E 4TH ST,S GRANT ST,,100.0,E,39.165648,-86.52935918,LOCAL/CITY RD,Y,URBAN,N,N,N,,DAYLIGHT,CLEAR,DRY,,NO JUNCTION INVOLVED,STRAIGHT/LEVEL,ASPHALT,UNSAFE LN MOVEMENT,SAME DIRECTION SIDESWIPE,4THSTGRANTST,NONE,2021-02-13 12:45:00,,,
2745,MONROE SD,BLOOMINGTON,1,0.0,0.0,0,0,,,,S ROCKPORT RD,,,750.0,N,39.20740424,-86.5566669,LOCAL/CITY RD,N,RURAL,N,N,N,,DAYLIGHT,CLOUDY,DRY,,NO JUNCTION INVOLVED,CURVE/GRADE,ASPHALT,ANIMAL/OBJECT IN RDWAY,COLLISION WITH OBJECT IN RD,HENNESSEYSTROCKPORTRD,NONE,2021-02-13 15:02:00,,,
2746,BLOOMINGTON PD,BLOOMINGTON,2,0.0,1.0,0,0,,,,N ADAMS ST,W KIRKWOOD AVE,,,,39.166816,-86.549488,LOCAL/CITY RD,N,URBAN,N,N,N,,DAWN/DUSK,CLOUDY,DRY,,NO JUNCTION INVOLVED,STRAIGHT/HILLCREST,ASPHALT,FAILURE TO YIELD RIGHT OF WAY,HEAD ON BETWEEN TWO MOTOR VEHICLES,NADAMSSTWKIRKWOODAVE,TRAFFIC CONTROL SIGNAL,2021-02-13 17:57:00,,,
2747,MONROE SD,BLOOMINGTON,2,0.0,0.0,0,0,,,,E GRAHAM PL,S HENDERSON ST,,100.0,W,,,LOCAL/CITY RD,N,URBAN,N,N,N,,DARK (LIGHTED),CLEAR,ICE,,NO JUNCTION INVOLVED,STRAIGHT/LEVEL,ASPHALT,OTHER (ENVIRONMENTAL) - EXPLAIN IN NARR,REAR END,EGRAHAMPLSHENDERSONST,NONE,2021-02-13 22:42:00,,,
2748,MONROE SD,BLOOMINGTON,1,0.0,0.0,0,1,,,,S WEIMER RD,,,200.0,S,39.12813639,-86.564093,LOCAL/CITY RD,N,URBAN,N,N,N,,DARK (NOT LIGHTED),CLEAR,DRY,,NO JUNCTION INVOLVED,STRAIGHT/LEVEL,ASPHALT,ANIMAL/OBJECT IN RDWAY,COLLISION WITH DEER,SWEIMERRDWSUDBURYDR,NONE,2021-02-12 01:00:00,,,
2749,ELLETTSVILLE PD,ELLETTSVILLE,1,0.0,0.0,0,1,6002,,,ST RD 46,,,800.0,E,39.227624,-86.61598829,ST RD,N,URBAN,N,N,N,,DARK (LIGHTED),CLEAR,DRY,,NO JUNCTION INVOLVED,STRAIGHT/LEVEL,ASPHALT,ANIMAL/OBJECT IN RDWAY,COLLISION WITH DEER,NHARTSTRAITRDST RD 46 W,LN CONTROL,2021-02-12 04:01:00,,,
2750,MONROE SD,BLOOMINGTON,2,0.0,0.0,0,0,,,,S HARMONY RD,S INDIAN VALLEY DR,,355.0,S,39.106048,-86.6384,LOCAL/CITY RD,N,RURAL,N,N,N,,DAYLIGHT,CLEAR,SNOW/SLUSH,,NO JUNCTION INVOLVED,STRAIGHT/GRADE,ASPHALT,DRIVER DISTRACTED - EXPLAIN IN NARRATIVE,REAR END,SHARMONYRDSINDIANVALLEYDR,NONE,2021-02-12 07:15:00,,,
2751,MONROE SD,STINESVILLE,1,0.0,0.0,0,0,,,,N MT TABOR RD,,,500.0,S,,,COUNTY RD,N,RURAL,N,N,N,,DAYLIGHT,CLEAR,LOOSE MATERIAL ON RD,,T-INTERSECTION,CURVE/GRADE,ASPHALT,OTHER (DRIVER) - EXPLAIN IN NARRATIVE,RAN OFF RD,BRIGHTENRDMTTABORRD,NONE,2021-02-12 13:36:00,,,
2752,BLOOMINGTON PD,BLOOMINGTON,2,0.0,1.0,0,0,,,,W BLOOMFIELD RD,S BASSWOOD DR,,,,39.1498172,-86.5689428,LOCAL/CITY RD,N,URBAN,N,N,N,,DAYLIGHT,CLOUDY,DRY,,FOUR-WAY INTERSECTION,CURVE/GRADE,ASPHALT,DISREGARD SIGNAL/REG SIGN,RIGHT ANGLE,SBASSWOODDRWBLOOMFIELDRD,TRAFFIC CONTROL SIGNAL,2021-02-12 14:16:00,,,
2753,BLOOMINGTON PD,BLOOMINGTON,2,0.0,1.0,0,0,,,,S WALNUT ST,W GRIMES LN,,,,39.15344,-86.5336,LOCAL/CITY RD,N,URBAN,N,N,N,,DAYLIGHT,CLOUDY,DRY,,FOUR-WAY INTERSECTION,STRAIGHT/LEVEL,ASPHALT,FAILURE TO YIELD RIGHT OF WAY,HEAD ON BETWEEN TWO MOTOR VEHICLES,SWALNUTSTWGRIMESLN,TRAFFIC CONTROL SIGNAL,2021-02-12 16:15:00,,,
2754,INDIANA UNIV BLOOMINGTON PD,BLOOMINGTON,2,0.0,0.0,0,0,1211,,,E 7TH ST,,,,,39.168486,-86.517881,UNKNOWN,N,URBAN,N,N,N,,DAYLIGHT,CLEAR,SNOW/SLUSH,,NO JUNCTION INVOLVED,CURVE/LEVEL,ASPHALT,IMPROPER TURNING,LEFT TURN,E7THST,NONE,2021-02-12 17:00:00,,,
2755,BLOOMINGTON PD,BLOOMINGTON,1,0.0,0.0,0,0,1210,,,S MADISON ST,,,,,39.15303111,-86.53755093,UNKNOWN,Y,URBAN,N,N,N,,UNKNOWN,,,,NO JUNCTION INVOLVED,STRAIGHT/GRADE,OTHER - EXPLAIN IN NARRATIVE,UNSAFE LN MOVEMENT,OTHER - EXPLAIN IN NARRATIVE,SMADISONST,NONE,2021-02-12 17:00:00,,,
2756,MONROE SD,BLOOMINGTON,1,0.0,0.0,0,1,,,,ST RD 45,N SHUFFLE CREEK RD,,,,0.0,0.0,ST RD,N,RURAL,N,N,N,,DARK (NOT LIGHTED),CLEAR,DRY,,NO JUNCTION INVOLVED,STRAIGHT/LEVEL,ASPHALT,ANIMAL/OBJECT IN RDWAY,COLLISION WITH DEER,SHUFFLECREEKRDST RD 45,NONE,2021-02-12 19:06:00,,,
2757,MONROE SD,BLOOMINGTON,1,0.0,0.0,0,1,,,,ST RD 46,E BENDER RD,,,,39.163636,-86.437957,ST RD,N,RURAL,N,N,N,,DARK (NOT LIGHTED),CLEAR,DRY,,FOUR-WAY INTERSECTION,STRAIGHT/LEVEL,ASPHALT,ANIMAL/OBJECT IN RDWAY,COLLISION WITH DEER,EBENDERRDST RD 46E,NONE,2021-02-12 20:00:00,,,
2758,BLOOMINGTON PD,BLOOMINGTON,2,0.0,0.0,0,0,301,,,E BROWNSTONE DR,,,,,39.1753475,-86.530492,UNKNOWN,N,URBAN,N,Y,N,,DAYLIGHT,CLOUDY,SNOW/SLUSH,,NO JUNCTION INVOLVED,STRAIGHT/GRADE,ASPHALT,UNSAFE BACKING,BACKING CRASH,BROWNSTONEDR,NONE,2021-02-11 00:06:00,,,