_id,Agency,City,Vehicles Involved,Trailers Involved,Number Injured,Number Dead,Number Deer,House Number,Roadway Interchange,Roadway Ramp,Roadway Id,Intersecting Road,Interchange,Feet From,Direction,Latitude,Longitude,Roadway Class,Hit and Run?,Locality,School Zone?,Rumble Strips?,Construction?,Construction Type,Light Condition,Weather Conditions,Surface Condition,Type of Median,Roadway Junction Type,Road Character,Roadway Surface,Primary Factor,Manner of Collision,Unique Location Id,Traffic Control,DateTime,Address Number,Cyclist Involved,Pedestrian Involved
2998,ELLETTSVILLE PD,ELLETTSVILLE,2,0.0,0.0,0,0,4179,,,N THOMAS RD,ENTRANCE TO 4179,,500.0,S,39.16354574,-86.630402,COUNTY RD,Y,RURAL,N,N,N,,DARK (LIGHTED),CLEAR,WET,,NO JUNCTION INVOLVED,STRAIGHT/GRADE,ASPHALT,FAILURE TO YIELD RIGHT OF WAY,OTHER - EXPLAIN IN NARRATIVE,RATLIFFRDTHOMASRD,NONE,2021-01-15 19:07:00,,,
2999,BLOOMINGTON PD,BLOOMINGTON,2,0.0,0.0,0,0,,,,S LEONARD SPRINGS RD,W TAPP RD,,,,39.13704,-86.582512,LOCAL/CITY RD,Y,URBAN,N,N,N,,DARK (NOT LIGHTED),SNOW,WET,,T-INTERSECTION,STRAIGHT/GRADE,ASPHALT,FOLLOWING TOO CLOSELY,REAR END,LEONARDSPRINGSRDTAPPRD,NONE,2021-01-15 19:39:00,,,
3000,ELLETTSVILLE PD,ELLETTSVILLE,1,0.0,0.0,0,0,,,,N THOMAS RD,W VERNAL PK,,,,39.18904,-86.630096,COUNTY RD,N,RURAL,N,N,N,,DARK (NOT LIGHTED),SNOW,WET,,FOUR-WAY INTERSECTION,STRAIGHT/LEVEL,ASPHALT,OTHER (VEHICLE) - EXPLAIN IN NARRATIVE,OTHER - EXPLAIN IN NARRATIVE,NORTHTHOMASRDWESTVERNALPKRD,STOP SIGN,2021-01-15 20:09:00,,,
3001,BLOOMINGTON PD,BLOOMINGTON,2,0.0,0.0,0,0,,,,N WALNUT ST,E 8TH ST,,,,39.169552,-86.533552,LOCAL/CITY RD,N,URBAN,N,N,N,,DARK (LIGHTED),SNOW,WET,,FOUR-WAY INTERSECTION,STRAIGHT/LEVEL,ASPHALT,FOLLOWING TOO CLOSELY,REAR END,E8THSTNWALNUTST,NONE,2021-01-15 20:39:00,,,
3002,BLOOMINGTON PD,BLOOMINGTON,2,0.0,1.0,0,0,,,,S WASHINGTON ST,E 4TH ST,,,,39.165587,-86.532348,LOCAL/CITY RD,N,URBAN,N,N,N,,DARK (LIGHTED),SNOW,WET,,NO JUNCTION INVOLVED,STRAIGHT/GRADE,ASPHALT,FOLLOWING TOO CLOSELY,REAR END,FOURTHSTWASHINGTONST,STOP SIGN,2021-01-15 21:58:00,,,
3003,BLOOMINGTON PD,BLOOMINGTON,2,0.0,2.0,0,0,,,,ST RD 46,S PETE LLIS DR,,,,39.16424,-86.495088,LOCAL/CITY RD,N,URBAN,N,N,N,,DAWN/DUSK,CLEAR,DRY,,NO JUNCTION INVOLVED,STRAIGHT/LEVEL,ASPHALT,FAILURE TO YIELD RIGHT OF WAY,LEFT TURN,E 3RDSTSPETEELLISDR,TRAFFIC CONTROL SIGNAL,2021-01-14 17:35:00,,,
3004,MONROE SD,BLOOMINGTON,1,0.0,0.0,0,0,6650,,,ST RD 45,,,100.0,W,0.0,0.0,ST RD,N,RURAL,N,N,N,,DARK (NOT LIGHTED),CLEAR,DRY,,NO JUNCTION INVOLVED,STRAIGHT/LEVEL,ASPHALT,RAN OFF RD RIGHT,RAN OFF RD,DUNLAPRDST RD 45 W,NONE,2021-01-14 19:25:00,,,
3005,ISP BLOOMINGTON 33,BLOOMINGTON,1,,1.0,0,0,,,,ST RD 45,W AIRPORT RD,,0.0,S,39.136402,-86.594412,ST RD,,RURAL,N,N,N,,DARK (LIGHTED),CLEAR,LOOSE MATERIAL ON RD,,T-INTERSECTION,,ASPHALT,HOLES/RUTS IN SURFACE,OTHER - EXPLAIN IN NARRATIVE,WStateRd45 WAirportRd,,2021-01-13 00:44:00,,,
3006,ISP BLOOMINGTON 33,BLOOMINGTON,2,,0.0,0,0,,,,ST RD 37,S WALNUT ST,,0.0,S,39.085479,-86.542562,ST RD,,URBAN,N,N,N,,DARK (NOT LIGHTED),CLEAR,DRY,,FOUR-WAY INTERSECTION,,ASPHALT,UNSAFE LN MOVEMENT,REAR END,StateRoad37SOldStateRoad37,,2021-01-13 06:50:00,,,
3007,ISP BLOOMINGTON 33,BLOOMINGTON,2,,0.0,0,0,,,,S WALNUT ST,W DILLMAN RD,,0.0,S,39.092981,-86.544167,COUNTY RD,,RURAL,N,N,N,,DAYLIGHT,CLEAR,DRY,,FOUR-WAY INTERSECTION,,ASPHALT,FAILURE TO YIELD RIGHT OF WAY,RIGHT ANGLE,OldStateRoad37EDillmanRd,,2021-01-13 10:25:00,,,
3008,BLOOMINGTON PD,BLOOMINGTON,2,0.0,0.0,0,0,,,,E UNIVERSITY ST,S PARK AVE,,,,39.160304,-86.52392,LOCAL/CITY RD,N,URBAN,N,N,N,,DAYLIGHT,CLEAR,DRY,,FOUR-WAY INTERSECTION,STRAIGHT/GRADE,ASPHALT,FAILURE TO YIELD RIGHT OF WAY,RIGHT ANGLE,PARKAVEUNIVERSITYST,STOP SIGN,2021-01-13 11:30:00,,,
3009,INDIANA UNIV BLOOMINGTON PD,BLOOMINGTON,2,0.0,1.0,0,0,,,,ST RD 45/46,E 10TH ST,,,,0.0,0.0,ST RD,Y,URBAN,N,N,N,,DARK (LIGHTED),CLEAR,DRY,,FOUR-WAY INTERSECTION,STRAIGHT/LEVEL,ASPHALT,,REAR END,ST RD 46UNIONVILLERD,TRAFFIC CONTROL SIGNAL,2021-01-13 20:20:00,,,
3010,INDIANA UNIV BLOOMINGTON PD,BLOOMINGTON,1,0.0,0.0,0,0,,,,E 10TH ST,N JEFFERSON ST,,100.0,E,39.17164801,-86.50673515,LOCAL/CITY RD,N,URBAN,N,N,N,,DARK (LIGHTED),CLEAR,DRY,,NO JUNCTION INVOLVED,CURVE/LEVEL,ASPHALT,OTHER (DRIVER) - EXPLAIN IN NARRATIVE,COLLISION WITH OBJECT IN RD,10THSTJEFFERSONAVE,NONE,2021-01-12 04:07:00,,,
3011,BLOOMINGTON PD,BLOOMINGTON,2,0.0,0.0,0,0,,,,S LANDMARK AVE,W 3RD ST,,100.0,S,39.15384161,-86.556302,LOCAL/CITY RD,Y,URBAN,N,N,N,,DAWN/DUSK,CLEAR,DRY,,NO JUNCTION INVOLVED,STRAIGHT/GRADE,ASPHALT,FOLLOWING TOO CLOSELY,REAR END,3RDSTLANDMARKAVE,NONE,2021-01-12 06:15:00,,,
3012,BLOOMINGTON PD,BLOOMINGTON,2,0.0,3.0,0,0,,,,E HILLSIDE DR,S HENDERSON ST,,,,39.15054,-86.526935,LOCAL/CITY RD,N,URBAN,Y,N,N,,DAYLIGHT,CLEAR,DRY,,NO JUNCTION INVOLVED,STRAIGHT/LEVEL,ASPHALT,DISREGARD SIGNAL/REG SIGN,RIGHT ANGLE,EHILLSIDEDRSHENDERSONST,TRAFFIC CONTROL SIGNAL,2021-01-12 11:12:00,,,
3013,INDIANA UNIV BLOOMINGTON PD,BLOOMINGTON,1,0.0,0.0,0,0,101,,,MUSICAL ARTS CENTER CIRCLE,,,,,39.167455,-86.516706,UNKNOWN,N,URBAN,N,N,N,,DAYLIGHT,CLEAR,DRY,,NO JUNCTION INVOLVED,STRAIGHT/LEVEL,OTHER - EXPLAIN IN NARRATIVE,UNSAFE BACKING,OTHER - EXPLAIN IN NARRATIVE,NEAGLESON AVEAVE,NONE,2021-01-12 13:12:00,,,
3014,ELLETTSVILLE PD,ELLETTSVILLE,2,0.0,0.0,0,0,,,,N LOUDEN RD,W REEVES RD,,,,39.231344,-86.640096,COUNTY RD,N,URBAN,Y,N,N,,DAYLIGHT,CLEAR,DRY,,FOUR-WAY INTERSECTION,STRAIGHT/GRADE,ASPHALT,DRIVER DISTRACTED - EXPLAIN IN NARRATIVE,OTHER - EXPLAIN IN NARRATIVE,LOUDENRDWESTEVESRD,STOP SIGN,2021-01-12 14:40:00,,,
3015,BLOOMINGTON PD,BLOOMINGTON,2,0.0,0.0,0,0,,,,W COUNTRY CLUB DR,S BANTA AVE,,100.0,E,39.136304,-86.544592,LOCAL/CITY RD,Y,URBAN,N,N,N,,DAYLIGHT,CLEAR,DRY,,NO JUNCTION INVOLVED,STRAIGHT/GRADE,ASPHALT,FOLLOWING TOO CLOSELY,REAR END,SBANTAAVEWCOUNTRYCLUBDR,NONE,2021-01-12 16:20:00,,,
3016,INDIANA UNIV BLOOMINGTON PD,BLOOMINGTON,1,0.0,0.0,0,1,,,,ST RD 45/46,N HEADLEY RD,,,,0.0,0.0,ST RD,N,URBAN,N,N,N,,DARK (LIGHTED),CLEAR,DRY,,NO JUNCTION INVOLVED,CURVE/LEVEL,ASPHALT,ANIMAL/OBJECT IN RDWAY,COLLISION WITH ANIMAL OTHER,EBALFOURSTST RD 46,NONE,2021-01-12 22:30:00,,,
3017,MONROE SD,BLOOMINGTON,1,0.0,0.0,0,1,,,,N TUNNEL RD,,,900.0,S,0.0,0.0,LOCAL/CITY RD,N,RURAL,N,N,N,,DAYLIGHT,CLEAR,DRY,,NO JUNCTION INVOLVED,STRAIGHT/LEVEL,ASPHALT,ANIMAL/OBJECT IN RDWAY,COLLISION WITH DEER,ESOUTHSHOREDRNTUNNELRD,NONE,2021-01-10 09:08:00,,,
3018,BLOOMINGTON PD,BLOOMINGTON,2,0.0,0.0,0,0,938,,,N JACKSON ST,,,100.0,S,39.17664,-86.539712,LOCAL/CITY RD,Y,URBAN,N,N,N,,DAYLIGHT,CLOUDY,DRY,,NO JUNCTION INVOLVED,STRAIGHT/GRADE,ASPHALT,UNSAFE LN MOVEMENT,OPPOSITE DIRECTION SIDESWIPE,E15THSTNJACKSONST,NONE,2021-01-10 12:40:00,,,
3019,BLOOMINGTON PD,BLOOMINGTON,2,0.0,0.0,0,0,,,,S ROMANS WAY,,,300.0,N,0.0,0.0,LOCAL/CITY RD,Y,URBAN,N,N,N,,DARK (NOT LIGHTED),CLEAR,DRY,,NO JUNCTION INVOLVED,STRAIGHT/LEVEL,ASPHALT,OVERCORRECTING/OVERSTEERING,SAME DIRECTION SIDESWIPE,EBRIGHTENDRSROMANSWAY,NONE,2021-01-10 17:24:00,,,
3020,MONROE SD,BLOOMINGTON,1,0.0,0.0,0,1,,,,ST RD 45,W AIRPORT RD,,500.0,W,39.13593504,-86.59510928,ST RD,N,RURAL,N,N,N,,DARK (NOT LIGHTED),CLEAR,DRY,,NO JUNCTION INVOLVED,STRAIGHT/LEVEL,ASPHALT,ANIMAL/OBJECT IN RDWAY,COLLISION WITH DEER,AIRPORTRDST RD 45 W,NONE,2021-01-10 18:01:00,,,
3021,BLOOMINGTON PD,BLOOMINGTON,2,0.0,0.0,0,0,,,,S COLLEGE MALL RD,E MOORES PK,,,,39.150448,-86.498,LOCAL/CITY RD,N,URBAN,N,N,N,,DAYLIGHT,CLOUDY,DRY,,FOUR-WAY INTERSECTION,STRAIGHT/GRADE,ASPHALT,FAILURE TO YIELD RIGHT OF WAY,SAME DIRECTION SIDESWIPE,COLLEGEMALLRDMOORESPK,TRAFFIC CONTROL SIGNAL,2021-01-09 10:25:00,,,
3022,MONROE SD,BLOOMINGTON,2,0.0,0.0,0,0,,,,S WALNUT ST,W CHURCH LN,,,,39.10722,-86.531496,COUNTY RD,N,RURAL,N,N,N,,DAYLIGHT,CLEAR,DRY,,NO JUNCTION INVOLVED,STRAIGHT/LEVEL,ASPHALT,OTHER (DRIVER) - EXPLAIN IN NARRATIVE,REAR END,SOLDSTATE37RDWCHURCHLN,TRAFFIC CONTROL SIGNAL,2021-01-09 13:53:00,,,
3023,INDIANA UNIV BLOOMINGTON PD,BLOOMINGTON,2,0.0,0.0,0,0,,,,E 3RD ST,S SWAIN AVE,,,,39.164261,-86.515275,LOCAL/CITY RD,N,URBAN,N,N,N,,DAWN/DUSK,CLEAR,DRY,,T-INTERSECTION,STRAIGHT/LEVEL,ASPHALT,UNSAFE LN MOVEMENT,SAME DIRECTION SIDESWIPE,SWAINAVE 3RDST,LN CONTROL,2021-01-09 17:36:00,,,
3024,BLOOMINGTON PD,BLOOMINGTON,1,0.0,1.0,0,0,,,,S HENDERSON ST,S WALNUT ST PK,,120.0,N,39.14626768,-86.5268508,LOCAL/CITY RD,N,URBAN,N,N,N,,DARK (NOT LIGHTED),CLEAR,DRY,,NO JUNCTION INVOLVED,STRAIGHT/GRADE,ASPHALT,RAN OFF RD RIGHT,RAN OFF RD,SHENDERSONSTSWALNUTSTPK,NONE,2021-01-09 18:12:00,,,
3025,MONROE SD,BLOOMINGTON,1,0.0,0.0,0,0,,,,N THOMAS RD,W RATLIFF RD (S),,,,39.215229,-86.630399,COUNTY RD,N,RURAL,N,N,N,,DARK (NOT LIGHTED),CLEAR,DRY,,T-INTERSECTION,STRAIGHT/GRADE,ASPHALT,RAN OFF RD RIGHT,RAN OFF RD,RATLIFFRDTHOMASRD,NONE,2021-01-08 02:27:00,,,
3026,BLOOMINGTON PD,BLOOMINGTON,2,0.0,1.0,0,0,,,,S SARE RD,E CANADA DR,,,,39.126556,-86.504267,LOCAL/CITY RD,N,URBAN,N,N,N,,DAYLIGHT,CLOUDY,DRY,,FOUR-WAY INTERSECTION,STRAIGHT/LEVEL,ASPHALT,DISREGARD SIGNAL/REG SIGN,RIGHT ANGLE,ECANADADRSSARERD,STOP SIGN,2021-01-08 09:42:00,,,
3027,BLOOMINGTON PD,BLOOMINGTON,2,0.0,0.0,0,0,3477,,,S LIBERTY DR,ENTRANCE TO WHITEHALL PLAZA (N),,,,39.162465,-86.578082,UNKNOWN,N,URBAN,N,N,N,,DAYLIGHT,CLOUDY,DRY,,FOUR-WAY INTERSECTION,STRAIGHT/GRADE,ASPHALT,UNSAFE BACKING,BACKING CRASH,W 3RDST,NONE,2021-01-08 11:01:00,,,
3028,BLOOMINGTON PD,BLOOMINGTON,2,0.0,0.0,0,0,,,,E 1ST,S FESS AVE,,,,39.159279,-86.525968,LOCAL/CITY RD,N,URBAN,N,N,N,,DAYLIGHT,CLOUDY,DRY,,FOUR-WAY INTERSECTION,STRAIGHT/LEVEL,ASPHALT,FAILURE TO YIELD RIGHT OF WAY,RIGHT ANGLE,E1STSTSFESSAVE,STOP SIGN,2021-01-08 16:09:00,,,
3029,INDIANA UNIV BLOOMINGTON PD,BLOOMINGTON,1,0.0,0.0,0,0,355,,,N EAGLESON AVE,ENTRANCE TO WELLS LIBRARY,,,,39.169981,-86.517332,UNKNOWN,N,URBAN,N,N,Y,LN CLOSURE,DAWN/DUSK,CLEAR,DRY,,T-INTERSECTION,STRAIGHT/LEVEL,ASPHALT,IMPROPER LN USAGE,COLLISION WITH OBJECT IN RD,NEAGLESON AVEAVE,NONE,2021-01-07 08:10:00,,,
3030,BLOOMINGTON PD,BLOOMINGTON,2,0.0,3.0,0,0,,,,S LIBERTY DR,,,879.0,N,0.0,0.0,LOCAL/CITY RD,N,URBAN,N,N,N,,DAYLIGHT,CLOUDY,DRY,,T-INTERSECTION,CURVE/LEVEL,ASPHALT,FAILURE TO YIELD RIGHT OF WAY,RIGHT ANGLE,SOUTHLIBERTYDRWESTBLOOMFIELDRD,LN CONTROL,2021-01-07 16:35:00,,,
3031,BLOOMINGTON PD,BLOOMINGTON,2,0.0,0.0,0,0,,,,W ACUFF RD,N KINSER PK,,,,0.0,0.0,LOCAL/CITY RD,N,URBAN,N,N,N,,DAYLIGHT,CLOUDY,DRY,,FOUR-WAY INTERSECTION,STRAIGHT/GRADE,ASPHALT,FAILURE TO YIELD RIGHT OF WAY,OPPOSITE DIRECTION SIDESWIPE,ACUFFRDKINSERPK,STOP SIGN,2021-01-06 00:31:00,,,
3032,BLOOMINGTON PD,BLOOMINGTON,1,0.0,0.0,0,0,,,,S ROGERS ST,W HILLSIDE DR,,100.0,S,39.14001934,-86.538796,LOCAL/CITY RD,N,URBAN,N,N,N,,DARK (NOT LIGHTED),CLEAR,DRY,,NO JUNCTION INVOLVED,STRAIGHT/LEVEL,ASPHALT,RAN OFF RD RIGHT,COLLISION WITH OBJECT IN RD,SROGERSSTWHILLSIDEDR,NONE,2021-01-06 05:04:00,,,
3033,BLOOMINGTON PD,BLOOMINGTON,1,0.0,1.0,0,0,,,,S COLLEGE AVE,W KIRKWOOD AVE,,,,39.16664,-86.5348,LOCAL/CITY RD,N,URBAN,N,N,N,,DAYLIGHT,CLEAR,DRY,,FOUR-WAY INTERSECTION,STRAIGHT/GRADE,ASPHALT,FAILURE TO YIELD RIGHT OF WAY,LEFT TURN,EKIRKWOODAVESCOLLEGEAVE,TRAFFIC CONTROL SIGNAL,2021-01-05 15:05:00,,,True
3034,MONROE SD,BLOOMINGTON,1,0.0,0.0,0,1,,,,ST RD 46,S LORI LN,,100.0,W,39.16637966,-86.46634172,ST RD,N,RURAL,N,N,N,,DAYLIGHT,CLEAR,DRY,,T-INTERSECTION,STRAIGHT/LEVEL,ASPHALT,ANIMAL/OBJECT IN RDWAY,COLLISION WITH DEER,SLORILNST RD 46E,NONE,2021-01-05 16:54:00,,,
3035,MONROE SD,BLOOMINGTON,1,0.0,0.0,0,1,,,,ST RD 37,,,800.0,N,39.12646802,-86.541172,ST RD,N,RURAL,N,N,N,,DARK (NOT LIGHTED),CLEAR,DRY,,T-INTERSECTION,STRAIGHT/LEVEL,ASPHALT,ANIMAL/OBJECT IN RDWAY,COLLISION WITH DEER,CEDARBLUFFRDS ST RD 37,NONE,2021-01-05 23:26:00,,,
3036,ISP BLOOMINGTON 33,BLOOMINGTON,1,,0.0,0,1,,,,E MONROE DAM RD,,,1003.0,E,39.01937627,-86.53423121,LOCAL/CITY RD,,RURAL,N,N,N,,DARK (NOT LIGHTED),CLEAR,DRY,,NO JUNCTION INVOLVED,,ASPHALT,ANIMAL/OBJECT IN RDWAY,COLLISION WITH DEER,StateRd37EMonroeDamRd,,2021-01-04 07:00:00,,,
3037,ELLETTSVILLE PD,ELLETTSVILLE,1,0.0,0.0,0,1,,,,N UNION VALLEY RD,W DAVID ALAN CT,,,,39.2277298,-86.5926673,COUNTY RD,N,RURAL,N,N,N,,DAWN/DUSK,CLEAR,DRY,,NO JUNCTION INVOLVED,CURVE/HILLCREST,ASPHALT,ANIMAL/OBJECT IN RDWAY,COLLISION WITH DEER,DAVIDALANCTUNIONVALLEYRD,LN CONTROL,2021-01-04 07:50:00,,,
3038,BLOOMINGTON PD,BLOOMINGTON,2,0.0,2.0,0,0,,,,ST RD 48,S GATES DR,,,,39.16466,-86.576125,LOCAL/CITY RD,N,URBAN,N,N,N,,DAYLIGHT,CLEAR,DRY,,FOUR-WAY INTERSECTION,STRAIGHT/LEVEL,ASPHALT,DISREGARD SIGNAL/REG SIGN,RIGHT ANGLE,SGATESDRW 3RDST,TRAFFIC CONTROL SIGNAL,2021-01-04 09:43:00,,,
3039,BLOOMINGTON PD,BLOOMINGTON,2,0.0,0.0,0,0,,,,W 2ND ST,S MAPLE ST,,,,39.161409,-86.54224,LOCAL/CITY RD,N,URBAN,N,N,N,,DAYLIGHT,CLEAR,DRY,,FOUR-WAY INTERSECTION,STRAIGHT/GRADE,ASPHALT,FOLLOWING TOO CLOSELY,REAR END,SMAPLESTW 2NDST,LN CONTROL,2021-01-04 09:57:00,,,
3040,BLOOMINGTON PD,BLOOMINGTON,2,0.0,0.0,0,0,,,,ST RD 48,S CURRY PK,,,,39.16465,-86.582939,LOCAL/CITY RD,N,URBAN,N,N,N,,DAYLIGHT,CLEAR,DRY,,FOUR-WAY INTERSECTION,STRAIGHT/LEVEL,ASPHALT,FAILURE TO YIELD RIGHT OF WAY,LEFT TURN,SCURRYPKW 3RDST,TRAFFIC CONTROL SIGNAL,2021-01-04 15:49:00,,,
3041,BLOOMINGTON PD,BLOOMINGTON,2,0.0,1.0,0,0,,,,ST RD 45,N PETE LLIS DR,,,,39.171474,-86.495398,LOCAL/CITY RD,N,URBAN,N,N,N,,DARK (NOT LIGHTED),CLEAR,DRY,,FOUR-WAY INTERSECTION,STRAIGHT/GRADE,ASPHALT,FOLLOWING TOO CLOSELY,REAR END,E1OTHSTNPETEELLISDR,NONE,2021-01-04 18:09:00,,,
3042,MONROE SD,ELLETTSVILLE,1,0.0,1.0,0,0,,,,N MAPLE GROVE RD,W LOST MANS LN,,,,39.222909,-86.569675,LOCAL/CITY RD,Y,RURAL,N,N,N,,DARK (NOT LIGHTED),CLEAR,LOOSE MATERIAL ON RD,,Y-INTERSECTION,CURVE/GRADE,ASPHALT,RAN OFF RD RIGHT,RAN OFF RD,NORTHMAPLEGROVERDWESTLOSTMANSLN,NONE,2021-01-03 00:35:00,,,
3043,BLOOMINGTON PD,BLOOMINGTON,2,0.0,0.0,0,0,,,,N WALNUT ST,W ST RD 37,,200.0,S,39.16222797,-86.534173,LOCAL/CITY RD,Y,URBAN,N,N,N,,DAYLIGHT,CLOUDY,DRY,,NO JUNCTION INVOLVED,STRAIGHT/GRADE,ASPHALT,IMPROPER LN USAGE,OPPOSITE DIRECTION SIDESWIPE,NOLDSTRD37RDNWALNUTST,LN CONTROL,2021-01-03 12:40:00,,,
3044,BLOOMINGTON PD,BLOOMINGTON,2,0.0,1.0,0,0,,,,W 11TH ST,N ROGERS ST,,,,39.173258,-86.538579,LOCAL/CITY RD,N,URBAN,N,N,N,,DAYLIGHT,CLOUDY,DRY,,FOUR-WAY INTERSECTION,STRAIGHT/HILLCREST,ASPHALT,DISREGARD SIGNAL/REG SIGN,OTHER - EXPLAIN IN NARRATIVE,NRODGERSSTW11THST,STOP SIGN,2021-01-03 15:57:00,,,
3045,ELLETTSVILLE PD,ELLETTSVILLE,1,0.0,0.0,0,1,,,,ST RD 46,W CHARLESTOWNE WAY,,25.0,W,0.0,0.0,ST RD,N,URBAN,N,N,N,,DARK (NOT LIGHTED),CLEAR,DRY,,NO JUNCTION INVOLVED,STRAIGHT/LEVEL,ASPHALT,ANIMAL/OBJECT IN RDWAY,COLLISION WITH DEER,ST RD 46 WTRIPLECROWNCT,NONE,2021-01-03 20:00:00,,,
3046,BLOOMINGTON PD,BLOOMINGTON,4,0.0,0.0,0,0,,,,W 3RD ST,S COLLEGE AVE,,,,39.16464,-86.534816,LOCAL/CITY RD,N,URBAN,N,N,N,,DAYLIGHT,CLOUDY,DRY,,FOUR-WAY INTERSECTION,STRAIGHT/GRADE,CONCRETE,DISREGARD SIGNAL/REG SIGN,RIGHT ANGLE,SCOLLEGEAVEW 3RDST,TRAFFIC CONTROL SIGNAL,2021-01-02 13:46:00,,,
3047,BLOOMINGTON PD,BLOOMINGTON,2,0.0,1.0,0,0,,,,E 3RD ST,S LINCOLN ST,,,,39.16464,-86.531024,LOCAL/CITY RD,N,URBAN,N,N,N,,DAYLIGHT,CLEAR,DRY,,FOUR-WAY INTERSECTION,STRAIGHT/LEVEL,CONCRETE,DISREGARD SIGNAL/REG SIGN,OPPOSITE DIRECTION SIDESWIPE,E 3RDSTSLINCOLNST,NONE,2021-01-02 14:00:00,,,
3048,MONROE SD,BLOOMINGTON,2,0.0,0.0,0,0,,I-69,S,ST RD 45/46,I-69 S,,,,0.0,0.0,ST RD,N,RURAL,N,Y,N,,DAYLIGHT,CLOUDY,DRY,,T-INTERSECTION,CURVE/GRADE,CONCRETE,UNSAFE LN MOVEMENT,SAME DIRECTION SIDESWIPE,ST RD 46 W,NONE,2021-01-02 14:45:00,,,
3049,MONROE SD,BLOOMINGTON,1,0.0,0.0,0,1,,,,N MAPLE GROVE RD,W ARLINGTON RD,,,,39.1998715,-86.5597904,COUNTY RD,N,RURAL,N,N,N,,DARK (NOT LIGHTED),CLEAR,DRY,,T-INTERSECTION,STRAIGHT/GRADE,ASPHALT,ANIMAL/OBJECT IN RDWAY,COLLISION WITH DEER,MAPLEGROVERDWARLINGTONRD,NONE,2021-01-02 20:52:00,,,
3050,MONROE SD,BLOOMINGTON,2,0.0,0.0,0,0,4111,,,W VERNAL PK,,,,,39.1775,-86.580155,LOCAL/CITY RD,Y,RURAL,N,N,N,,DARK (NOT LIGHTED),CLOUDY,WET,,NO JUNCTION INVOLVED,STRAIGHT/GRADE,ASPHALT,RAN OFF RD RIGHT,RAN OFF RD,WESTVERNALPK,NONE,2021-01-01 00:23:00,,,
3051,MONROE SD,BLOOMINGTON,1,0.0,0.0,0,0,5598,,,W WAMPLER RD,,,,,39.335152,-86.607008,UNKNOWN,Y,RURAL,N,N,N,,DARK (NOT LIGHTED),CLEAR,WET,,NO JUNCTION INVOLVED,STRAIGHT/LEVEL,ASPHALT,RAN OFF RD RIGHT,RAN OFF RD,WWAMPLERRD,NONE,2021-01-01 00:43:00,,,
3052,MONROE SD,BLOOMINGTON,1,0.0,0.0,0,0,,,,ST RD 37,,,900.0,N,39.09543873,-86.54592163,ST RD,N,RURAL,N,N,N,,DARK (NOT LIGHTED),RAIN,ICE,,NO JUNCTION INVOLVED,STRAIGHT/GRADE,ASPHALT,RAN OFF RD RIGHT,RAN OFF RD,S ST RD 37WDILLMANRD,LN CONTROL,2021-01-01 07:41:00,,,
3053,ISP BLOOMINGTON 33,BLOOMINGTON,1,,0.0,0,0,,,,I-69 S,S BREEDEN RD,,528.0,W,39.06858576,-86.67393351,INTERSTATE,,RURAL,N,N,N,,DAWN/DUSK,SLEET/HAIL/FREEZING RAIN,ICE,,NO JUNCTION INVOLVED,,CONCRETE,,RAN OFF RD,I-69I-69,,2021-01-01 07:59:00,,,
3054,ISP BLOOMINGTON 33,BLOOMINGTON,1,,0.0,0,0,,,,I-69 N,,,0.0,S,39.06007975,-86.68193526,INTERSTATE,,RURAL,N,Y,N,,DAYLIGHT,SLEET/HAIL/FREEZING RAIN,WET,,NO JUNCTION INVOLVED,,ASPHALT,TIRE FAILURE OR DEFECTIVE,,I-69105.5,,2021-01-01 09:40:00,,,
3055,BLOOMINGTON PD,BLOOMINGTON,1,0.0,1.0,0,0,,,,I-69 N,,,100.0,S,0.0,0.0,INTERSTATE,N,URBAN,N,N,N,,DAWN/DUSK,SLEET/HAIL/FREEZING RAIN,WET,,NO JUNCTION INVOLVED,STRAIGHT/LEVEL,ASPHALT,OVERCORRECTING/OVERSTEERING,RAN OFF RD,I-69 N119.0,NONE,2021-01-01 09:55:00,,,
3056,ISP BLOOMINGTON 33,BLOOMINGTON,1,,0.0,0,0,,,,I-69 N,,,264.0,S,39.26265614,-86.52287334,INTERSTATE,,URBAN,N,N,N,,DAYLIGHT,RAIN,WET,,NO JUNCTION INVOLVED,,ASPHALT,,,NWayportRdI-69,,2021-01-01 10:35:00,,,
3057,ELLETTSVILLE PD,ELLETTSVILLE,1,0.0,0.0,0,0,905,,,ST RD 46,N ALLEN ST,,,,39.23675984,-86.62690841,LOCAL/CITY RD,Y,URBAN,N,N,N,,DARK (LIGHTED),CLEAR,WET,,NO JUNCTION INVOLVED,CURVE/LEVEL,ASPHALT,UNSAFE SPEED,OTHER - EXPLAIN IN NARRATIVE,W MAINST,LN CONTROL,2021-01-01 23:21:00,,,